time,x,y,heading_error,omega,linear_x
0.0996401309967041,8.434150834410344e-09,2.539591805577741e-19,-6.019627407286871e-11,-3.0098137036434355e-11,1.4999999999759215
0.1997208595275879,0.000496008432652126,2.9828510477807037e-14,-5.988388307785472e-11,-2.994194153892736e-11,1.4999999999760465
0.29976773262023926,0.0013260084274172965,8.047595791246621e-14,-6.139425411716615e-11,-3.0697127058583074e-11,1.4999999999754423
0.399669885635376,0.002556008424937739,1.5613691851879685e-13,-6.1847726775167e-11,-3.09238633875835e-11,1.499999999975261
0.500220775604248,0.008646008417499101,5.355901580035197e-13,-6.335151571739539e-11,-3.1675757858697694e-11,1.4999999999746594
0.6009223461151123,0.011476008415019546,7.138815033469342e-13,-6.389963156166037e-11,-3.1949815780830187e-11,1.4999999999744402
0.6996829509735107,0.018336008407053805,1.1497163811946078e-12,-6.631480872466555e-11,-3.315740436233277e-11,1.499999999973474
0.7998173236846924,0.02679600840209468,1.7037093876615596e-12,-6.755170259944785e-11,-3.3775851299723927e-11,1.4999999999729794
0.8997471332550049,0.03162600839961513,2.0223292564050383e-12,-6.821448781718742e-11,-3.410724390859371e-11,1.4999999999727143
0.999640703201294,0.03685600839713557,2.3689877371035308e-12,-6.88946413914522e-11,-3.44473206957261e-11,1.499999999972442
1.0997211933135986,0.05494600838705062,3.589434898802006e-12,-7.226049382492591e-11,-3.6130246912462955e-11,1.4999999999710958
1.199697494506836,0.06177600838457109,4.05804985154118e-12,-7.307428393204753e-11,-3.6537141966023765e-11,1.4999999999707703
1.2996697425842285,0.06900600838209153,4.5560565771586634e-12,-7.390315838396534e-11,-3.695157919198267e-11,1.4999999999704388
1.399540662765503,0.09309600837252494,6.243083121410033e-12,-7.755356377623275e-11,-3.8776781888116375e-11,1.4999999999689786
1.5050876140594482,0.10192600836872501,6.8711137154278905e-12,-7.910056517371585e-11,-3.9550282586857926e-11,1.4999999999683598
1.6001904010772705,0.11115600836517803,7.53332732505504e-12,-8.058218246472557e-11,-4.029109123236278e-11,1.4999999999677671
1.6996920108795166,0.1308160083593295,8.958459016909646e-12,-8.316290812329212e-11,-4.158145406164606e-11,1.4999999999667348
1.8003356456756592,0.15207600835348095,1.0515148043110581e-11,-8.596725179153095e-11,-4.2983625895765474e-11,1.499999999965613
1.8998329639434814,0.1633060083505566,1.134310832463357e-11,-8.744259293300266e-11,-4.372129646650133e-11,1.4999999999650229
1.9994616508483887,0.19939600834178384,1.4026463145298295e-11,-9.231871017790007e-11,-4.6159355088950035e-11,1.4999999999630724
2.1009936332702637,0.21222600833885963,1.4987830660346283e-11,-9.408348926426484e-11,-4.704174463213242e-11,1.4999999999623665
2.1997671127319336,0.22545600833593532,1.59824303265033e-11,-9.592989962211043e-11,-4.7964949811055213e-11,1.499999999961628
2.2995858192443848,0.26754600832716247,1.9165999270766288e-11,-1.0212755461097548e-10,-5.106377730548774e-11,1.499999999959149
2.399881362915039,0.28237600832423826,2.0293895702436278e-11,-1.0441466962281793e-10,-5.2207334811408966e-11,1.499999999958234
2.499826669692993,0.297606008321314,2.1454479951135264e-11,-1.0681518184566774e-10,-5.340759092283387e-11,1.499999999957274
2.5998361110687256,0.3456960083125413,2.5130910094353265e-11,-1.1502116016610043e-10,-5.7510580083050215e-11,1.4999999999539915
2.7009942531585693,0.362526008309617,2.6420976084195734e-11,-1.1811925107582733e-10,-5.905962553791366e-11,1.4999999999527522
2.799769639968872,0.37975600830669254,2.7742044812065176e-11,-1.2139839588159902e-10,-6.069919794079951e-11,1.4999999999514406
2.8997280597686768,0.4338460082979195,3.188775743962402e-11,-1.329201549888664e-10,-6.64600774944332e-11,1.4999999999468319
2.9996423721313477,0.45267600829499527,3.3329452910506235e-11,-1.3739758603485933e-10,-6.869879301742967e-11,1.499999999945041
3.099968910217285,0.49153600828914656,3.629473230338378e-11,-1.474929104043135e-10,-7.374645520215674e-11,1.4999999999410027
3.201021432876587,0.531996008283298,3.9364064560537734e-11,-1.596838384640213e-10,-7.984191923201065e-11,1.4999999999361264
3.299895763397217,0.5528260082803736,4.093476698056626e-11,-1.6674993426697988e-10,-8.337496713348994e-11,1.4999999999333
3.399876356124878,0.5956860082745243,4.413724515710506e-11,-1.8339829116130408e-10,-9.169914558065204e-11,1.4999999999266407
3.499760389328003,0.6401460082686751,4.741176995551333e-11,-2.0476330684868432e-10,-1.0238165342434216e-10,1.4999999999180946
3.6009535789489746,0.6629760082657504,4.907020607487309e-11,-2.1782455836850383e-10,-1.0891227918425191e-10,1.4999999999128701
3.699646234512329,0.6862060082628261,5.073650049554697e-11,-2.3291873618155803e-10,-1.1645936809077902e-10,1.4999999999068325
3.799703359603882,0.7338660082569761,5.4079690096431434e-11,-2.722269629208866e-10,-1.361134814604433e-10,1.4999999998911093
3.899782180786133,0.7831260082511262,5.741785345793691e-11,-3.3108815928843945e-10,-1.6554407964421973e-10,1.4999999998675648
3.999757766723633,0.7831260082511262,5.741785345793691e-11,-3.3108815928843945e-10,-1.6554407964421973e-10,1.4999999998675648
4.201627016067505,0.9132760082365011,6.535206626574382e-11,-1.1583282533391722e-10,-5.791641266695861e-11,1.4999999999536668
4.2997190952301025,0.9132760082365011,6.535206626574382e-11,-1.1583282533391722e-10,-5.791641266695861e-11,1.4999999999536668
4.4006712436676025,0.9681360082306506,6.840280121330745e-11,-1.2191810986651007e-10,-6.095905493325503e-11,1.4999999999512328
4.499688386917114,1.0245960082248007,7.154286281283176e-11,-1.2892536478390162e-10,-6.446268239195081e-11,1.49999999994843
4.599801540374756,1.053426008221876,7.314457106651803e-11,-1.328026761074759e-10,-6.640133805373795e-11,1.499999999946879
4.700051784515381,1.1122860082160269,7.640556143710669e-11,-1.4132895378000808e-10,-7.066447689000404e-11,1.4999999999434683
4.800094842910767,1.1722500082129101,7.966476965270635e-11,-1.4924157947943722e-10,-7.462078973971861e-11,1.4999999999403033
4.899752140045166,1.2022500082117755,8.123341266141318e-11,-1.534020798538887e-10,-7.670103992694435e-11,1.499999999938639
4.9997687339782715,1.2622500082093477,8.423757752244937e-11,-1.6272285662071765e-10,-8.136142831035883e-11,1.499999999934911
5.100906848907471,1.3522500082054827,8.839046577627487e-11,-1.8015560126381495e-10,-9.007780063190748e-11,1.4999999999279379
5.199681043624878,1.3522500082054827,8.839046577627487e-11,-1.8015560126381495e-10,-9.007780063190748e-11,1.4999999999279379
5.299809694290161,1.4122500082026075,9.09040584783424e-11,-1.9474393780899043e-10,-9.737196890449521e-11,1.4999999999221025
5.399556875228882,1.5022500081987027,9.386268079172491e-11,-2.1791555594751992e-10,-1.0895777797375996e-10,1.4999999999128337
5.4996912479400635,1.5022500081987027,9.386268079172491e-11,-2.1791555594751992e-10,-1.0895777797375996e-10,1.4999999999128337
5.599673271179199,1.562250008195225,9.549248915890467e-11,-2.431181125749341e-10,-1.2155905628746704e-10,1.4999999999027527
5.699992895126343,1.6522500081895224,9.742561471161014e-11,-2.9802794834078764e-10,-1.4901397417039382e-10,1.499999999880789
5.800079822540283,1.6522500081895224,9.742561471161014e-11,-2.9802794834078764e-10,-1.4901397417039382e-10,1.499999999880789
5.899703502655029,1.7122500081847771,9.831996202554736e-11,-3.536007308581746e-10,-1.768003654290873e-10,1.4999999998585598
6.099655628204346,1.8022500081765325,9.893869473288423e-11,1.3755651694704927,0.6877825847352463,0.949773932211803
6.199762582778931,1.8477896776971414,0.00014047885985402883,1.4056966816873198,0.7028483408436599,0.9377213273250721
6.299687385559082,1.8854152215806377,0.001190736013501797,1.4145982643903405,0.7072991321951703,0.9341606942438637
6.399670600891113,1.9041434243450859,0.0021092160483667747,1.4189935302970473,0.7094967651485237,0.932402587881181
6.49985408782959,1.9413657074797734,0.0047265660896855,1.427558453471264,0.713779226735632,0.9289766186114944
6.599827289581299,1.9598844066220744,0.006425907595649867,1.43179589192024,0.71589794596012,0.927281643231904
6.699727296829224,1.996768468864858,0.010608994608633049,1.4402850626503572,0.7201425313251786,0.9238859749398571
6.7996485233306885,1.996768468864858,0.010608994608633049,1.4402850626503572,0.7201425313251786,0.9238859749398571
6.899642467498779,2.0333559128646606,0.015826267704950946,1.4486291096336124,0.7243145548168062,0.9205483561465551
6.999867916107178,2.0697087192096033,0.022083586183102594,1.4570231673175353,0.7285115836587677,0.9171907330729858
7.0996739864349365,2.0877674157635076,0.025597403321272964,1.4611881942718221,0.7305940971359111,0.9155247222912711
7.199807167053223,2.1235662025371,0.03337857496346763,1.4692960521449947,0.7346480260724974,0.9122815791420021
7.301010370254517,2.1413154874932703,0.037646489456451916,1.47327335326481,0.736636676632405,0.9106906586940761
7.399851560592651,2.1765605400914665,0.046947963234787914,1.481219329999952,0.740609664999976,0.9075122680000192
7.499657869338989,2.1765605400914665,0.046947963234787914,1.481219329999952,0.740609664999976,0.9075122680000192
7.599787712097168,2.2113722078385503,0.057243971284086474,1.488976902725326,0.744488451362663,0.9044092389098696
7.699557065963745,2.2457866794152643,0.06854206997315726,1.4966887857048243,0.7483443928524122,0.9013244857180702
7.799851894378662,2.2628187162652305,0.07455821065039481,1.5004829857729756,0.7502414928864878,0.8998068056908097
7.899784564971924,2.2964868923063073,0.08730831556937806,1.5078745512505902,0.7539372756252951,0.8968501794997639
8.00511360168457,2.313116481199868,0.09403831159459435,1.5114697996847188,0.7557348998423594,0.8954120801261124
8.09985876083374,2.3460218826425767,0.1082298569389154,1.5186336655212698,0.7593168327606349,0.8925465337914921
8.199849605560303,2.3460218826425767,0.1082298569389154,1.5186336655212698,0.7593168327606349,0.8925465337914921
8.299666404724121,2.362251073191769,0.11567064226933572,1.5221008587931544,0.7610504293965772,0.8911596564827382
8.399773597717285,2.394330982920986,0.1312727077177191,1.5290173246445615,0.7645086623222808,0.8883930701421754
8.499716758728027,2.4258351076436706,0.14779936597440915,1.5357800822882026,0.7678900411441013,0.8856879670847189
8.599648237228394,2.4413306063981213,0.15638752412318085,1.5390177814891552,0.7695088907445776,0.8843928874043379
8.699831485748291,2.4718829170139673,0.17425318640890738,1.5454406634237614,0.7727203317118807,0.8818237346304953
8.801520586013794,2.5017941756860393,0.1930035021043461,1.5516973170944754,0.7758486585472377,0.8793210731622098
8.899750471115112,2.5017941756860393,0.1930035021043461,1.5516973170944754,0.7758486585472377,0.8793210731622098
8.99974274635315,2.516476054357571,0.202688876749136,1.5546928118832306,0.7773464059416153,0.8781228752467077
9.099868535995483,2.5453542955226105,0.2227194298895354,1.5606296060826876,0.7803148030413438,0.8757481575669249
9.201032161712646,2.573522715771735,0.243584878373255,1.566374248471646,0.783187124235823,0.8734503006113415
9.300169229507446,2.573522715771735,0.243584878373255,1.566374248471646,0.783187124235823,0.8734503006113415
9.399765968322754,2.5873142001906873,0.2543103235533431,1.5691190880585304,0.7845595440292652,0.8723523647765878
9.499911069869995,2.614361529915646,0.2763839010624891,1.5745409102152657,0.7872704551076328,0.8701836359138937
9.599739074707031,2.6406392287978777,0.2992409323649118,1.5797641241732547,0.7898820620866274,0.868094350330698
9.699514389038086,2.6534672663465995,0.31094319086081357,1.5822546850028802,0.7911273425014401,0.8670981259988478
9.799707889556885,2.666094888328274,0.3228337004564168,1.584697091557815,0.7923485457789075,0.866121163376874
9.899667739868164,2.6907582439010342,0.3471873989280812,1.5895020106391176,0.7947510053195588,0.8641991957443529
9.999653100967407,2.702772499582713,0.35962871044753836,1.5918122132054875,0.7959061066027437,0.8632751147178049
10.099701404571533,2.71457644842524,0.37224762114354776,1.5940774237270574,0.7970387118635287,0.862369030509177
10.199690818786621,2.737540811368826,0.3980034678809524,1.5984653136218179,0.7992326568109089,0.8606138745512728
10.29964017868042,2.7596271400842514,0.4244252392656288,1.6026522456286691,0.8013261228143346,0.8589391017485323
10.399737119674683,2.770326265752359,0.4378673554493562,1.6046394715876389,0.8023197357938194,0.8581442113649445
10.499808073043823,2.770326265752359,0.4378673554493562,1.6046394715876389,0.8023197357938194,0.8581442113649445
10.599823951721191,2.7910567815116805,0.465238272012377,1.6085215632546381,0.8042607816273191,0.8565913746981447
10.700856685638428,2.801074857646291,0.4791488397183681,1.6103836062674612,0.8051918031337306,0.8558465574930154
10.799674987792969,2.810861670136801,0.4932098313767404,1.6122066730115105,0.8061033365057553,0.8551173307953958
10.899475336074829,2.826132497892033,0.5175727806616518,1.58487287607663,0.792436438038315,0.866050849569348
10.999803304672241,2.8323899117244307,0.5283349648458795,1.5486001590864744,0.7743000795432372,0.8805599363654102
11.099676609039307,2.846536802783714,0.5570578577155876,1.5305358189882654,0.7652679094941327,0.8877856724046937
11.199731349945068,2.846536802783714,0.5570578577155876,1.5305358189882654,0.7652679094941327,0.8877856724046937
11.299890756607056,2.8641740426519195,0.6000310699416423,1.485997164495216,0.742998582247608,0.9056011342019136
11.399742603302002,2.8693293100505106,0.6149357270532818,1.472867550322925,0.7364337751614625,0.91085297987083
11.499809741973877,2.874696306401392,0.6317367579375124,1.4731900605488,0.7365950302744,0.91072397578048
11.600391626358032,2.879958740367229,0.649150373728447,1.4774204800528496,0.7387102400264248,0.9090318079788601
11.701206684112549,2.887642545085154,0.6749728612684786,1.5420145041267648,0.7710072520633824,0.883194198349294
11.799817085266113,2.8931414291392095,0.6918675544635636,1.5455173364780155,0.7727586682390077,0.8817930654087938
11.899662256240845,2.8983470817622887,0.7087423676199054,1.5487823764946629,0.7743911882473314,0.8804870494021348
12.000296831130981,2.9070913604836783,0.7361969773885397,1.592938140372821,0.7964690701864106,0.8628247438508715
12.099642515182495,2.9118317643182285,0.7516327342171667,1.6024033229757442,0.8012016614878721,0.8590386708097023
12.199755430221558,2.9204975270955202,0.7801653728337477,1.6308071506210393,0.8154035753105197,0.8476771397515842
12.299630403518677,2.925283430318521,0.796427667207396,1.6322938101994748,0.8161469050997374,0.84708247592021
12.400992631912231,2.9340194005976454,0.8290475828836389,1.6343736579656802,0.8171868289828401,0.8462505368137279
12.499717473983765,2.9378453267446805,0.8450385039110502,1.6319313031070786,0.8159656515535393,0.8472274787571685
12.59968614578247,2.941436060803864,0.8613767325084661,1.6317452210141339,0.8158726105070669,0.8473019115943464
12.699665307998657,2.9471414773724316,0.8903444776370804,1.6470981642907798,0.8235490821453899,0.841160734283688
12.799628257751465,2.9485636617260242,0.8964021167942743,1.7072904742734656,0.8536452371367328,0.8170838102906137
12.899692296981812,2.9510604698536893,0.9058734415342382,1.7158802462562983,0.8579401231281492,0.8136479014974807
12.999797821044922,2.953550597888906,0.9170928040556896,1.676924297896921,0.8384621489484605,0.8292302808412315
13.09962010383606,2.9561222420972935,0.930549889309636,1.7415055524652554,0.8707527762326277,0.8033977790138978
13.199735879898071,2.957363917873057,0.9343812577325339,1.9078760787753335,0.9539380393876667,0.7368495684898666
13.299854755401611,2.9580625414165587,0.935828497035658,1.9851275987747485,0.9925637993873743,0.7059489604901006
13.399715423583984,2.960382706077317,0.9399047867418642,2.035619838739054,1.017809919369527,0.6857520645043784
13.499791622161865,2.9643419678452796,0.9463579405985681,2.0658326921071963,1.0329163460535982,0.6736669231571214
13.599823236465454,2.9749169748337643,0.9636792471519163,2.0910903237001595,1.0455451618500797,0.6635638705199361
13.700985193252563,2.9787564973890253,0.9696598517448782,2.120380570899866,1.060190285449933,0.6518477716400536
13.799770593643188,2.983846039774616,0.9773408132033199,2.1338742822778336,1.0669371411389168,0.6464502870888665
13.899666547775269,2.996745006639562,0.9972294093102434,2.1270615238412347,1.0635307619206174,0.649175390463506
13.999707460403442,3.0100242970427726,1.0194977547451014,2.106557487565311,1.0532787437826554,0.6573770049738756
14.099684000015259,3.0163770285946083,1.0309651590576332,2.096636606911192,1.048318303455596,0.6613453572355231
14.209091663360596,3.0225336555391378,1.0426514673184826,2.086885955518873,1.0434429777594365,0.6652456177924507
14.300660133361816,3.0341579233171845,1.0665058104031375,2.0675986770305905,1.0337993385152953,0.6729605291877637
14.399724960327148,3.03926400607308,1.0779945598632583,2.052054495397526,1.026027247698763,0.6791782018409895
14.499999046325684,3.0421161714787694,1.085087616340419,1.9968707101832053,0.9984353550916026,0.7012517159267179
14.59970998764038,3.0440770880725587,1.0912229708002894,1.931573746232193,0.9657868731160965,0.7273705015071228
14.701217651367188,3.0486988622824116,1.1127172671557228,1.8680668234783406,0.9340334117391703,0.7527732706086637
14.8009614944458,3.051323598591458,1.1270915477989742,1.8623318843939336,0.9311659421969668,0.7550672462424265
14.899720668792725,3.053736372129268,1.1418658108693596,1.8572288042473624,0.9286144021236812,0.757108478301055
14.999780178070068,3.05589691098253,1.1568393635128411,1.8522731459847626,0.9261365729923813,0.7590907416060949
15.099854469299316,3.0591220263670134,1.1800523368987852,1.8841356229930712,0.9420678114965356,0.7463457508027714
15.199721097946167,3.0611169909048446,1.194157916892858,1.8838770905954656,0.9419385452977328,0.7464491637618137
15.299727439880371,3.064491425439891,1.2238220817603866,1.8724686420990289,0.9362343210495144,0.7510125431603885
15.399809122085571,3.065188139009447,1.2348819835261984,1.7132128534906388,0.8566064267453194,0.8147148586037445
15.500483512878418,3.0639108512903546,1.2470285936284637,1.6864444483254142,0.8432222241627071,0.8254222206698343
15.599910497665405,3.0639108512903546,1.2470285936284637,1.6864444483254142,0.8432222241627071,0.8254222206698343
15.700066089630127,3.0598580150051378,1.2781447802349688,1.681203939516177,0.8406019697580885,0.8275184241935292
15.799705982208252,3.0575025051005986,1.296594603485831,1.763515352277974,0.881757676138987,0.7945938590888103
15.899730682373047,3.056384556291653,1.3108466388628877,1.7713616394395448,0.8856808197197724,0.7914553442241821
15.99955940246582,3.0542150754948296,1.331149843298486,1.6758283147492696,0.8379141573746348,0.8296686741002921
16.100032806396484,3.0510779545396267,1.345233463897555,1.6610987396713723,0.8305493698356862,0.835560504131451
16.199634313583374,3.045470522379311,1.3697015334461036,1.7058147165390924,0.8529073582695462,0.817674113384363
16.29974603652954,3.045470522379311,1.3697015334461036,1.7058147165390924,0.8529073582695462,0.817674113384363
16.39995002746582,3.038268463062919,1.4016224082320705,1.7009151807902267,0.8504575903951134,0.8196339276839093
16.499772548675537,3.032086911779002,1.4199156793361065,1.5905352879534826,0.7952676439767413,0.8637858848186069
16.599920511245728,3.0260353005995193,1.4352964911252795,1.5892384234169665,0.7946192117084833,0.8643046306332134
16.701236963272095,3.0260353005995193,1.4352964911252795,1.5892384234169665,0.7946192117084833,0.8643046306332134
16.80019187927246,3.015950062026441,1.4592397802581136,1.5592579392053738,0.7796289696026869,0.8762968243178504
16.89980721473694,3.001211362572269,1.4896151391910488,1.5505283659314764,0.7752641829657382,0.8797886536274094
16.999852180480957,2.9937129559017346,1.5035497411861667,1.5369646948663471,0.7684823474331736,0.8852141220534611
17.099668979644775,2.9937129559017346,1.5035497411861667,1.5369646948663471,0.7684823474331736,0.8852141220534611
17.19975256919861,2.978889532928975,1.5295370385353397,1.553821284422541,0.7769106422112705,0.8784714862309836
17.301016092300415,2.9627058898890426,1.5572285530575698,1.5590401404289784,0.7795200702144892,0.8763839438284086
17.4010169506073,2.95788773440992,1.5657039984516297,1.6064482096972477,0.8032241048486238,0.8574207161211009
17.499699354171753,2.9542856569734153,1.5727308949474046,1.6620903588899767,0.8310451794449883,0.8351638564440093
17.5996675491333,2.951192080541826,1.5795853537015732,1.7168955364418201,0.8584477682209101,0.8132417854232719
17.699655294418335,2.944674900182069,1.5965036084675235,1.7914996587882153,0.8957498293941076,0.7834001364847138
17.799676656723022,2.9421223313362197,1.6041515700276092,1.8349806195186178,0.9174903097593089,0.7660077521925528
17.899755239486694,2.937283522327592,1.6209929725630803,1.8884526067165448,0.9442263033582724,0.744618957313382
18.00095248222351,2.9349486996684235,1.6298055719721525,1.910802474114557,0.9554012370572785,0.7356790103541772
18.099868535995483,2.930743859878047,1.6471158001631832,1.9512596728129348,0.9756298364064674,0.719496130874826
18.19964838027954,2.930743859878047,1.6471158001631832,1.9512596728129348,0.9756298364064674,0.719496130874826
18.29977250099182,2.9256713395466676,1.6713725438065556,2.008298776731062,1.004149388365531,0.6966804893075751
18.399701833724976,2.9228963911723143,1.6864928493751632,2.0406398716880028,1.0203199358440014,0.6837440513247989
18.499767780303955,2.9228963911723143,1.6864928493751632,2.0406398716880028,1.0203199358440014,0.6837440513247989
18.59974956512451,2.920534939467871,1.70083966242979,2.0693741352163717,1.0346870676081859,0.6722503459134512
18.700948476791382,2.919402239344741,1.7082876628282073,2.0773377257237073,1.0386688628618537,0.669064909710517
18.804231643676758,2.9173365192611795,1.7222129593096263,2.0911150111003347,1.0455575055501674,0.663553995559866
18.899946451187134,2.9173365192611795,1.7222129593096263,2.0911150111003347,1.0455575055501674,0.663553995559866
19.00106692314148,2.9151566615914604,1.7367714016064408,2.096378067195476,1.048189033597738,0.6614487731218096
19.101869821548462,2.9141247960228145,1.7434189594742429,2.09778492885324,1.04889246442662,0.6608860284587039
19.199883937835693,2.911518208545081,1.7591323703457682,2.091387203414698,1.045693601707349,0.6634451186341207
19.299710988998413,2.910244993623004,1.7661888202582368,2.0867980018686434,1.0433990009343217,0.6652807992525426
19.399643659591675,2.9087298203792145,1.7740636140591974,2.07955522081252,1.03977761040626,0.668177911674992
19.49973750114441,2.8337277766211355,1.9295146713463434,1.6681074244245357,0.8340537122122679,0.8327570302301857
19.599663019180298,2.8285585447897463,1.9350462268266178,1.6556390197087272,0.8278195098543636,0.8377443921165091
19.703036546707153,2.8231046751907334,1.9406916852131915,1.6473269852715033,0.8236634926357517,0.8410692058913987
19.803071975708008,2.811169693746725,1.952565162708389,1.6373265896316005,0.8186632948158002,0.8450693641473598
19.89967656135559,2.7984256056699133,1.9647688427416339,1.6370311629666567,0.8185155814833284,0.8451875348133373
19.99976086616516,2.7984256056699133,1.9647688427416339,1.6370311629666567,0.8185155814833284,0.8451875348133373
20.099571228027344,2.783931989796241,1.9783376943257818,1.64503919818457,0.822519599092285,0.8419843207261719
20.199561595916748,2.7684523450778675,1.9927158174639388,1.660704213923074,0.830352106961537,0.8357183144307703
20.29956841468811,2.7606147896964637,2.0000094709687457,1.6708013149737238,0.8354006574868619,0.8316794740105105
20.399683237075806,2.752863336144219,2.0072571780105495,1.681991292373452,0.840995646186726,0.8272034830506192
20.499706268310547,2.737622293750896,2.0216799152837504,1.7071738324845553,0.8535869162422777,0.8171304670061779
20.599573850631714,2.7235794721293707,2.035306838782233,1.7366255784681484,0.8683127892340742,0.8053497686127407
20.699576139450073,2.717177970559941,2.0416510660596905,1.7525845952593395,0.8762922976296698,0.7989661618962641
20.80264925956726,2.7043555411187836,2.054632862807588,1.7814347950846108,0.8907173975423054,0.7874260819661556
20.903067350387573,2.6922792791413848,2.067176234374329,1.8072974975523055,0.9036487487761528,0.7770810009790777
20.999847412109375,2.685624658919467,2.074197527734173,1.8154773959912858,0.9077386979956429,0.7738090416034856
21.09950304031372,2.6802099812045905,2.0799552247933732,1.826473085412996,0.913236542706498,0.7694107658348015
21.199618339538574,2.674297881479014,2.0862692414291866,1.8340660050620523,0.9170330025310262,0.766373597975179
21.300236701965332,2.6684070403853535,2.0925668091647265,1.8401935335713475,0.9200967667856738,0.763922586571461
21.400801181793213,2.661919667773685,2.0994699572535747,1.84342723723535,0.921713618617675,0.76262910510586
21.499765634536743,2.6501142442568484,2.111847844267391,1.8459777857374056,0.9229888928687028,0.7616088857050377
21.59955644607544,2.643962959707962,2.1181952351317483,1.845732403669824,0.922866201834912,0.7617070385320703
21.699729919433594,2.6306824611825514,2.1315437854654236,1.8395633073966036,0.9197816536983018,0.7641746770413586
21.799549102783203,2.6306824611825514,2.1315437854654236,1.8395633073966036,0.9197816536983018,0.7641746770413586
21.899951219558716,2.6177459965389596,2.1439589812738573,1.826978725017015,0.9134893625085075,0.7692085099931939
21.999692916870117,2.603477261059573,2.156848854357238,1.8072905562585382,0.9036452781292691,0.7770837774965846
22.09970498085022,2.5965522591090684,2.1627757969340116,1.7943717675259434,0.8971858837629717,0.7822512929896226
22.19960594177246,2.5965522591090684,2.1627757969340116,1.7943717675259434,0.8971858837629717,0.7822512929896226
22.299631595611572,2.5735439178052117,2.1808521948252455,1.748260163580211,0.8741300817901055,0.8006959345679155
22.399705171585083,2.5653896116310424,2.186655006002206,1.7310905168721578,0.8655452584360789,0.8075637932511368
22.499637603759766,2.5570332314332416,2.192284480104708,1.713211941117626,0.856605970558813,0.8147152235529496
22.599651098251343,2.5485044412581273,2.197704216792239,1.6948936236073753,0.8474468118036876,0.8220425505570499
22.703038454055786,2.531896568260566,2.2073478018411956,1.655389257001682,0.827694628500841,0.8378442971993272
22.803050994873047,2.523129202178423,2.2119717462262924,1.6365800142860734,0.8182900071430367,0.8453679942855706
22.899609804153442,2.515061378547774,2.2159664911690995,1.616215443544139,0.8081077217720695,0.8535138225823444
22.999540328979492,2.4971171252323967,2.22403150050233,1.581209640075744,0.790604820037872,0.8675161439697023
23.101277589797974,2.4797670528838176,2.2308366108430344,1.5485403040312973,0.7742701520156486,0.8805838783874811
23.199556589126587,2.4696089881384373,2.234420689533501,1.5362965208676462,0.7681482604338231,0.8854813916529415
23.29955506324768,2.4610153061105504,2.237254338045928,1.5231902308854972,0.7615951154427486,0.8907239076458011
23.39964008331299,2.4415256509017524,2.243110196912868,1.5047043003364895,0.7523521501682447,0.8981182798654042
23.499616861343384,2.4315038391103325,2.2458629488491892,1.498291856932678,0.749145928466339,0.9006832572269288
23.60096764564514,2.421308708729144,2.2485200456503427,1.4938079354313756,0.7469039677156878,0.9024768258274497
23.699592113494873,2.4100294581940473,2.251315077588108,1.491394867904629,0.7456974339523145,0.9034420528381484
23.79967951774597,2.3986094345106883,2.2540160733360373,1.4905088115722125,0.7452544057861062,0.903796475371115
23.899633407592773,2.377921514450417,2.258662617924249,1.4951554257010715,0.7475777128505358,0.9019378297195714
24.001855850219727,2.366950504447212,2.261041029792608,1.5002230668905654,0.7501115334452827,0.8999107732437738
24.099550247192383,2.344814627864402,2.2657699259107082,1.5154358602209872,0.7577179301104936,0.8938256559116051
24.200254201889038,2.3218110060581845,2.270712775069025,1.5349023576803555,0.7674511788401778,0.8860390569278578
24.299644708633423,2.310806979594457,2.273114373266433,1.5470282092158432,0.7735141046079216,0.8811887163136627
24.399942636489868,2.299970849942241,2.2755367604428587,1.5599238999282525,0.7799619499641263,0.8760304400286989
24.503037929534912,2.290083490783929,2.277803020890338,1.5755101575878323,0.7877550787939162,0.869795936964867
24.599634885787964,2.2691710534203273,2.282788339835572,1.6040268234015225,0.8020134117007612,0.858389270639391
24.700443267822266,2.2590238708271784,2.285320418801996,1.6183284655325656,0.8091642327662828,0.8526686137869737
24.799499034881592,2.2402812066204487,2.2902149128655203,1.6478637894361088,0.8239318947180544,0.8408544842255564
24.899683713912964,2.231663060295988,2.292561385591518,1.6625691035895616,0.8312845517947808,0.8349723585641753
24.999593496322632,2.214031387645987,2.297511669483272,1.6868676010092252,0.8434338005046126,0.8252529595963098
25.099779844284058,2.2050149395965435,2.300104096318037,1.6961454622053476,0.8480727311026738,0.821541815117861
25.199644804000854,2.1960675145272512,2.302701614305228,1.7040713010194788,0.8520356505097394,0.8183714795922085
25.30119013786316,2.1789988027124276,2.3076564339607653,1.716740806908111,0.8583704034540555,0.8133036772367556
25.399705410003662,2.169158140806723,2.31047853883871,1.719016513675655,0.8595082568378275,0.8123933945297379
25.499460458755493,2.1600940736650394,2.313032500530795,1.7207172911053787,0.8603586455526894,0.8117130835578484
25.600153923034668,2.1517190376840105,2.3153376702026542,1.7212583925737432,0.8606291962868716,0.8114966429705026
25.699790716171265,2.132917931549108,2.320255028361387,1.7157699433036682,0.8578849716518341,0.8136920226785327
25.79957628250122,2.1225181022424953,2.322787294228927,1.7106202541024838,0.8553101270512419,0.8157518983590064
25.899831295013428,2.1225181022424953,2.322787294228927,1.7106202541024838,0.8553101270512419,0.8157518983590064
26.00121808052063,2.1035219155408003,2.3269886351208338,1.6951538318249535,0.8475769159124767,0.8219384672700185
26.099679231643677,2.0832226352508405,2.330771882627256,1.6737862594424142,0.8368931297212071,0.8304854962230342
26.199747562408447,2.0736367934771938,2.3322750965166357,1.660059763100578,0.830029881550289,0.8359760947597688
26.299822092056274,2.0736367934771938,2.3322750965166357,1.660059763100578,0.830029881550289,0.8359760947597688
26.403025150299072,2.0519297366076383,2.334976144970483,1.6327429513067762,0.8163714756533881,0.8469028194772895
26.49968957901001,2.0317391197277406,2.336517873257914,1.5992104307088646,0.7996052153544323,0.8603158277164541
26.599719524383545,2.0220836556246047,2.336907952831603,1.5807227765406842,0.7903613882703421,0.8677108893837263
26.6998233795166,2.0220836556246047,2.336907952831603,1.5807227765406842,0.7903613882703421,0.8677108893837263
26.800325632095337,2.00112857835641,2.336970074027425,1.5467096584130031,0.7733548292065016,0.8813161366347987
26.899706840515137,1.9805037820423843,2.3360073234940835,1.5132240639330123,0.7566120319665062,0.894710374426795
26.999544143676758,1.97022985335387,2.3351436688019764,1.49738576815587,0.748692884077935,0.901045692737652
27.099902629852295,1.9497165837787775,2.3326989888534126,1.4683260387972554,0.7341630193986277,0.9126695844810978
27.19987940788269,1.930194409291438,2.329518714455719,1.4427399166010217,0.7213699583005109,0.9229040333595913
27.29965901374817,1.9198596136366968,2.327539043315215,1.432977806324232,0.716488903162116,0.9268088774703072
27.399635076522827,1.9198596136366968,2.327539043315215,1.432977806324232,0.716488903162116,0.9268088774703072
27.500582933425903,1.8989324792735098,2.322989996417168,1.4184619987576828,0.7092309993788414,0.9326152004969269
27.60296869277954,1.877672907740748,2.3177597987980145,1.4110597730878005,0.7055298865439003,0.9355760907648798
27.70113778114319,1.8668680582304775,2.3149194183385613,1.410199427986761,0.7050997139933805,0.9359202288052956
27.799581289291382,1.8559601767085867,2.3119540711057804,1.4112095348023963,0.7056047674011982,0.9355161860790414
27.899569034576416,1.8330175197519782,2.3054786130991958,1.4180026530018963,0.7090013265009482,0.9327989387992415
27.99952983856201,1.82188005440197,2.3022617022208616,1.4241182508136538,0.7120591254068269,0.9303526996745385
28.099761724472046,1.8115324263721844,2.299254457758987,1.4329178451025704,0.7164589225512852,0.9268328619589719
28.199891805648804,1.7891384873486438,2.292766984678051,1.452874742515419,0.7264373712577095,0.9188501029938324
28.29962968826294,1.7669176466812135,2.2864517945500746,1.477245546525773,0.7386227732628865,0.9091017813896908
28.399633169174194,1.7559855833606386,2.283419864295624,1.4905091192412523,0.7452545596206261,0.9037963523034991
28.499617099761963,1.7559855833606386,2.283419864295624,1.4905091192412523,0.7452545596206261,0.9037963523034991
28.601351261138916,1.7344675939441465,2.277647375358957,1.5184031694606208,0.7592015847303104,0.8926387322157516
28.699589490890503,1.724788786883886,2.2751518181438217,1.5345142366446487,0.7672571183223243,0.8861943053421405
28.799931049346924,1.7047749190553425,2.270264715198464,1.565751970086361,0.7828759850431805,0.8736992119654556
28.899611711502075,1.694779373955127,2.26792223247819,1.5784786238178474,0.7892393119089237,0.868608550472861
28.999644994735718,1.6759727708314416,2.263652296199963,1.6034585074005825,0.8017292537002912,0.858616597039767
29.099489212036133,1.6557881868348991,2.259199191984418,1.6208844458651104,0.8104422229325552,0.8516462216539558
29.19989037513733,1.6557881868348991,2.259199191984418,1.6208844458651104,0.8104422229325552,0.8516462216539558
29.299586534500122,1.6358629110723266,2.254798299380562,1.6335008814000334,0.8167504407000167,0.8465996474399866
29.399521350860596,1.6272123451097644,2.252865966707563,1.639267775265789,0.8196338876328945,0.8442928898936843
29.50054907798767,1.6176504290750793,2.2506973660592817,1.6423587121327634,0.8211793560663817,0.8430565151468946
29.599706649780273,1.6080286056027333,2.2484634712650844,1.6438567869865504,0.8219283934932752,0.8424572852053798
29.69960927963257,1.5983336843950013,2.24614353246378,1.6437352108440675,0.8218676054220337,0.842505915662373
29.799752473831177,1.5885502513307483,2.243713607632518,1.642002475064569,0.8210012375322845,0.8431990099741724
29.8997905254364,1.5687294478427862,2.238450901159942,1.6337187103129398,0.8168593551564699,0.846512515874824
29.999727725982666,1.5586909375327487,2.2355779785119547,1.6272850285489615,0.8136425142744808,0.8490859885804154
30.09969139099121,1.5478218778961916,2.2322816453715215,1.6200563407901394,0.8100281703950697,0.8519774636839442
30.199624061584473,1.5384430599467396,2.229264420196658,1.6101500632512324,0.8050750316256162,0.855939974699507
30.29965877532959,1.5283061428871034,2.2258052819815255,1.5995774665175884,0.7997887332587942,0.8601690133929646
30.401745796203613,1.508107945170055,2.2182192780345393,1.5750553016656677,0.7875276508328338,0.8699778793337329
30.499638557434082,1.508107945170055,2.2182192780345393,1.5750553016656677,0.7875276508328338,0.8699778793337329
30.599549770355225,1.4889153429314743,2.210038201356315,1.5455317640837074,0.7727658820418537,0.881787294366517
30.69955611228943,1.470267932002154,2.2010543528714135,1.5133907609449013,0.7566953804724507,0.8946436956220394
30.799593925476074,1.4607781972958738,2.196057246248425,1.4978241703786768,0.7489120851893384,0.9008703318485293
30.899717330932617,1.451394190205168,2.1908211781596862,1.4823876916341894,0.7411938458170947,0.9070449233463242
30.99967384338379,1.4339740450162883,2.18028585316669,1.450568934761238,0.725284467380619,0.9197724260955048
31.101799249649048,1.4163570603056699,2.168529645770242,1.4231464717816422,0.7115732358908211,0.9307414112873431
31.199671030044556,1.4163570603056699,2.168529645770242,1.4231464717816422,0.7115732358908211,0.9307414112873431
31.301679372787476,1.4076750696595688,2.162322542833072,1.411035236689723,0.7055176183448615,0.9355859053241108
31.40179967880249,1.390603287191349,2.149337165863839,1.3904005129464179,0.6952002564732089,0.9438397948214329
31.500569343566895,1.3737529344525239,2.1355780818955616,1.375623944475212,0.687811972237606,0.9497504222099151
31.59972906112671,1.3737529344525239,2.1355780818955616,1.375623944475212,0.687811972237606,0.9497504222099151
31.699543476104736,1.3569082204506393,2.121020676321479,1.3676419611642439,0.6838209805821219,0.9529432155343024
31.799684286117554,1.3407292817110332,2.1064405168107943,1.3667419313034925,0.6833709656517463,0.953303227478603
31.89985942840576,1.3315499175197136,2.0979681989974943,1.3688624695023313,0.6844312347511656,0.9524550121990675
32.00177454948425,1.323042730765826,2.0900187597530806,1.3727843335488061,0.6863921667744031,0.9508862665804775
32.099663496017456,1.3052980887931434,2.0732371666224116,1.384693525096747,0.6923467625483735,0.9461225899613012
32.199626445770264,1.2973880873597665,2.0657234391490538,1.3941755141199899,0.6970877570599949,0.942329794352004
32.29962778091431,1.2888235721524668,2.0575935152851828,1.4041063412879344,0.7020531706439672,0.9383574634848262
32.39964032173157,1.2802877600343134,2.0495214377239988,1.4151434526013418,0.7075717263006709,0.9339426189594633
32.49962401390076,1.2632432001260545,2.0335703445849806,1.440149030944493,0.7200745154722465,0.9239403876222028
32.59965896606445,1.2477238301319304,2.019308662734531,1.4711160873555211,0.7355580436777606,0.9115535650577915
32.69974112510681,1.2477238301319304,2.019308662734531,1.4711160873555211,0.7355580436777606,0.9115535650577915
32.799614906311035,1.238813895430731,2.011257202740772,1.483353783100584,0.741676891550292,0.9066584867597663
32.899773836135864,1.2231649394131214,1.997375625122209,1.5131170357662458,0.7565585178831229,0.8947531856935016
32.99969816207886,1.2071883705861346,1.9835252796314191,1.5393296922135928,0.7696648461067964,0.8842681231145628
33.10273790359497,1.2000770155039604,1.9774496426864867,1.5528071741653915,0.7764035870826957,0.8788771303338434
33.19960379600525,1.1922936538996465,1.9708556173731935,1.5637021192223273,0.7818510596111636,0.874519152311069
33.299631118774414,1.177567684563406,1.9584778646996146,1.583324676378538,0.791662338189269,0.8666701294485848
33.39977169036865,1.169199651850065,1.9514617862543082,1.5893407903024153,0.7946703951512076,0.8642636838790339
33.50266146659851,1.1622635566856965,1.945632100230198,1.5960567494037239,0.7980283747018619,0.8615773002385104
33.600141763687134,1.1622635566856965,1.945632100230198,1.5960567494037239,0.7980283747018619,0.8615773002385104
33.70312213897705,1.1469377575919155,1.9326224587679282,1.6029792384502421,0.8014896192251211,0.8588083046199031
33.79958748817444,1.1385945559235662,1.9254162659154042,1.603774068288351,0.8018870341441755,0.8584903726846596
33.89979863166809,1.1309122001984655,1.9186717467412084,1.6035607104033933,0.8017803552016967,0.8585757158386427
33.99963116645813,1.1309122001984655,1.9186717467412084,1.6035607104033933,0.8017803552016967,0.8585757158386427
34.09949707984924,1.1084474166172282,1.8981229052080166,1.593281650096174,0.796640825048087,0.8626873399615304
34.19965434074402,1.1084474166172282,1.8981229052080166,1.593281650096174,0.796640825048087,0.8626873399615304
34.30598521232605,1.100774403103715,1.8907353473046913,1.5868894163277347,0.7934447081638674,0.8652442334689061
34.40310978889465,1.0931611015325098,1.8831716101193423,1.5791134935799584,0.7895567467899792,0.8683546025680166
34.49959707260132,1.0861650228915383,1.87598794082581,1.569177067094826,0.784588533547413,0.8723291731620696
34.60310912132263,1.0708521869283758,1.8593481612292904,1.5486930143042004,0.7743465071521002,0.8805227942783198
34.69974756240845,1.0636877894381487,1.8510792903856754,1.5365591396007976,0.7682795698003988,0.8853763441596809
34.800121784210205,1.0567006843649003,1.8426676678016536,1.5236364913105116,0.7618182456552558,0.8905454034757954
34.89956974983215,1.0567006843649003,1.8426676678016536,1.5236364913105116,0.7618182456552558,0.8905454034757954
35.00039029121399,1.0369791566678437,1.816607092987597,1.4819768875001607,0.7409884437500803,0.9072092449999357
35.09963536262512,1.0313475988285015,1.8084700428801617,1.4718960863749355,0.7359480431874678,0.9112415654500258
35.1996591091156,1.0313475988285015,1.8084700428801617,1.4718960863749355,0.7359480431874678,0.9112415654500258
35.29962635040283,1.0253186763000013,1.7994332167300442,1.4625152614105794,0.7312576307052897,0.9149938954357683
35.399547815322876,1.0137287851177357,1.7810793807778782,1.4485393317703958,0.7242696658851979,0.9205842672918416
35.49964237213135,1.0076591637310273,1.7709625467436645,1.4445064632188631,0.7222532316094316,0.9221974147124548
35.59979772567749,1.0026830623075096,1.7624030917602038,1.4391036441181115,0.7195518220590558,0.9243585423527554
35.701040267944336,0.9974310387233161,1.7530890109752242,1.4334929269456467,0.7167464634728233,0.9266028292217413
35.799739599227905,0.9927219545066621,1.7445008160840834,1.4302251558760402,0.7151125779380201,0.927909937649584
35.90234041213989,0.9819863434825862,1.7242969053641024,1.4343305588493855,0.7171652794246928,0.9262677764602457
36.00310492515564,0.9767732512660826,1.7142510110026599,1.4384245528758295,0.7192122764379147,0.9246301788496681
36.0997679233551,0.9714553694155508,1.7039025019325864,1.4443018308989606,0.7221509154494803,0.9222792676404158
36.199786901474,0.9664811771607829,1.6941735069164015,1.4510422837441013,0.7255211418720506,0.9195830865023594
36.29967737197876,0.954688042757468,1.6710719893484924,1.4732859787793378,0.7366429893896689,0.9106856084882649
36.39957857131958,0.9487702352967846,1.6595476220103464,1.4866767184354157,0.7433383592177079,0.9053293126258337
36.49981904029846,0.9426028507232352,1.6476355600888892,1.5006554205809202,0.7503277102904601,0.8997378317676319
36.6027569770813,0.9426028507232352,1.6476355600888892,1.5006554205809202,0.7503277102904601,0.8997378317676319
36.7000150680542,0.9373189879752087,1.6375557792620508,1.515575469434071,0.7577877347170355,0.8937698122263715
36.80250811576843,0.9323857278101878,1.6282711288066047,1.5289086027218686,0.7644543013609343,0.8884365589112525
36.89967656135559,0.921465497421615,1.6082240221719741,1.5656234606128683,0.7828117303064341,0.8737506157548527
37.00044393539429,0.9161187971867023,1.5987489730374884,1.5864844537724307,0.7932422268862154,0.8654062184910276
37.09956502914429,0.9101149770456677,1.5883846042483962,1.6076306755475802,0.8038153377737901,0.8569477297809679
37.203141927719116,0.9038816741178404,1.5779272914185962,1.6295702253751738,0.8147851126875869,0.8481719098499304
37.29963827133179,0.8912641925519011,1.5576792185036492,1.6760928866800415,0.8380464433400208,0.8295628453279833
37.39970278739929,0.884361258252522,1.547085535964891,1.699305762703184,0.849652881351592,0.8202776949187264
37.4996018409729,0.877835725618169,1.5373577158052585,1.723181482482064,0.861590741241032,0.8107274070071744
37.59970498085022,0.8705020679407286,1.526726502630026,1.7459067908071906,0.8729533954035953,0.8016372836771237
37.70314645767212,0.8551420582533446,1.5053597529145895,1.7900971949043032,0.8950485974521516,0.7839611220382787
37.799705266952515,0.8464016398000519,1.4936411013511803,1.810519717277447,0.9052598586387235,0.7757921130890212
37.899614572525024,0.8381476984531262,1.4827969664817655,1.8306086494034326,0.9153043247017163,0.7677565402386269
37.99980187416077,0.8304305536146093,1.472839881564547,1.850048786616738,0.925024393308369,0.7599804853533048
38.09961485862732,0.812798349946035,1.450586241969742,1.884497689059344,0.942248844529672,0.7462009243762624
38.199814319610596,0.812798349946035,1.450586241969742,1.884497689059344,0.942248844529672,0.7462009243762624
38.30315899848938,0.8059909903873763,1.4420927248073665,1.8906332018133942,0.9453166009066971,0.7437467192746423
38.399760246276855,0.8009457239774442,1.435811166750742,1.900331463694056,0.950165731847028,0.7398674145223776
38.50308656692505,0.7951898514773226,1.4286757489525113,1.9084151096908895,0.9542075548454447,0.7366339561236441
38.59957528114319,0.7830491225180307,1.413628906645023,1.9205394327076966,0.9602697163538483,0.7317842269169214
38.699588775634766,0.7766846519481897,1.4056897887608426,1.924579835714738,0.962289917857369,0.7301680657141048
38.79964780807495,0.7766846519481897,1.4056897887608426,1.924579835714738,0.962289917857369,0.7301680657141048
38.8995680809021,0.7714730002680539,1.399111048721419,1.9231162535018973,0.9615581267509486,0.730753498599241
39.00085639953613,0.7658389266163763,1.3918967015721408,1.9200249785194938,0.9600124892597469,0.7319900085922024
39.1031277179718,0.7544759928678672,1.3769155742665216,1.9165774742345483,0.9582887371172741,0.7333690103061806
39.199594259262085,0.7486535538647344,1.3690054735005113,1.9133709387908389,0.9566854693954194,0.7346516244836644
39.29966402053833,0.7486535538647344,1.3690054735005113,1.9133709387908389,0.9566854693954194,0.7346516244836644
39.401063442230225,0.7368601450802572,1.3523956926931948,1.9045604166760919,0.9522802083380459,0.7381758333295632
39.50041675567627,0.7309403771905666,1.3437305418433647,1.8991088183455358,0.9495544091727679,0.7403564726617856
39.59964990615845,0.7251089177929303,1.3349407789468415,1.892336554715066,0.946168277357533,0.7430653781139736
39.69967865943909,0.7201726719020812,1.32722114371504,1.8808718576366465,0.9404359288183233,0.7476512569453413
39.79968523979187,0.7201726719020812,1.32722114371504,1.8808718576366465,0.9404359288183233,0.7476512569453413
39.900415658950806,0.7110877904240605,1.3122050088606831,1.8606390571278455,0.9303195285639227,0.7557443771488618
40.00222325325012,0.7019132933458254,1.2959555727765635,1.846944521681406,0.923472260840703,0.7612221913274375
40.10304856300354,0.6973811751515195,1.2875311007801373,1.8410723529436992,0.9205361764718496,0.7635710588225203
40.199816942214966,0.6973811751515195,1.2875311007801373,1.8410723529436992,0.9205361764718496,0.7635710588225203
40.2996346950531,0.6883880765408066,1.2700503504065197,1.832026736883323,0.9160133684416615,0.7671893052466707
40.403056621551514,0.6789878853593256,1.2508315457861903,1.8292761079565647,0.9146380539782824,0.7682895568173741
40.49972081184387,0.6744569041649925,1.2412629285046253,1.8290332158789113,0.9145166079394557,0.7683867136484355
40.59965705871582,0.6744569041649925,1.2412629285046253,1.8290332158789113,0.9145166079394557,0.7683867136484355
40.699707984924316,0.6652437114740855,1.2212725291170092,1.8332894865577234,0.9166447432788617,0.7666842053769106
40.79989242553711,0.6557001605424314,1.2000911360995246,1.8442312083281653,0.9221156041640827,0.7623075166687339
40.8996319770813,0.6507564370754103,1.1890476056504986,1.8523758461326798,0.9261879230663399,0.759049661546928
40.99956727027893,0.6507564370754103,1.1890476056504986,1.8523758461326798,0.9261879230663399,0.759049661546928
41.09951138496399,0.6422443667150782,1.1699660870304722,1.8666583857481356,0.9333291928740678,0.7533366457007458
41.199599266052246,0.6387555540274534,1.1621463767459317,1.873006078090944,0.936503039045472,0.7507975687636224
41.2997190952301,0.6349455474126641,1.1536203197506543,1.8810979576641582,0.9405489788320791,0.7475608169343366
41.401435136795044,0.6310917749754573,1.1450689520749497,1.8905596666556541,0.9452798333278271,0.7437761333377383
41.500049352645874,0.6310917749754573,1.1450689520749497,1.8905596666556541,0.9452798333278271,0.7437761333377383
41.59965467453003,0.623446027743582,1.1285068121476711,1.918909056662301,0.9594545283311505,0.7324363773350795
41.700814723968506,0.6146068214273582,1.1102481130558732,1.9534693024386889,0.9767346512193444,0.7186122790245244
41.803128719329834,0.610057916080571,1.1012428337751798,1.9722240890082519,0.9861120445041259,0.7111103643966992
41.89962863922119,0.610057916080571,1.1012428337751798,1.9722240890082519,0.9861120445041259,0.7111103643966992
41.99961590766907,0.600747720638923,1.0836622271100025,2.0123482228104255,1.0061741114052127,0.6950607108758298
42.1002779006958,0.5898254261734415,1.064313751349704,2.051229999606671,1.0256149998033355,0.6795080001573316
42.199644327163696,0.5847415827098795,1.0557206688158882,2.0719205030163064,1.0359602515081532,0.6712317987934774
42.299638748168945,0.5847415827098795,1.0557206688158882,2.0719205030163064,1.0359602515081532,0.6712317987934774
42.39993691444397,0.5753703441361274,1.040431201688207,2.1032738252246537,1.0516369126123268,0.6586904699101385
42.500229358673096,0.5709834188089324,1.0335616930493154,2.119375091238093,1.0596875456190464,0.6522499635047628
42.6030490398407,0.5621102851249788,1.0201340568238655,2.1499548638696035,1.0749774319348018,0.6400180544521585
42.69959092140198,0.5621102851249788,1.0201340568238655,2.1499548638696035,1.0749774319348018,0.6400180544521585
42.79975986480713,0.5520408768646368,1.005467506315806,2.1750674880392817,1.0875337440196409,0.6299730047842873
42.899731159210205,0.5467008254226363,0.9978558657734912,2.1857887077281513,1.0928943538640756,0.6256845169087395
42.99959373474121,0.5416551707706515,0.9907343470349742,2.1954287689162637,1.0977143844581319,0.6218284924334945
43.09964966773987,0.536181813416215,0.9830560006269762,2.201113355886982,1.100556677943491,0.6195546576452071
43.19989824295044,0.5319016264472343,0.9770289697760346,2.204116766405845,1.1020583832029225,0.618353293437662
43.29962396621704,0.5276065135292602,0.9709511568321054,2.2046643314223164,1.1023321657111582,0.6181342674310734
43.40302634239197,0.5236059000849562,0.965266966160306,2.2063414207299212,1.1031707103649606,0.6174634317080314
43.50185585021973,0.5144647877134285,0.9521391389692158,2.206196200362306,1.103098100181153,0.6175215198550775
43.5995831489563,0.5144647877134285,0.9521391389692158,2.206196200362306,1.103098100181153,0.6175215198550775
43.70299172401428,0.5047835396493839,0.9378805618015378,2.2013080850434137,1.1006540425217068,0.6194767659826345
43.802560329437256,0.5001704080725797,0.9309103062039282,2.195999288119086,1.097999644059543,0.6216002847523656
43.89960527420044,0.49474014350055273,0.9225242421259134,2.1923900217269914,1.0961950108634957,0.6230439913092034
44.001688718795776,0.4904205955443293,0.9156811269826597,2.179618457325764,1.089809228662882,0.6281526170696944
44.09955644607544,0.4904205955443293,0.9156811269826597,2.179618457325764,1.089809228662882,0.6281526170696944
44.20297980308533,0.48226018969934054,0.9020479120398824,2.1602948956645305,1.0801474478322652,0.6358820417341877
44.30308175086975,0.4782098815381454,0.8949556149229563,2.1522085544046217,1.0761042772023108,0.6391165782381513
44.39983892440796,0.47048433445564436,0.8807854545248334,2.133683954741657,1.0668419773708284,0.6465264181033372
44.499600887298584,0.47048433445564436,0.8807854545248334,2.133683954741657,1.0668419773708284,0.6465264181033372
44.59958243370056,0.4625473822059056,0.8652809211954622,2.1180515585889093,1.0590257792944546,0.6527793765644363
44.70219278335571,0.45862119111389354,0.8572365819625037,2.1110380515562883,1.0555190257781442,0.6555847793774846
44.799752950668335,0.45082866303442265,0.8405320899498456,2.099223379453882,1.049611689726941,0.6603106482184472
44.90010452270508,0.45082866303442265,0.8405320899498456,2.099223379453882,1.049611689726941,0.6603106482184472
44.99964690208435,0.44304960713861086,0.8229360037824909,2.091667188946552,1.045833594473276,0.6633331244213791
45.09982180595398,0.43949065430166134,0.8146023734473912,2.0882680451525943,1.0441340225762972,0.6646927819389622
45.199674129486084,0.43153270354066153,0.7954606478372304,2.0890527708596376,1.0445263854298188,0.6643788916561449
45.29963040351868,0.43153270354066153,0.7954606478372304,2.0890527708596376,1.0445263854298188,0.6643788916561449
45.39982604980469,0.4274536585740776,0.7854539814028054,2.091813630214153,1.0459068151070765,0.6632745479143387
45.49956965446472,0.42392803927600164,0.7767125142347354,2.0905962622305783,1.0452981311152891,0.6637614951077686
45.599679946899414,0.42102179114863525,0.7693528635952023,2.090042603637129,1.0450213018185646,0.6639829585451483
45.703080892562866,0.4151525030750787,0.7544732505089723,2.102926124401165,1.0514630622005825,0.6588295502395339
45.800045013427734,0.4151525030750787,0.7544732505089723,2.102926124401165,1.0514630622005825,0.6588295502395339
45.89966011047363,0.4116144078645453,0.7456253773717711,2.112096261682459,1.0560481308412295,0.6551614953270164
45.99960136413574,0.4048421050078831,0.7290955322597816,2.1346834622795607,1.0673417311397804,0.6461266150881757
46.0997052192688,0.39708744933111073,0.7109720154747206,2.16250393707556,1.08125196853778,0.634998425169776
46.19969058036804,0.39708744933111073,0.7109720154747206,2.16250393707556,1.08125196853778,0.634998425169776
46.299795150756836,0.39291927097990087,0.7016157992017061,2.1779306525159594,1.0889653262579797,0.6288277389936162
46.39967370033264,0.3843294461735942,0.6831887607569878,2.212342182265371,1.1061710911326854,0.6150631270938516
46.49956464767456,0.3805095477242312,0.6753433895814595,2.2266420086191565,1.1133210043095783,0.6093431965523374
46.5999641418457,0.37737360507612816,0.6690704493820571,2.24068543202402,1.12034271601201,0.6037258271903919
46.69988560676575,0.3738576980897446,0.662245611126942,2.2572436829149503,1.1286218414574751,0.5971025268340199
46.79958963394165,0.36704632058855124,0.6496237667920665,2.2901036143141416,1.1450518071570708,0.5839585542743433
46.89975833892822,0.36704632058855124,0.6496237667920665,2.2901036143141416,1.1450518071570708,0.5839585542743433
46.99973273277283,0.3599967166826102,0.6373060023989204,2.3185788514767607,1.1592894257383803,0.5725684594092957
47.09978532791138,0.3599967166826102,0.6373060023989204,2.3185788514767607,1.1592894257383803,0.5725684594092957
47.20305895805359,0.3563026384714722,0.6311084236567845,2.3328875465720254,1.1664437732860127,0.5668449813711898
47.30029845237732,0.3484051679446487,0.6183264887890217,2.3592358142711127,1.1796179071355564,0.5563056742915549
47.39994025230408,0.3398345528172568,0.6049417726716401,2.3814138859656464,1.1907069429828232,0.5474344456137414
47.50008988380432,0.3398345528172568,0.6049417726716401,2.3814138859656464,1.1907069429828232,0.5474344456137414
47.60112929344177,0.3352772990407792,0.5979735619923571,2.390583843460363,1.1952919217301814,0.5437664626158548
47.69975233078003,0.33136835098788525,0.5920243548419089,2.3927255621479113,1.1963627810739557,0.5429097751408354
47.80298924446106,0.32820986711772643,0.5872031423675068,2.3931315111129345,1.1965657555564673,0.5427473955548261
47.90305709838867,0.3207473890286668,0.5758548076945607,2.4004066956771504,1.2002033478385752,0.5398373217291398
47.9996600151062,0.31708071173024005,0.5702795868799349,2.401704784118492,1.200852392059246,0.5393180863526031
48.09960865974426,0.31708071173024005,0.5702795868799349,2.401704784118492,1.200852392059246,0.5393180863526031
48.199597120285034,0.308266899357456,0.5567640197557293,2.401263763952193,1.2006318819760966,0.5394944944191227
48.29973292350769,0.30416095253779013,0.5503732996743235,2.3981805350409333,1.1990902675204667,0.5407277859836266
48.399914026260376,0.2996005693888476,0.5431792041528476,2.3945988434617975,1.1972994217308988,0.542160462615281
48.50030493736267,0.2996005693888476,0.5431792041528476,2.3945988434617975,1.1972994217308988,0.542160462615281
48.59965372085571,0.2949471909302034,0.5357097508231312,2.3900446046681325,1.1950223023340663,0.543982158132747
48.703349113464355,0.28711863756809364,0.5227270615424597,2.372350188316934,1.186175094158467,0.5510599246732264
48.79962086677551,0.2835147282969577,0.5164927770460568,2.364424004355072,1.182212002177536,0.5542303982579712
48.89974808692932,0.2798828066668782,0.510033895246202,2.3559146974634837,1.1779573487317418,0.5576341210146065
48.99958109855652,0.27652154424765313,0.5038917436625384,2.3454416563053884,1.1727208281526942,0.5618233374778446
49.0995717048645,0.26925946995993705,0.49003271253246306,2.32724980356673,1.163624901783365,0.5691000785733079
49.19960403442383,0.2656512737868671,0.4828141113407625,2.3183703928527275,1.1591851964263638,0.5726518428589089
49.29957437515259,0.2623726047763238,0.476042227204963,2.307911497574337,1.1539557487871686,0.5768354009702651
49.39960265159607,0.25849607844773564,0.46778913056464266,2.3018290284882568,1.1509145142441284,0.5792683886046972
49.50712728500366,0.2529840475932747,0.45543909294958224,2.2824620743211184,1.1412310371605592,0.5870151702715526
49.6030707359314,0.2501807747558721,0.4488868192420893,2.276280756903194,1.138140378451597,0.5894876972387223
49.700026988983154,0.2473510612301353,0.44210450702259363,2.27116481101974,1.13558240550987,0.5915340755921039
49.799877405166626,0.2447509035378545,0.43573520137749966,2.2659818153816973,1.1329909076908486,0.593607273847321
49.90031456947327,0.2388566759878633,0.4209179125188324,2.262595067169575,1.1312975335847875,0.59496197313217
49.999677896499634,0.2360731859814819,0.41379133566803694,2.262212483172422,1.131106241586211,0.5951150067310311
50.099595069885254,0.23264929801180656,0.40496499215272425,2.2651973685517968,1.1325986842758984,0.5939210525792813
50.19942355155945,0.22967184978098648,0.3972710824801574,2.268232177111889,1.1341160885559445,0.5927071291552444
50.299631118774414,0.15274997394757994,0.23921391946786083,2.5264952172040416,1.2632476086020208,0.4894019131183833
50.399654388427734,0.14659898187894482,0.22962794535342945,2.539559957679278,1.269779978839639,0.48417601692828893
50.4997034072876,0.1408074494866349,0.22077957904742054,2.5521682011457605,1.2760841005728802,0.4791327195416957
50.599822759628296,0.1268408496545463,0.19998208113585922,2.571768168791495,1.2858840843957475,0.471292732483402
50.700077533721924,0.1204426806781376,0.19064027167680697,2.5803197613231417,1.2901598806615708,0.4678720954707434
50.799702644348145,0.1204426806781376,0.19064027167680697,2.5803197613231417,1.2901598806615708,0.4678720954707434
50.89952802658081,0.11210731461978557,0.17852938316043826,2.5844323183388904,1.2922161591694452,0.46622707266444374
50.999751806259155,0.11210731461978557,0.17852938316043826,2.5844323183388904,1.2922161591694452,0.46622707266444374
51.0997576713562,0.10600728399611817,0.16955704997616722,2.5756760279948114,1.2878380139974057,0.4697295888020754
51.20051121711731,0.10251982663354109,0.16433029316817846,2.5665045163895766,1.2832522581947883,0.47339819344416934
51.29960751533508,0.09957796027298528,0.15972201688497986,2.542738699573949,1.2713693497869745,0.4829045201704203
51.39974236488342,0.09636889263965029,0.15438871995970202,2.5164403275227016,1.2582201637613508,0.4934238689909194
51.50235867500305,0.09024312337652812,0.14313881649402066,2.461784427872375,1.2308922139361875,0.5152862288510499
51.599573373794556,0.08715493762331676,0.13681547387950818,2.4328028568257962,1.2164014284128981,0.5268788572696814
51.699747800827026,0.0839517723969438,0.12969213561374404,2.4030429093336676,1.2015214546668338,0.5387828362665329
51.79968309402466,0.08110099844235906,0.12275101623221865,2.3734975294475644,1.1867487647237822,0.5506009882209741
51.89944052696228,0.07608451015975272,0.10861012571791333,2.313339676321609,1.1566698381608045,0.5746641294713564
51.999550580978394,0.07608451015975272,0.10861012571791333,2.313339676321609,1.1566698381608045,0.5746641294713564
52.09965753555298,0.07414622168061931,0.10220881085077912,2.2842198095324386,1.1421099047662193,0.5863120761870245
52.19949793815613,0.0706394309643364,0.08822529405909815,2.2254751490082296,1.1127375745041148,0.6098099403967081
52.299763679504395,0.0706394309643364,0.08822529405909815,2.2254751490082296,1.1127375745041148,0.6098099403967081
52.39964985847473,0.06798533478334857,0.07391223401754114,2.1718864047075592,1.0859432023537796,0.6312454381169763
52.49957990646362,0.06705140875875341,0.0671879713812667,2.1435901630762655,1.0717950815381327,0.6425639347694938
52.59962344169617,0.06615719697851744,0.059031591342020406,2.1185546558840427,1.0592773279420213,0.6525781376463828
52.699564933776855,0.0651910345925768,0.04449184538227744,2.069847210631414,1.034923605315707,0.6720611157474344
52.79979491233826,0.06499678640848686,0.037429002107287244,2.046271378393252,1.023135689196626,0.6814914486426993
52.899710178375244,0.0649785362572225,0.028885431583301067,2.0261791328370773,1.0130895664185386,0.6895283468651691
52.99953651428223,0.0651284064182518,0.02160484384891425,2.0079101261036225,1.0039550630518113,0.696835949558551
53.099677085876465,0.06600343873732938,0.0050827583728538265,1.9723097670204512,0.9861548835102256,0.7110760931918194
53.199575424194336,0.06670510090893937,-0.003361531909460417,1.9576458507015113,0.9788229253507557,0.7169416597193954
53.29959678649902,0.06749922907602122,-0.01125727051655786,1.9457338932191635,0.9728669466095817,0.7217064427123345
53.399561643600464,0.06860097537605298,-0.020712393162100565,1.9319880950696118,0.9659940475348059,0.7272047619721552
53.49961018562317,0.06967044701027363,-0.028845519178631134,1.9239920459234592,0.9619960229617296,0.7304031816306162
53.599732398986816,0.07237560189048553,-0.04684183283835791,1.9074362159355291,0.9537181079677646,0.7370255136257883
53.699662923812866,0.07393587871988642,-0.05612979625130612,1.9001930247688466,0.9500965123844233,0.7399227900924613
53.799681663513184,0.07393587871988642,-0.05612979625130612,1.9001930247688466,0.9500965123844233,0.7399227900924613
53.89968967437744,0.07734072194535353,-0.07477108289466933,1.8905888791641394,0.9452944395820697,0.7437644483343442
54.00227928161621,0.0811192207890455,-0.09369880542268168,1.8831836952341043,0.9415918476170522,0.7467265219063582
54.0998158454895,0.08318593073311258,-0.10341929492463109,1.880568862319264,0.940284431159632,0.7477724550722944
54.19975209236145,0.08318593073311258,-0.10341929492463109,1.880568862319264,0.940284431159632,0.7477724550722944
54.299954414367676,0.0873128596776242,-0.12207179980856964,1.8777647823352752,0.9388823911676376,0.7488940870658899
54.39988470077515,0.09146291942138826,-0.14000322528833747,1.8752223955968677,0.9376111977984338,0.7499110417612529
54.50236535072327,0.09343672160437973,-0.1482431195253976,1.8754464606374572,0.9377232303187286,0.749821415745017
54.59964966773987,0.09343672160437973,-0.1482431195253976,1.8754464606374572,0.9377232303187286,0.749821415745017
54.702258825302124,0.09803504827079076,-0.16673379661590695,1.8696505949268425,0.9348252974634212,0.7521397620292629
54.80229306221008,0.10286189353252018,-0.1850674836624058,1.8638600547469495,0.9319300273734747,0.7544559781012201
54.89961576461792,0.10559381104613966,-0.1949449475751516,1.8585415342795533,0.9292707671397766,0.7565833862881787
54.99960398674011,0.10559381104613966,-0.1949449475751516,1.8585415342795533,0.9292707671397766,0.7565833862881787
55.09971570968628,0.11148420329824696,-0.2150178673199698,1.8449978349168585,0.9224989174584293,0.7620008660332566
55.199787616729736,0.11462336395050851,-0.22504912284692907,1.8365398277294758,0.9182699138647379,0.7653840689082096
55.29987549781799,0.1210731548147189,-0.24426872462232652,1.817334636122073,0.9086673180610365,0.7730661455511707
55.399614095687866,0.1210731548147189,-0.24426872462232652,1.817334636122073,0.9086673180610365,0.7730661455511707
55.4996075630188,0.1285622565445953,-0.26443739236939673,1.7915091609157547,0.8957545804578774,0.783396335633698
55.599374771118164,0.13225477875303532,-0.27361432778674166,1.776943329617585,0.8884716648087925,0.7892226681529659
55.69968509674072,0.13225477875303532,-0.27361432778674166,1.776943329617585,0.8884716648087925,0.7892226681529659
55.80272841453552,0.1396780387236989,-0.29070909810883516,1.7476470999012688,0.8738235499506344,0.8009411600394925
55.89958596229553,0.1396780387236989,-0.29070909810883516,1.7476470999012688,0.8738235499506344,0.8009411600394925
55.999645948410034,0.14840183661022358,-0.3087020326327403,1.7109339221301614,0.8554669610650807,0.8156264311479354
56.10079789161682,0.15323467850908817,-0.31782097051170055,1.6904546227739123,0.8452273113869562,0.823818150890435
56.202271461486816,0.16352362467623477,-0.3355631557307721,1.6473066689381488,0.8236533344690744,0.8410773324247405
56.29967451095581,0.16352362467623477,-0.3355631557307721,1.6473066689381488,0.8236533344690744,0.8410773324247405
56.39988923072815,0.17565352036602805,-0.3541222333506058,1.602608979591679,0.8013044897958395,0.8589564081633284
56.49967861175537,0.1822578944075777,-0.3633738649516663,1.5800345840117065,0.7900172920058532,0.8679861663953173
56.59959936141968,0.19697502201127826,-0.38226708453933667,1.5352697501736965,0.7676348750868482,0.8858920999305213
56.699570417404175,0.19697502201127826,-0.38226708453933667,1.5352697501736965,0.7676348750868482,0.8858920999305213
56.80255341529846,0.21149426386118086,-0.39890435411111963,1.490663260528697,0.7453316302643485,0.9037346957885212
56.89970779418945,0.21942638444759843,-0.4072900310655074,1.4694133333569144,0.7347066666784572,0.9122346666572342
57.00224852561951,0.23523298481153948,-0.4227717383040009,1.428633753107968,0.714316876553984,0.9285464987568127
57.09957504272461,0.23523298481153948,-0.4227717383040009,1.428633753107968,0.714316876553984,0.9285464987568127
57.199952602386475,0.2520488217490607,-0.4377580349879221,1.3936503964275635,0.6968251982137817,0.9425398414289746
57.29965591430664,0.26056646365343183,-0.444863914443872,1.3785151735374819,0.6892575867687409,0.9485939305850072
57.40225434303284,0.2778000553554926,-0.45839351697802444,1.3491756358768723,0.6745878179384361,0.9603297456492511
57.499629497528076,0.2778000553554926,-0.45839351697802444,1.3491756358768723,0.6745878179384361,0.9603297456492511
57.59961128234863,0.29657242997611233,-0.47208741065558885,1.3263323815430184,0.6631661907715092,0.9694670473827927
57.699703216552734,0.3069753357087272,-0.4793096333589063,1.3172504024667895,0.6586252012333947,0.9730998390132842
57.800297498703,0.3271598821315797,-0.49268893899843047,1.301375898527903,0.6506879492639515,0.9794496405888388
57.89963507652283,0.3271598821315797,-0.49268893899843047,1.301375898527903,0.6506879492639515,0.9794496405888388
57.999813079833984,0.338203200692088,-0.4997091996911592,1.29408768511908,0.64704384255954,0.982364925952368
58.10236597061157,0.3584171266646005,-0.5121193604057633,1.2870571607281915,0.6435285803640958,0.9851771357087233
58.20032215118408,0.3798717809593638,-0.5248150812250942,1.2830206667174866,0.6415103333587433,0.9867917333130053
58.29966902732849,0.3798717809593638,-0.5248150812250942,1.2830206667174866,0.6415103333587433,0.9867917333130053
58.401511907577515,0.39059797177927535,-0.5310193638283377,1.2821694600056603,0.6410847300028302,0.9871322159977358
58.50212812423706,0.41204382984082843,-0.5432000912383885,1.2824978281957822,0.6412489140978911,0.9870008687216871
58.59976243972778,0.4332929836530051,-0.5550343355296813,1.284328613983766,0.642164306991883,0.9862685544064936
58.69966220855713,0.4332929836530051,-0.5550343355296813,1.284328613983766,0.642164306991883,0.9862685544064936
58.79975247383118,0.4429029839060406,-0.5603098155358281,1.2874919425670925,0.6437459712835463,0.985003222973163
58.90197134017944,0.46456615124058837,-0.5719747738066455,1.2868509514651734,0.6434254757325867,0.9852596194139306
58.99994707107544,0.47663838558111205,-0.5783334980255364,1.2827303974299564,0.6413651987149782,0.9869078410280174
59.09969639778137,0.48600334696031333,-0.5831915291634526,1.2853091482623582,0.6426545741311791,0.9858763406950567
59.19963479042053,0.48600334696031333,-0.5831915291634526,1.2853091482623582,0.6426545741311791,0.9858763406950567
59.29977512359619,0.4970861363670762,-0.5888986880241677,1.2869274654480156,0.6434637327240078,0.9852290138207938
59.40236711502075,0.5173382378579938,-0.5991062050944372,1.2824727354353898,0.6412363677176949,0.987010905825844
59.49963116645813,0.5367141158764024,-0.6084978384612862,1.2755840892396106,0.6377920446198053,0.9897663643041558
59.60026836395264,0.5367141158764024,-0.6084978384612862,1.2755840892396106,0.6377920446198053,0.9897663643041558
59.699912786483765,0.5477837452041016,-0.6136624446551653,1.2678707663596653,0.6339353831798327,0.9928516934561339
59.79964232444763,0.557156519853818,-0.6179036210362737,1.2620192701205297,0.6310096350602649,0.995192291951788
59.899752140045166,0.5675268646198829,-0.6224609892476228,1.2570835967087268,0.6285417983543634,0.9971665613165093
60.00009751319885,0.5885213995317691,-0.6311987935770434,1.2359307026957576,0.6179653513478788,1.005627718921697
60.099788427352905,0.5992151392178153,-0.6353452789843296,1.2234557931030428,0.6117278965515214,1.010617682758783
60.19967818260193,0.5992151392178153,-0.6353452789843296,1.2234557931030428,0.6117278965515214,1.010617682758783
60.299691915512085,0.6227657951388098,-0.6437015076550551,1.1938665718884027,0.5969332859442014,1.0224533712446389
60.39966678619385,0.6329836689560452,-0.6469785066989896,1.178431353163259,0.5892156765816295,1.0286274587346964
60.49963331222534,0.6442116222006554,-0.6503256129630961,1.1622039837257427,0.5811019918628714,1.035118406509703
60.60247468948364,0.655585242557279,-0.6534730849903254,1.1473789538880348,0.5736894769440174,1.0410484184447861
60.69973182678223,0.655585242557279,-0.6534730849903254,1.1473789538880348,0.5736894769440174,1.0410484184447861
60.79996871948242,0.6776793880016928,-0.6587923585592138,1.1095116531077225,0.5547558265538612,1.056195338756911
60.89971208572388,0.6902209353457877,-0.6613219790221675,1.0894114871431473,0.5447057435715736,1.0642354051427412
61.00641751289368,0.7009590574934852,-0.6631977127751197,1.068166887597745,0.5340834437988725,1.072733244960902
61.09966778755188,0.7127011496569967,-0.6649436358201516,1.046933519844772,0.523466759922386,1.0812265920620912
61.20236372947693,0.7362393451095702,-0.6674750236163631,1.003682713276422,0.501841356638211,1.0985269146894312
61.29975748062134,0.7470387194295686,-0.6682062702205147,0.9816026260125761,0.49080131300628804,1.1073589495949696
61.40144944190979,0.7588217280945013,-0.6687033874360034,0.9601592272567193,0.48007961362835966,1.1159363090973122
61.4998242855072,0.7706491799660509,-0.6688907924591384,0.9392291269293491,0.46961456346467456,1.1243083492282604
61.6040313243866,0.7952782224674385,-0.6683491155304273,0.8991091522351453,0.44955457611757266,1.140356339105942
61.69969630241394,0.8060433174027982,-0.6677172330679069,0.8796831431892967,0.4398415715946484,1.1481267427242812
61.801833152770996,0.8178441857640896,-0.6667600389223541,0.8614113799245238,0.4307056899622619,1.1554354480301905
61.89962029457092,0.8296938922275453,-0.66553089466067,0.8442212640745209,0.42211063203726046,1.1623114943701915
61.99980592727661,0.853424304450192,-0.6623521865506613,0.8153395390186647,0.40766976950933237,1.1738641843925341
62.10011386871338,0.8653229607517801,-0.6604198237156479,0.8014747109342703,0.4007373554671351,1.179410115626292
62.20642423629761,0.8772431568914402,-0.6582710634629096,0.788823058951981,0.3944115294759905,1.1844707764192075
62.29963707923889,0.890326376157207,-0.6557440814033106,0.7864136712141342,0.3932068356070671,1.1854345315143462
62.40239214897156,0.9143805704029698,-0.6507488695997475,0.771043092389702,0.385521546194851,1.1915827630441191
62.49958825111389,0.9272968471035143,-0.6477945628156964,0.7618078238072155,0.38090391190360773,1.1952768704771137
62.60209393501282,0.9382901906338561,-0.6451423838428709,0.7562312433759508,0.3781156216879754,1.1975075026496196
62.69972348213196,0.9502143296533657,-0.6421383590755821,0.7504494837918869,0.37522474189594346,1.1998202064832453
62.79972243309021,0.973998921541214,-0.6357962112367074,0.7419402324728734,0.3709701162364367,1.2032239070108506
62.8996160030365,0.9857805812861559,-0.6325082528550254,0.7388686732484862,0.3694343366242431,1.2044525307006055
62.999552726745605,0.9965969555584626,-0.6294184522474652,0.7404118958679928,0.3702059479339964,1.2038352416528029
63.099628925323486,0.9965969555584626,-0.6294184522474652,0.7404118958679928,0.3702059479339964,1.2038352416528029
63.19960689544678,1.0197556855213388,-0.6226825513024038,0.7410428326250038,0.3705214163125019,1.2035828669499984
63.29964995384216,1.0424696990111633,-0.6159086226702709,0.7418534748551895,0.37092673742759474,1.2032586100579241
63.40083026885986,1.0536046364622478,-0.6125214427552982,0.7427381101424115,0.37136905507120577,1.2029047559430355
63.49988579750061,1.0536046364622478,-0.6125214427552982,0.7427381101424115,0.37136905507120577,1.2029047559430355
63.59977102279663,1.0763059198156373,-0.6054362364444904,0.7412956823120587,0.37064784115602933,1.2034817270751765
63.6995575428009,1.0976213198162053,-0.598501590193763,0.7365120517969383,0.3682560258984692,1.2053951792812247
63.79971361160278,1.1090398043438434,-0.594652991286409,0.7329463253747122,0.3664731626873561,1.2068214698501152
63.899643421173096,1.1090398043438434,-0.594652991286409,0.7329463253747122,0.3664731626873561,1.2068214698501152
63.99961614608765,1.1296572410849814,-0.587466236070312,0.7253098204814759,0.3626549102407379,1.2098760718074097
64.09963083267212,1.139020239897174,-0.5840719160395889,0.7241224378847111,0.36206121894235554,1.2103510248461156
64.19969868659973,1.149189239679803,-0.5803041285000137,0.7197195600560524,0.3598597800280262,1.212112175977579
64.30081248283386,1.1601852278224138,-0.5761362687800602,0.7135495644298742,0.3567747822149371,1.2145801742280504
64.39960765838623,1.1693406230937595,-0.5725477801210399,0.7048738174948439,0.35243690874742195,1.2180504730020625
64.50552010536194,1.1793414928935733,-0.5684637774145557,0.6932830811124135,0.3466415405562068,1.2226867675550346
64.60236883163452,1.1992782394561698,-0.559739909541352,0.6662582916427593,0.33312914582137965,1.2334966833428962
64.69965362548828,1.209197288072302,-0.5550722391556113,0.6508050559538632,0.3254025279769316,1.2396779776184548
64.7998616695404,1.2190725888187166,-0.5501847491860629,0.634084785842119,0.3170423929210595,1.2463660856631524
64.89987301826477,1.228893513500936,-0.5450635299644481,0.6161499654211784,0.3080749827105892,1.2535400138315287
64.99974775314331,1.238635953286603,-0.5397048881627929,0.5970342677757178,0.2985171338878589,1.2611862928897128
65.09964752197266,1.2482844944186053,-0.5340986702958586,0.5768155021411308,0.2884077510705654,1.2692737991435477
65.20233535766602,1.257865880657158,-0.5282598464914421,0.5603629410156903,0.28018147050784514,1.275854823593724
65.29988241195679,1.2665691381727433,-0.5226756342956221,0.5384098236687501,0.26920491183437506,1.2846360705325
65.40404653549194,1.2765953420665146,-0.5158624919010564,0.5153681716829893,0.25768408584149466,1.2938527313268042
65.49967312812805,1.2938983181123596,-0.5030401081928816,0.46741443655873594,0.23370721827936797,1.3130342253765055
65.59961366653442,1.3026112819168794,-0.4960149204031108,0.4427285862143372,0.2213642931071686,1.3229085655142652
65.69964408874512,1.3111498658463157,-0.48873476312231107,0.41786465437141707,0.20893232718570853,1.3328541382514332
65.7997031211853,1.320159231810259,-0.48060869346394913,0.3930259925872006,0.1965129962936003,1.3427896029651198
65.90030908584595,1.33673197234727,-0.4643499164548242,0.3431313402857933,0.17156567014289664,1.3627474638856827
65.99966502189636,1.3443368812552174,-0.45626128624523843,0.3184821615059168,0.1592410807529584,1.3726071353976332
66.0997633934021,1.3443368812552174,-0.45626128624523843,0.3184821615059168,0.1592410807529584,1.3726071353976332
66.19969749450684,1.3589141679988306,-0.43947793716671224,0.27069650730993033,0.13534825365496517,1.3917213970760278
66.29970192909241,1.3652729086276654,-0.43159396952686596,0.2504571754216518,0.1252285877108259,1.3998171298313393
66.39974308013916,1.3726666827874583,-0.4219812082697353,0.22804111321218098,0.11402055660609049,1.4087835547151275
66.49975490570068,1.3793217647943703,-0.41296516983201365,0.2143004160755697,0.10715020803778486,1.4142798335697722
66.59977674484253,1.3793217647943703,-0.41296516983201365,0.2143004160755697,0.10715020803778486,1.4142798335697722
66.7025146484375,1.3915868659888448,-0.395359629742345,0.1791805570225835,0.08959027851129175,1.4283277771909666
66.79968309402466,1.4038121784203281,-0.3763318418884133,0.1439389244688094,0.0719694622344047,1.4424244302124762
66.900723695755,1.4097065467876875,-0.36658985430434843,0.1279515040315211,0.06397575201576056,1.4488193983873916
66.99966478347778,1.4097065467876875,-0.36658985430434843,0.1279515040315211,0.06397575201576056,1.4488193983873916
67.09961986541748,1.4215409910608037,-0.34588355035044177,0.09762994060018015,0.04881497030009008,1.460948023759928
67.1998302936554,1.4323877905753517,-0.3255513078842168,0.07280001874302999,0.036400009371514996,1.470879992502788
67.29961228370667,1.4323877905753517,-0.3255513078842168,0.07280001874302999,0.036400009371514996,1.470879992502788
67.3996217250824,1.4376415545835322,-0.31530746374865953,0.06446207460829778,0.03223103730414889,1.4742151701566808
67.50041055679321,1.4428002909802637,-0.30504783623737186,0.06112536730243834,0.03056268365121917,1.4755498530790248
67.59967255592346,1.4474983438230857,-0.29557966846160966,0.05548880828644043,0.027744404143220214,1.477804476685424
67.69967412948608,1.4574362108799597,-0.2752393921085454,0.04693635677171226,0.02346817838585613,1.481225457291315
67.7997100353241,1.4622260548725314,-0.2651914784601669,0.03899896879430664,0.01949948439715332,1.4844004124822774
67.90241718292236,1.4668921532364885,-0.2552103653545178,0.03128995297627801,0.015644976488139006,1.4874840188094889
68.00011420249939,1.4759742993368938,-0.2353798459995647,0.022324578010066043,0.011162289005033021,1.4910701687959735
68.10230922698975,1.480731466328798,-0.2247879915573636,0.01786450089299407,0.008932250446497035,1.4928541996428024
68.19974756240845,1.4849616401709247,-0.215167122752314,0.009738007963677743,0.004869003981838872,1.496104796814529
68.29963254928589,1.4849616401709247,-0.215167122752314,0.009738007963677743,0.004869003981838872,1.496104796814529
68.39966893196106,1.493372370343232,-0.195255887111077,-0.01074670479492501,-0.005373352397462505,1.49570131808203
68.50000095367432,1.501259454938355,-0.1754552384382168,-0.03382638793320125,-0.016913193966600626,1.4864694448267195
68.60237693786621,1.5045264076078555,-0.16687057279931147,-0.04287512993205844,-0.02143756496602922,1.4828499480271766
68.69975590705872,1.5045264076078555,-0.16687057279931147,-0.04287512993205844,-0.02143756496602922,1.4828499480271766
68.79961705207825,1.5079952219526793,-0.1574525174025501,-0.05400070678779789,-0.027000353393898946,1.4783997172848808
68.8997254371643,1.511359440652497,-0.1479878237392994,-0.0678194171616795,-0.03390970858083975,1.4728722331353281
69.00241374969482,1.5176008827536207,-0.1298010146638991,-0.08382723138743264,-0.04191361569371632,1.466469107445027
69.09972500801086,1.52085339085822,-0.11964990429023493,-0.10688380766164185,-0.053441903830820925,1.4572464769353433
69.20065379142761,1.52085339085822,-0.11964990429023493,-0.10688380766164185,-0.053441903830820925,1.4572464769353433
69.29964423179626,1.5256035947552262,-0.1023474519871945,-0.16887254351844616,-0.08443627175922308,1.4324509825926215
69.40212368965149,1.5276902775011931,-0.09306497834044003,-0.20303231837458457,-0.10151615918729229,1.4187870726501661
69.49982595443726,1.529510818530005,-0.08350012260853694,-0.23842113488527295,-0.11921056744263647,1.404631546045891
69.59998941421509,1.531048359569653,-0.07371194714083773,-0.26405934576416334,-0.13202967288208167,1.3943762616943347
69.69976162910461,1.531048359569653,-0.07371194714083773,-0.26405934576416334,-0.13202967288208167,1.3943762616943347
69.79967975616455,1.5336636749455062,-0.05334432137297869,-0.31035359227607473,-0.15517679613803737,1.37585856308957
69.90236067771912,1.5345821810457276,-0.04359676975471626,-0.3378486029227287,-0.16892430146136436,1.3648605588309084
69.9996223449707,1.535557212545054,-0.022694786572564535,-0.4172183655214172,-0.2086091827607086,1.333112653791433
70.09965920448303,1.535557212545054,-0.022694786572564535,-0.4172183655214172,-0.2086091827607086,1.333112653791433
70.19982528686523,1.5349419192244347,-0.0015048542984295275,-0.5005779549134333,-0.25028897745671663,1.2997688180346267
70.30194306373596,1.5341108123371516,0.008295206682833522,-0.5412259681427319,-0.27061298407136597,1.283509612742907
70.39966416358948,1.532804118423723,0.019059460202399042,-0.5837469580712014,-0.2918734790356007,1.2665012167715195
70.50111484527588,1.5312888691564344,0.028986176000474387,-0.6109511767359261,-0.30547558836796307,1.2556195293056296
70.5996162891388,1.5312888691564344,0.028986176000474387,-0.6109511767359261,-0.30547558836796307,1.2556195293056296
70.69984245300293,1.5271247857229995,0.05137683532982678,-0.6719772456531685,-0.33598862282658426,1.2312091017387325
70.80246663093567,1.5247414812586229,0.061957444311833386,-0.7058477179651008,-0.3529238589825504,1.2176609128139597
70.90237331390381,1.518974743831448,0.0829444751307144,-0.7839658416928036,-0.3919829208464018,1.1864136633228786
71.0001380443573,1.518974743831448,0.0829444751307144,-0.7839658416928036,-0.3919829208464018,1.1864136633228786
71.0997085571289,1.5119730700205074,0.10361942481922831,-0.8518423520959044,-0.4259211760479522,1.1592630591616382
71.19987964630127,1.5080429981695098,0.11386349834970601,-0.8845670210057957,-0.4422835105028978,1.1461731915976818
71.3023772239685,1.4997734825844289,0.13333816080660088,-0.9503721940308594,-0.4751860970154297,1.1198511223876562
71.39963793754578,1.4997734825844289,0.13333816080660088,-0.9503721940308594,-0.4751860970154297,1.1198511223876562
71.50239491462708,1.4899642730547311,0.15362676167555042,-1.016504957207527,-0.5082524786037635,1.0933980171169893
71.60004949569702,1.4840746833557328,0.16476382825685207,-1.0517304914844738,-0.5258652457422369,1.0793078034062105
71.69985604286194,1.4720957464001665,0.185706659338614,-1.1146455937624267,-0.5573227968812133,1.0541417624950293
71.79964256286621,1.4720957464001665,0.185706659338614,-1.1146455937624267,-0.5573227968812133,1.0541417624950293
71.89963555335999,1.4588048380733656,0.20700816702099692,-1.173667447420168,-0.586833723710084,1.0305330210319328
71.99982714653015,1.4512308141497394,0.21847258712832113,-1.205033022302283,-0.6025165111511415,1.0179867910790867
72.0995979309082,1.4440177128048788,0.22902586859596738,-1.2323343548163561,-0.6161671774081781,1.0070662580734575
72.19976997375488,1.43738254949068,0.23849563335524576,-1.2477703015005783,-0.6238851507502892,1.0008918793997688
72.29980659484863,1.4308025637236548,0.2478611753864868,-1.2647449538771878,-0.6323724769385939,0.9941020184491248
72.39976525306702,1.4241682780579747,0.2572259541646686,-1.2758615845879289,-0.6379307922939644,0.9896553661648284
72.49958348274231,1.4112686912016863,0.2752925589440201,-1.309860409700435,-0.6549302048502175,0.976055836119826
72.59972906112671,1.405366872552601,0.28344445120747985,-1.3200591072650791,-0.6600295536325396,0.9719763570939683
72.69967603683472,1.3984244069938079,0.29288247174516574,-1.345591059305976,-0.672795529652988,0.9617635762776097
72.79972290992737,1.3849561527390564,0.3105423565629416,-1.3898842512171532,-0.6949421256085766,0.9440462995131387
72.90053820610046,1.377911924739606,0.31948581733288983,-1.4125968665750372,-0.7062984332875186,0.934961253369985
72.99979758262634,1.3710694383269337,0.3280529039994002,-1.4275875235324342,-0.7137937617662171,0.9289649905870263
73.09970545768738,1.3710694383269337,0.3280529039994002,-1.4275875235324342,-0.7137937617662171,0.9289649905870263
73.1997582912445,1.364726590802462,0.3359828316649186,-1.4352678906963927,-0.7176339453481964,0.9258928437214429
73.29973983764648,1.3525584600534024,0.3509500751031808,-1.4773926415326901,-0.7386963207663451,0.9090429433869239
73.399738073349,1.345263851360619,0.35958725656579427,-1.5057854244701294,-0.7528927122350647,0.8976858302119481
73.49962186813354,1.3388958210138286,0.3669212196165098,-1.5282678181001677,-0.7641339090500838,0.8886928727599329
73.59961342811584,1.331794515529066,0.3749108466471072,-1.552638197767147,-0.7763190988835735,0.8789447208931411
73.69970560073853,1.331794515529066,0.3749108466471072,-1.552638197767147,-0.7763190988835735,0.8789447208931411
73.79964542388916,1.3182907263822097,0.38965688130309045,-1.5934573736800233,-0.7967286868400116,0.8626170505279906
73.89983034133911,1.3050643502112864,0.4032762255656577,-1.6502936571945352,-0.8251468285972676,0.8398825371221859
73.9996292591095,1.3050643502112864,0.4032762255656577,-1.6502936571945352,-0.8251468285972676,0.8398825371221859
74.09963274002075,1.297668407852436,0.4104733635890846,-1.6817593921388736,-0.8408796960694368,0.8272962431444505
74.19984841346741,1.2892636874548284,0.4183058757551148,-1.7168085731553586,-0.8584042865776793,0.8132765707378565
74.29973888397217,1.2816013450541435,0.42518705904311227,-1.7404467432892305,-0.8702233716446153,0.8038213026843077
74.40251445770264,1.2669550108860717,0.4375748855260125,-1.8088221775145108,-0.9044110887572554,0.7764711289941957
74.49960947036743,1.2588956259684911,0.44390884950566895,-1.8438157802587534,-0.9219078901293767,0.7624736878964986
74.59969329833984,1.2588956259684911,0.44390884950566895,-1.8438157802587534,-0.9219078901293767,0.7624736878964986
74.69980096817017,1.2417123473126042,0.45639098700761604,-1.916241459868726,-0.958120729934363,0.7335034160525096
74.79964995384216,1.2417123473126042,0.45639098700761604,-1.916241459868726,-0.958120729934363,0.7335034160525096
74.9023609161377,1.2263347837987804,0.46650009503832185,-1.9825969883472188,-0.9912984941736094,0.7069612046611125
75.00028133392334,1.2183174047956893,0.4713230681007575,-2.0181992588290103,-1.0090996294145052,0.6927202964683958
75.0998044013977,1.2183174047956893,0.4713230681007575,-2.0181992588290103,-1.0090996294145052,0.6927202964683958
75.199716091156,1.200729774892146,0.48098775548141603,-2.0892581146547786,-1.0446290573273893,0.6642967541380885
75.29979062080383,1.200729774892146,0.48098775548141603,-2.0892581146547786,-1.0446290573273893,0.6642967541380885
75.40643882751465,1.1924388373208126,0.4851679719661544,-2.118445075517398,-1.059222537758699,0.6526219697930408
75.50250124931335,1.1856977702921456,0.4883485046040696,-2.152601360371138,-1.076300680185569,0.6389594558515448
75.6012692451477,1.1780762704002312,0.4917144178447699,-2.184016073220552,-1.092008036610276,0.6263935707117791
75.69979214668274,1.1627343443747995,0.4978198072086772,-2.246400718954344,-1.123200359477172,0.6014397124182623
75.79979610443115,1.1543026456247538,0.5008312169717695,-2.2789118992002715,-1.1394559496001357,0.5884352403198914
75.90234136581421,1.1455752670062096,0.5037112652593065,-2.3072318740625675,-1.1536159370312837,0.577107250374973
75.99984002113342,1.137360180574327,0.5062383310144698,-2.3331132199385602,-1.1665566099692801,0.5667547120245758
76.0997223854065,1.1184466910243864,0.5114536485819615,-2.385427920390133,-1.1927139601950665,0.5458288318439468
76.19959139823914,1.1085211629748697,0.5139064491156686,-2.4079275058594907,-1.2039637529297453,0.5368289976562037
76.30204439163208,1.098283321544405,0.5162733801981115,-2.429163981377063,-1.2145819906885316,0.5283344074491747
76.39975690841675,1.087729404700576,0.5185608586323551,-2.448917596022608,-1.224458798011304,0.5204329615909568
76.4996657371521,1.0656920688789269,0.5229222121796784,-2.484729066089063,-1.2423645330445314,0.5061083735643748
76.59980177879333,1.0542160678107366,0.5250092423779126,-2.500703772430682,-1.250351886215341,0.49971849102772703
76.70013570785522,1.0424439743465168,0.5270438008418915,-2.5155215360783374,-1.2577607680391687,0.4937913855686651
76.79971623420715,1.0424439743465168,0.5270438008418915,-2.5155215360783374,-1.2577607680391687,0.4937913855686651
76.89953136444092,1.0247660684590734,0.5299658711633625,-2.531609993254865,-1.2658049966274325,0.4873560026980539
76.99959468841553,1.018381878787116,0.5309850788253698,-2.5401937976750237,-1.2700968988375119,0.48392248092999046
77.09965252876282,1.012315500337469,0.5319367807164741,-2.5433075627390944,-1.2716537813695472,0.48267697490436223
77.1997880935669,1.0058757338839934,0.5329578500877913,-2.5441854786967704,-1.2720927393483852,0.4823258085212918
77.29956340789795,0.9938271623053371,0.5349337263410564,-2.5514555399710677,-1.2757277699855338,0.479417784011573
77.39962148666382,0.9878896914203608,0.5358963495529896,-2.551856204839112,-1.275928102419556,0.47925751806435524
77.49999022483826,0.9761270597010517,0.5377956166459034,-2.5580718752909153,-1.2790359376454576,0.47677124988363384
77.59963941574097,0.9761270597010517,0.5377956166459034,-2.5580718752909153,-1.2790359376454576,0.47677124988363384
77.69959592819214,0.9651020150710433,0.5396076954615111,-2.559748016773921,-1.2798740083869604,0.47610079329043153
77.79954147338867,0.9598129568388777,0.5404779906066598,-2.5586889134739135,-1.2793444567369567,0.4765244346104345
77.89977669715881,0.9542137119502111,0.5414222396331603,-2.5627514285337685,-1.2813757142668842,0.4748994285864925
78.00092077255249,0.94919426957156,0.5422831168417003,-2.5582646098777606,-1.2791323049388803,0.47669415604889576
78.09980916976929,0.9436585352583062,0.5432199319785813,-2.5716784088578235,-1.2858392044289118,0.4713286364568705
78.2005262374878,0.938155536466375,0.544129601060565,-2.5708778797399696,-1.2854389398699848,0.4716488481040122
78.30236911773682,0.9266852576339646,0.5458507459747677,-2.608781067157895,-1.3043905335789474,0.4564875731368421
78.40000629425049,0.9210954604785516,0.5465742371380791,-2.6205049141447265,-1.3102524570723633,0.4517980343421093
78.49989533424377,0.9146864455978714,0.5473374756043676,-2.632268682675856,-1.316134341337928,0.4470925269296575
78.59959626197815,0.9079879371398812,0.548071475095454,-2.6450474211640786,-1.3225237105820393,0.4419810315343684
78.6999180316925,0.8937053342254266,0.5494003560463188,-2.6737517491001013,-1.3368758745500506,0.43049930035995954
78.7997179031372,0.8867466393290571,0.5499232374829408,-2.6886547739937545,-1.3443273869968773,0.42453809040249824
78.8996274471283,0.8867466393290571,0.5499232374829408,-2.6886547739937545,-1.3443273869968773,0.42453809040249824
78.9995846748352,0.8812423708049089,0.5502564414993769,-2.711299999659981,-1.3556499998299905,0.4154800001360075
79.09971976280212,0.8757125101411091,0.5504735710462749,-2.7273484298643385,-1.3636742149321692,0.4090606280542646
79.2018256187439,0.8656625702747088,0.5506289772458801,-2.7738994899085996,-1.3869497449542998,0.3904402040365602
79.2998116016388,0.8601784072517241,0.5505073566135157,-2.799777080939405,-1.3998885404697026,0.38008916762423794
79.39999270439148,0.8540199383777832,0.5502457791099665,-2.818150460241896,-1.409075230120948,0.37273981590324157
79.4997546672821,0.8480793063393932,0.5498716141593902,-2.841770737675642,-1.420885368837821,0.3632917049297433
79.60013222694397,0.8356071762559154,0.548746138093309,-2.879893537376,-1.439946768688,0.34804258504959984
79.70040011405945,0.829076584130658,0.5479779862362469,-2.898944608475528,-1.449472304237764,0.3404221566097887
79.79961824417114,0.8223571214990246,0.5470634898176364,-2.9175864485704945,-1.4587932242852473,0.33296542057180223
79.90038585662842,0.8160392204868722,0.546091877572701,-2.9363042469485476,-1.4681521234742738,0.32547830122058086
79.99951887130737,0.8017416316091157,0.5435163102685562,-2.9720229431817033,-1.4860114715908517,0.3111908227273186
80.09972310066223,0.8017416316091157,0.5435163102685562,-2.9720229431817033,-1.4860114715908517,0.3111908227273186
80.19974279403687,0.7972286054093259,0.5426055780265547,-2.974839862197092,-1.487419931098546,0.3100640551211631
80.29963493347168,0.7899579783080373,0.5410860412079346,-2.9981675526164584,-1.4990837763082292,0.30073297895341655
80.40017652511597,0.7830862664990431,0.5395146258630578,-3.013844171125015,-1.5069220855625074,0.2944623315499939
80.50026607513428,0.779573257840671,0.5386638142212843,-3.0224463053168247,-1.5112231526584123,0.29102147787327004
80.59973478317261,0.779573257840671,0.5386638142212843,-3.0224463053168247,-1.5112231526584123,0.29102147787327004
80.69986915588379,0.7721233537994376,0.5367486669441603,-3.0410190256182967,-1.5205095128091484,0.2835923897526813
80.80277442932129,0.7630615187842055,0.5342580329057371,-3.0564993209931246,-1.5282496604965623,0.27740027160275016
80.89976763725281,0.7630615187842055,0.5342580329057371,-3.0564993209931246,-1.5282496604965623,0.27740027160275016
80.99972748756409,0.6868178886628947,0.5117035178587712,-3.0672145732243092,-1.5336072866121546,0.2731141707102762
81.09979748725891,0.6732464703065504,0.5077045142811519,-3.0803572532844927,-1.5401786266422464,0.2678570986862028
81.20118927955627,0.6594703432018084,0.5034778714012494,-3.0865155239857964,-1.5432577619928982,0.26539379040568134
81.29997205734253,0.6519388129568814,0.5011433303866312,-3.0884745257188677,-1.5442372628594339,0.26461018971245287
81.40345907211304,0.6519388129568814,0.5011433303866312,-3.0884745257188677,-1.5442372628594339,0.26461018971245287
81.49982023239136,0.6368565356979111,0.4964186917036634,-3.093601826790948,-1.546800913395474,0.2625592692836207
81.59970712661743,0.6201482067913799,0.4910620497408035,-3.102914827258394,-1.551457413629197,0.2588340690966424
81.699960231781,0.6201482067913799,0.4910620497408035,-3.102914827258394,-1.551457413629197,0.2588340690966424
81.80110549926758,0.6114310836524899,0.4881977593349594,-3.108756508636546,-1.554378254318273,0.2564973965453816
81.8996810913086,0.6088604724908764,0.4873360094093439,-3.1169960895695477,-1.5584980447847738,0.25320156417218076
82.00039029121399,0.6062653770469939,0.4864431565546163,-3.1245937552669933,-1.5622968776334967,0.25016249789320266
82.09980130195618,0.600406821253742,0.4842528673696698,3.1170289364030843,1.5585144682015422,0.2531884254387662
82.19973397254944,0.5970695151046432,0.482898248850338,3.1037140245903054,1.5518570122951527,0.2585143901638778
82.30003786087036,0.5970695151046432,0.482898248850338,3.1037140245903054,1.5518570122951527,0.2585143901638778
82.39985203742981,0.5900295437913257,0.47991307465238303,3.08408807888284,1.54204403944142,0.26636476844686374
82.50056052207947,0.5860700749873571,0.47816400544834287,3.07374069624091,1.536870348120455,0.2705037215036359
82.59998440742493,0.5822483380569505,0.47642696513830163,3.062693132834009,1.5313465664170045,0.2749227468663964
82.69966125488281,0.5784645727338762,0.47465363820983836,3.045120183121683,1.5225600915608415,0.28195192675132663
82.79957604408264,0.5784645727338762,0.47465363820983836,3.045120183121683,1.5225600915608415,0.28195192675132663
82.89979124069214,0.5721973398984838,0.47143398640345346,2.9966141911701323,1.4983070955850661,0.30135432353194713
83.00063347816467,0.5692454131924961,0.46976687741700196,2.9690948183941783,1.4845474091970892,0.3123620726423286
83.10107922554016,0.56241203891141,0.46557119524599394,2.9318162006899096,1.4659081003449548,0.3272735197240362
83.19969606399536,0.56241203891141,0.46557119524599394,2.9318162006899096,1.4659081003449548,0.3272735197240362
83.3011314868927,0.5549552627027532,0.46073630466432686,2.9152510082084855,1.4576255041042427,0.33389959671660585
83.40110087394714,0.5513279232398389,0.45831577036014354,2.90716741074792,1.45358370537396,0.337133035700832
83.50135397911072,0.5432528035752247,0.45279192785154965,2.8937111497513155,1.4468555748756577,0.3425155400994737
83.60002112388611,0.5432528035752247,0.45279192785154965,2.8937111497513155,1.4468555748756577,0.3425155400994737
83.69980359077454,0.534089140652302,0.4463434279346099,2.8841218798392876,1.4420609399196438,0.34635124806428497
83.79979085922241,0.5292197593307638,0.4428583830518132,2.88060522756024,1.44030261378012,0.347757908975904
83.89980101585388,0.5193321841047388,0.43569645500224297,2.8760126662746663,1.4380063331373332,0.3495949334901334
84.00011849403381,0.5193321841047388,0.43569645500224297,2.8760126662746663,1.4380063331373332,0.3495949334901334
84.10137248039246,0.5087942223682623,0.42772439081928815,2.8471890196366507,1.4235945098183254,0.36112439214533976
84.1996648311615,0.5023587541203767,0.4227202752524308,2.848708265502035,1.4243541327510174,0.36051669379918594
84.30003547668457,0.4901999660466781,0.41329492369788956,2.854258039231837,1.4271290196159185,0.3582967843072651
84.39970469474792,0.4901999660466781,0.41329492369788956,2.854258039231837,1.4271290196159185,0.3582967843072651
84.49980592727661,0.47770842545743597,0.4037035956832741,2.8631579471937627,1.4315789735968814,0.3547368211224948
84.5998227596283,0.4714395250173848,0.39893890659603265,2.8688979632417713,1.4344489816208856,0.35244081470329136
84.70053005218506,0.4571661754931582,0.3882369590458126,2.88085452395148,1.44042726197574,0.34765819041940804
84.79971146583557,0.4571661754931582,0.3882369590458126,2.88085452395148,1.44042726197574,0.34765819041940804
84.89968419075012,0.4420379364022285,0.37713056254776334,2.8939764205079195,1.4469882102539597,0.34240943179683225
84.9997136592865,0.434153436753301,0.37144182548490134,2.9006881803705276,1.4503440901852638,0.339724727851789
85.09974551200867,0.41845999908880394,0.36030907472525986,2.9151339390514455,1.4575669695257227,0.3339464243794217
85.19975233078003,0.41845999908880394,0.36030907472525986,2.9151339390514455,1.4575669695257227,0.3339464243794217
85.3026955127716,0.4099708199324477,0.3543871910782837,2.9215794195925793,1.4607897097962896,0.3313682321629683
85.3997790813446,0.4005278691223417,0.34787478130603244,2.926968358382118,1.463484179191059,0.3292126566471527
85.50002408027649,0.39304752035728496,0.34276649369638135,2.9287614469014525,1.4643807234507262,0.3284954212394189
85.6010901927948,0.3871586438224933,0.3386101528802506,2.9060320954420145,1.4530160477210072,0.33758716182319426
85.69999074935913,0.3871586438224933,0.3386101528802506,2.9060320954420145,1.4530160477210072,0.33758716182319426
85.79995608329773,0.38351659204426125,0.3359865793278712,2.907266927653062,1.453633463826531,0.33709322893877514
85.90013146400452,0.37563784776034137,0.3303151087286744,2.908498743307843,1.4542493716539215,0.3366005026768628
85.99969840049744,0.3714030546609328,0.327262867514288,2.9084198264578256,1.4542099132289128,0.33663206941686963
86.10385394096375,0.3678244911990901,0.32464572198904684,2.8907118630111093,1.4453559315055546,0.3437152547955562
86.19969892501831,0.3678244911990901,0.32464572198904684,2.8907118630111093,1.4453559315055546,0.3437152547955562
86.29972171783447,0.3646727508458339,0.32222761389910287,2.868919976836968,1.434459988418484,0.3524320092652127
86.40146660804749,0.3573494417152033,0.3163060214543387,2.845482102112501,1.4227410510562506,0.3618071591549994
86.50164437294006,0.34912355596285005,0.30947273087169386,2.8422445061685226,1.4211222530842613,0.363102197532591
86.59981966018677,0.34912355596285005,0.30947273087169386,2.8422445061685226,1.4211222530842613,0.363102197532591
86.69996500015259,0.34485121246630573,0.30589533706886046,2.8401605214249717,1.4200802607124858,0.3639357914300112
86.79975986480713,0.3407822478571844,0.30246212986586507,2.8349152945995817,1.4174576472997908,0.3660338821601672
86.89973473548889,0.3376679026591913,0.2997834442065766,2.8195426718639194,1.4097713359319597,0.37218293125443225
87.0013074874878,0.33114070296065695,0.2937375281951481,2.7719820249851956,1.3859910124925978,0.39120719000592175
87.0996720790863,0.33114070296065695,0.2937375281951481,2.7719820249851956,1.3859910124925978,0.39120719000592175
87.20191407203674,0.32762757443453644,0.2902519209640563,2.7514528011735386,1.3757264005867693,0.3994188795305844
87.29975438117981,0.3205172198553163,0.28300293182441116,2.746481150542848,1.373240575271424,0.4014075397828607
87.39972352981567,0.3125050214285848,0.27472593822173413,2.7428866582141342,1.3714433291070671,0.4028453367143463
87.4998574256897,0.3125050214285848,0.27472593822173413,2.7428866582141342,1.3714433291070671,0.4028453367143463
87.60530734062195,0.3089496698410448,0.2710133272117297,2.7334364541098237,1.3667182270549119,0.40662541835607047
87.69973635673523,0.3089496698410448,0.2710133272117297,2.7334364541098237,1.3667182270549119,0.40662541835607047
87.80522155761719,0.30214165837473045,0.26342216180969147,2.698019966765189,1.3490099833825946,0.42079201329392424
87.90110635757446,0.29481368010042874,0.2550127179240215,2.698485466999346,1.349242733499673,0.42060581320026147
87.99979138374329,0.290915749067151,0.2505272687585063,2.699450172522627,1.3497250862613135,0.4202199309909491
88.09999632835388,0.290915749067151,0.2505272687585063,2.699450172522627,1.3497250862613135,0.4202199309909491
88.19976830482483,0.2830862685076138,0.24133712558351061,2.6807100940753212,1.3403550470376606,0.4277159623698714
88.29984974861145,0.27884218280638223,0.2361944945648952,2.668239191167133,1.3341195955835665,0.4327043235331467
88.40096974372864,0.2745073352131031,0.23079818001676838,2.667688141708633,1.3338440708543164,0.43292474331654685
88.49965000152588,0.2714178137705359,0.22687218324435487,2.646834315059509,1.3234171575297544,0.44126627397619633
88.59984540939331,0.2648907094776251,0.21812457659087942,2.619487449555663,1.3097437247778314,0.4522050201777348
88.69957065582275,0.25876005437469285,0.20943207750417772,2.5945815569354855,1.2972907784677428,0.4621673772258057
88.79966950416565,0.25876005437469285,0.20943207750417772,2.5945815569354855,1.2972907784677428,0.4621673772258057
88.8996205329895,0.2523808656035117,0.19986809015674611,2.5815690674089855,1.2907845337044928,0.46737237303640566
88.9999566078186,0.24920514738818925,0.19502767579669808,2.574934079890123,1.2874670399450614,0.4700263680439509
89.09990572929382,0.24343048742554305,0.18605365149756298,2.566792513879408,1.283396256939704,0.47328299444823685
89.19969391822815,0.24343048742554305,0.18605365149756298,2.566792513879408,1.283396256939704,0.47328299444823685
89.29981756210327,0.23720304002429252,0.17613791848658664,2.5662696327620225,1.2831348163810112,0.4734921468951909
89.39968633651733,0.23403122773295676,0.17110836273280003,2.571229090398258,1.285614545199129,0.4715083638406967
89.49980425834656,0.23122645289104116,0.16664908193430789,2.571324645898235,1.2856623229491175,0.4714701416407059
89.60126829147339,0.2282051805911295,0.1617436291724421,2.5555081769184684,1.2777540884592342,0.4777967292326126
89.70001649856567,0.22514106823066565,0.15659006932841993,2.5512131637672555,1.2756065818836277,0.47951473449309767
89.79981708526611,0.21934227185364072,0.14671774885031394,2.5371758107591638,1.2685879053795819,0.48512967569633436
89.90108704566956,0.2165487662637138,0.14176530245853877,2.527422085063077,1.2637110425315385,0.48903116597476903
89.99971318244934,0.21310885931924345,0.13567731154103932,2.5417573618826124,1.2708786809413062,0.4832970552469551
90.09991264343262,0.21003022017491113,0.13038209719385854,2.555303580016419,1.2776517900082096,0.4778785679934323
90.19969964027405,0.20306002078442054,0.11885063491045718,2.581780931452809,1.2908904657264044,0.4672876274188764
90.30103254318237,0.19878917548131553,0.11205168580315608,2.5953934865341646,1.2976967432670823,0.46184260538633404
90.40009140968323,0.19499582309306693,0.10615727396034395,2.6073761374389344,1.3036880687194672,0.4570495450244263
90.49964714050293,0.1906569699750568,0.09956307649029787,2.619694212098466,1.309847106049233,0.4521223151606135
90.59970736503601,0.18724515967268238,0.09447272602702995,2.629112147268362,1.314556073634181,0.4483551410926552
90.70009231567383,0.18390696808995713,0.08958951390741497,2.6379986756303446,1.3189993378151723,0.4448005297478621
90.80000472068787,0.1808030637285574,0.08511860613100666,2.644368123957311,1.3221840619786556,0.44225275041707546
90.89976716041565,0.17776975980200896,0.08064431194000007,2.622524120785573,1.3112620603927865,0.45099035168577073
90.9996509552002,0.17482231650182528,0.0760679848510197,2.59893004170411,1.299465020852055,0.460427983318356
91.09948253631592,0.16934294012234574,0.06670680170094145,2.5454278774633456,1.2727139387316728,0.4818288490146616
91.19980502128601,0.16659522998668505,0.061548243099327736,2.5207900748740997,1.2603950374370498,0.49168397005036013
91.29972839355469,0.16412522357941928,0.05661870060034585,2.4979926364015843,1.2489963182007922,0.5008029454393662
91.39965033531189,0.1615179060711265,0.05106792682160573,2.472076435908381,1.2360382179541904,0.5111694256366476
91.50018286705017,0.159039911573665,0.0453442352981384,2.4449834622570674,1.2224917311285337,0.5220066150971729
91.60115885734558,0.15437911625051023,0.033258925969911556,2.3931884476273613,1.1965942238136806,0.5427246209490555
91.70113492012024,0.15221980397780407,0.026777461059663214,2.3629603543714293,1.1814801771857146,0.5548158582514282
91.80001378059387,0.15037347771842474,0.020577125806761108,2.3298225003754482,1.1649112501877241,0.5680709998498207
91.90190529823303,0.14852624872775988,0.013539516306170278,2.3006284968364685,1.1503142484182343,0.5797486012654125
91.99971771240234,0.1454534806155818,-0.0014011443172222931,2.2325268823716318,1.1162634411858159,0.6069892470513473
92.10289025306702,0.14436556587191085,-0.008618893180877022,2.201420892548147,1.1007104462740736,0.6194316429807412
92.199711561203,0.14342048268636082,-0.016760708006617504,2.1697584530173475,1.0848792265086737,0.632096618793061
92.29995203018188,0.14273906053520824,-0.025168596333013053,2.1389175590555256,1.0694587795277628,0.6444329763777897
92.39968204498291,0.14221449200144606,-0.042753812258010546,2.0793009956973636,1.0396504978486818,0.6682796017210545
92.49986290931702,0.1423659149757775,-0.05113508020820768,2.0527428250920083,1.0263714125460042,0.6789028699631966
92.59980607032776,0.142872012323476,-0.0613163689905633,2.0238742576278668,1.0119371288139334,0.6904502969488533
92.69990158081055,0.14358117069210125,-0.07012930423096797,1.9996073803502141,0.9998036901751071,0.7001570478599143
92.79983067512512,0.14453495908194758,-0.07907468468468426,1.979560211306818,0.989780105653409,0.7081759154772728
92.89970970153809,0.14562914492816337,-0.08752690918284835,1.9631914018908543,0.9815957009454271,0.7147234392436582
92.99966645240784,0.1468963461399555,-0.09607201756350306,1.9490749839053905,0.9745374919526952,0.7203700064378438
93.09969544410706,0.1481918503149383,-0.10395329721632206,1.9376992841366727,0.9688496420683363,0.7249202863453309
93.1996259689331,0.15177579451154485,-0.12230195512026458,1.9030577120148413,0.9515288560074207,0.7387769151940634
93.29967021942139,0.1535946223279071,-0.13031821462749113,1.8899469118478784,0.9449734559239392,0.7440212352608486
93.39986324310303,0.15593538436681814,-0.1398515730934915,1.8720638143608754,0.9360319071804377,0.7511744742556498
93.4994843006134,0.1606248133070502,-0.1567126196722126,1.8405388373365252,0.9202694186682626,0.7637844650653899
93.59955406188965,0.16334576270189968,-0.16556840033700299,1.8296871287192595,0.9148435643596298,0.7681251485122962
93.69973945617676,0.16909477769360873,-0.1826138615463091,1.8015311620100136,0.9007655810050068,0.7793875351959945
93.79972410202026,0.16909477769360873,-0.1826138615463091,1.8015311620100136,0.9007655810050068,0.7793875351959945
93.89970517158508,0.1763202207838377,-0.20145830261877226,1.7642671092263609,0.8821335546131804,0.7942931563094556
93.99970650672913,0.18022817248037448,-0.21071772235282102,1.7472919522146955,0.8736459761073477,0.8010832191141217
94.09980368614197,0.18434399336886423,-0.21993212673923726,1.7343796862430652,0.8671898431215326,0.8062481255027739
94.19955515861511,0.18841798829973147,-0.22870184670227967,1.7255105902119077,0.8627552951059538,0.8097957639152369
94.29965376853943,0.19229527780890018,-0.23680292249596754,1.7181546991258956,0.8590773495629478,0.8127381203496418
94.39969325065613,0.19668101971009322,-0.2456204090634837,1.7083128569468558,0.8541564284734279,0.8166748572212577
94.49984216690063,0.20578855456594686,-0.2631406726080783,1.6921010863171717,0.8460505431585859,0.8231595654731313
94.60110211372375,0.21067406350632742,-0.27207053074017606,1.680372341551959,0.8401861707759795,0.8278510633792164
94.69968366622925,0.21067406350632742,-0.27207053074017606,1.680372341551959,0.8401861707759795,0.8278510633792164
94.80120301246643,0.22078435728659596,-0.28953403453182136,1.6575461673362173,0.8287730836681086,0.836981533065513
94.90524768829346,0.2325337423414756,-0.30817405648064544,1.6232324790142472,0.8116162395071236,0.8507070083943011
94.9997079372406,0.23892345997243009,-0.3175825084502669,1.6047736051283237,0.8023868025641618,0.8580905579486705
95.0996687412262,0.23892345997243009,-0.3175825084502669,1.6047736051283237,0.8023868025641618,0.8580905579486705
95.19975233078003,0.2524878778822286,-0.33609436310202634,1.5669051789716844,0.7834525894858422,0.8732379284113262
95.2997612953186,0.26768003562136367,-0.35478595375988253,1.5262211012953455,0.7631105506476727,0.8895115594818618
95.39985418319702,0.2747482188456434,-0.36284472342085733,1.5077783940104346,0.7538891970052173,0.8968886423958261
95.49968791007996,0.2747482188456434,-0.36284472342085733,1.5077783940104346,0.7538891970052173,0.8968886423958261
95.59973859786987,0.291782136473929,-0.3808444222288405,1.4661902255133357,0.7330951127566678,0.9135239097946657
95.69991493225098,0.3082424340733936,-0.3965213472670394,1.4259400498509929,0.7129700249254964,0.9296239800596028
95.79969716072083,0.31721632830913377,-0.40443813999909695,1.4051984906522264,0.7025992453261132,0.9379206037391095
95.89967679977417,0.31721632830913377,-0.40443813999909695,1.4051984906522264,0.7025992453261132,0.9379206037391095
95.99961638450623,0.3261062865470586,-0.4119042632903448,1.3877671569048404,0.6938835784524202,0.9448931372380638
96.09963512420654,0.344154504426436,-0.42598935478349576,1.3501822257001588,0.6750911128500794,0.9599271097199364
96.19976258277893,0.3534973550851696,-0.43279171390943705,1.336827967668579,0.6684139838342895,0.9652688129325684
96.3032078742981,0.36301441002707024,-0.4394723508454188,1.3247585331206673,0.6623792665603336,0.970096586751733
96.39973521232605,0.36301441002707024,-0.4394723508454188,1.3247585331206673,0.6623792665603336,0.970096586751733
96.50277853012085,0.3826287894934216,-0.45244186312087986,1.2975645704082575,0.6487822852041287,0.980974171836697
96.60304284095764,0.3927962289719196,-0.4587649882220779,1.284365644009541,0.6421828220047705,0.9862537423961836
96.70116209983826,0.4139540839539415,-0.4710092858282484,1.24824914244769,0.624124571223845,1.000700343020924
96.79972219467163,0.4139540839539415,-0.4710092858282484,1.24824914244769,0.624124571223845,1.000700343020924
96.89970350265503,0.43577928072219535,-0.4823941353791842,1.2190398476710769,0.6095199238355384,1.0123840609315693
96.99980115890503,0.446798432125097,-0.48771830384833714,1.2052923607800055,0.6026461803900027,1.0178830556879979
97.10114216804504,0.4693475697719389,-0.4978790941976632,1.181011259019931,0.5905056295099655,1.0275954963920275
97.19969844818115,0.4693475697719389,-0.4978790941976632,1.181011259019931,0.5905056295099655,1.0275954963920275
97.2998914718628,0.4931998320299966,-0.5077446126869284,1.163243341826838,0.581621670913419,1.0347026632692649
97.39966988563538,0.5164255303294386,-0.5165199659481924,1.1432626408684439,0.5716313204342219,1.0426949436526225
97.49968838691711,0.5281638938020549,-0.5206428776762644,1.1334682669306513,0.5667341334653256,1.0466126932277395
97.59966230392456,0.5409304973958821,-0.5248916403241052,1.1179387331396833,0.5589693665698416,1.0528245067441266
97.69965815544128,0.5528167571509136,-0.5285938888041356,1.1090439193022923,0.5545219596511461,1.0563824322790831
97.79966068267822,0.5757636186604562,-0.5352366345742038,1.0930186368311103,0.5465093184155552,1.062792545267556
97.89976477622986,0.5878099644915223,-0.5384656218902389,1.0855176112078402,0.5427588056039201,1.065792955516864
97.99975252151489,0.6008325833991379,-0.5417612300889776,1.0716154955386719,0.5358077477693359,1.0713538017845312
98.09966135025024,0.624022498790041,-0.5470546754177613,1.0541478618305056,0.5270739309152528,1.0783408552677978
98.199622631073,0.6361598910206563,-0.5495604013744014,1.0470423454841764,0.5235211727420882,1.0811830618063294
98.29973220825195,0.6483068679205508,-0.5518891046551905,1.035098461151715,0.5175492305758576,1.085960615539314
98.39959669113159,0.6604610814847114,-0.5540269269135559,1.0256524284098383,0.5128262142049191,1.0897390286360646
98.49978494644165,0.6726381440656953,-0.5560229349510123,1.0229968587149696,0.5114984293574848,1.0908012565140122
98.59984540939331,0.683751930340394,-0.5577628122621876,1.0214533735861329,0.5107266867930664,1.0914186505655468
98.70036840438843,0.7089181791381594,-0.5613250128995775,1.0060012345110811,0.5030006172555406,1.0975995061955675
98.79967045783997,0.7089181791381594,-0.5613250128995775,1.0060012345110811,0.5030006172555406,1.0975995061955675
98.90036821365356,0.7319967910298898,-0.5639436014172315,0.9870505044006579,0.49352525220032895,1.1051797982397369
98.99964118003845,0.7440382109435955,-0.5650067462932258,0.9733205461112144,0.4866602730556072,1.1106717815555143
99.09965491294861,0.7681672721682568,-0.5664461751251065,0.944708416479103,0.4723542082395515,1.1221166334083588
99.19977450370789,0.7681672721682568,-0.5664461751251065,0.944708416479103,0.4723542082395515,1.1221166334083588
99.29980826377869,0.7802604851674767,-0.5668141876678747,0.9297874710846321,0.46489373554231606,1.1280850115661472
99.3997049331665,0.7923638590115151,-0.566940021800473,0.9143905696319811,0.45719528481599053,1.1342437721472076
99.49982380867004,0.804482927071919,-0.5668209024236374,0.9012649313101382,0.4506324656550691,1.1394940274759446
99.60526490211487,0.8290047106965438,-0.5661174108306786,0.8866573215824082,0.4433286607912041,1.1453370713670368
99.69978189468384,0.8290047106965438,-0.5661174108306786,0.8866573215824082,0.4433286607912041,1.1453370713670368
99.80152416229248,0.8410583092387877,-0.5655193762916019,0.876414479478453,0.4382072397392265,1.1494342082086189
99.89981865882874,0.8651182132625987,-0.5636976100036452,0.8474700299112118,0.4237350149556059,1.1610119880355152
100.00016379356384,0.8890883334201823,-0.560816597675498,0.8083673681401098,0.4041836840700549,1.176653052743956
100.09993624687195,0.8890883334201823,-0.560816597675498,0.8083673681401098,0.4041836840700549,1.176653052743956
100.19963598251343,0.9000677042593929,-0.559097432400351,0.789385713149792,0.394692856574896,1.184245714740083
100.29966020584106,0.9238880347137863,-0.5544727868122659,0.7478586444583055,0.37392932222915276,1.2008565422166777
100.39983558654785,0.9238880347137863,-0.5544727868122659,0.7478586444583055,0.37392932222915276,1.2008565422166777
100.49972701072693,0.9475703790641696,-0.5487135949130089,0.7166142805899254,0.3583071402949627,1.2133542877640298
100.59980130195618,0.9475703790641696,-0.5487135949130089,0.7166142805899254,0.3583071402949627,1.2133542877640298
100.70514464378357,0.9603084034622291,-0.5452540137513507,0.7045230766346144,0.3522615383173072,1.2181907693461542
100.80525827407837,0.983564999134735,-0.53823762571077,0.673481319870935,0.3367406599354675,1.230607472051626
100.90017414093018,1.0054489975683063,-0.5305388557614134,0.630626321538603,0.3153131607693015,1.2477494713845587
100.99987697601318,1.0054489975683063,-0.5305388557614134,0.630626321538603,0.3153131607693015,1.2477494713845587
101.10525226593018,1.0167292536696777,-0.5260800749074797,0.6085381676895223,0.30426908384476115,1.256584732924191
101.19969725608826,1.0398653144871817,-0.5158502758955085,0.5636222958858119,0.28181114794290596,1.2745510816456753
101.30003714561462,1.0606795908027231,-0.5053507223951503,0.5217117264089366,0.2608558632044683,1.2913153094364254
101.39965629577637,1.0713679881409603,-0.4994654173075162,0.5007009554407175,0.25035047772035873,1.299719617823713
101.49998497962952,1.0713679881409603,-0.4994654173075162,0.5007009554407175,0.25035047772035873,1.299719617823713
101.59980821609497,1.0931961666781636,-0.4863711695021625,0.45829177136706933,0.22914588568353467,1.3166832914531723
101.69990658760071,1.1127203164983133,-0.47338294588968133,0.4199086085817896,0.2099543042908948,1.3320365565672843
101.80112624168396,1.1235248405281533,-0.46567300499438224,0.40030514617431867,0.20015257308715934,1.3398779415302724
101.8997540473938,1.1235248405281533,-0.46567300499438224,0.40030514617431867,0.20015257308715934,1.3398779415302724
101.99981617927551,1.142230773519126,-0.45146938596817626,0.3721209269264619,0.18606046346323096,1.3511516292294152
102.10115146636963,1.1527667213378303,-0.44303758825033146,0.35695766625342557,0.17847883312671278,1.3572169334986297
102.20074272155762,1.1621483618408526,-0.43527529478508914,0.34121386997818914,0.17060693498909457,1.3635144520087243
102.30167317390442,1.1713649779260786,-0.42737077769458365,0.32631330344599274,0.16315665172299637,1.369474678621603
102.40111875534058,1.1886002577953387,-0.4118067560682412,0.299271742081902,0.149635871040951,1.3802913031672392
102.49974346160889,1.1973475507537577,-0.40352007567572823,0.2868919417145894,0.1434459708572947,1.3852432233141643
102.59980082511902,1.2066303351706944,-0.3944456686755608,0.2692577531649233,0.13462887658246164,1.3922968987340307
102.69975137710571,1.2150378141955755,-0.3859654429528258,0.25948427036099764,0.12974213518049882,1.3962062918556009
102.79978585243225,1.2314537541316688,-0.36878912277565434,0.2397086134743034,0.1198543067371517,1.4041165546102787
102.90114545822144,1.2394582090525956,-0.3601620666740389,0.23398821687525184,0.11699410843762592,1.4064047132498994
103.00113201141357,1.247332885922133,-0.35151262620485135,0.2240541024735675,0.11202705123678375,1.410378359010573
103.09970831871033,1.2549670058002451,-0.34285524005318496,0.2055843974886471,0.10279219874432355,1.417766241004541
103.19972276687622,1.2696982760633322,-0.32517341824473384,0.17130947108022362,0.08565473554011181,1.4314762115679105
103.30026149749756,1.2767498554797423,-0.31618362430777863,0.15181054657638604,0.07590527328819302,1.4392757813694457
103.39971208572388,1.2830330920648123,-0.3078362654070536,0.13430582183842565,0.06715291091921283,1.4462776712646297
103.49979853630066,1.2830330920648123,-0.3078362654070536,0.13430582183842565,0.06715291091921283,1.4462776712646297
103.59944677352905,1.2962678152667417,-0.2894438456973717,0.10703096405151546,0.05351548202575773,1.4571876143793938
103.6996762752533,1.3026452847624626,-0.2801600499131412,0.09768762502658856,0.04884381251329428,1.4609249499893646
103.79973077774048,1.3088487101716875,-0.27088011039488097,0.0836808939233703,0.04184044696168515,1.466527642430652
103.89981603622437,1.3148829356066873,-0.2615350014484406,0.06617336267861007,0.033086681339305035,1.473530654928556
103.99969816207886,1.3202017806954152,-0.2529103806056265,0.04437921347816376,0.02218960673908188,1.4822483146087344
104.10011911392212,1.331587959788097,-0.23287382869105488,-0.005908197977944285,-0.0029540989889721425,1.4976367208088224
104.19993329048157,1.3362544673615704,-0.22388816269168493,-0.029958901640423138,-0.014979450820211569,1.4880164393438307
104.29977798461914,1.3362544673615704,-0.22388816269168493,-0.029958901640423138,-0.014979450820211569,1.4880164393438307
104.40135884284973,1.3411436027054529,-0.21396135973087757,-0.04595261631772196,-0.02297630815886098,1.4816189534729112
104.49977684020996,1.3458164155673946,-0.20399521827995853,-0.07298587126409362,-0.03649293563204681,1.4708056514943626
104.59975624084473,1.354753340435443,-0.18260033331151587,-0.13265702005086832,-0.06632851002543416,1.4469371919796528
104.70043134689331,1.3582482435941525,-0.17312561439012736,-0.16044013194755946,-0.08022006597377973,1.4358239472209762
104.79967188835144,1.3617734097998158,-0.16268999079974525,-0.1908768061119359,-0.09543840305596794,1.4236492775552256
104.89982438087463,1.3617734097998158,-0.16268999079974525,-0.1908768061119359,-0.09543840305596794,1.4236492775552256
104.99985861778259,1.3645475519376347,-0.15340282309338094,-0.2337608044861288,-0.1168804022430644,1.4064956782055484
105.1011335849762,1.3669533622413013,-0.1440042577855714,-0.2766450904008335,-0.13832254520041676,1.3893419638396667
105.20024085044861,1.370596402736307,-0.125433818427518,-0.3472863460824751,-0.17364317304123755,1.36108546156701
105.29974222183228,1.3722152299879626,-0.11449586132886225,-0.38150933684344746,-0.19075466842172373,1.347396265262621
105.39980411529541,1.3722152299879626,-0.11449586132886225,-0.38150933684344746,-0.19075466842172373,1.347396265262621
105.49972367286682,1.3743967127318977,-0.0943761738221873,-0.43446588369955874,-0.21723294184977937,1.3262136465201766
105.59982323646545,1.3743967127318977,-0.0943761738221873,-0.43446588369955874,-0.21723294184977937,1.3262136465201766
105.69970417022705,1.3757900937276406,-0.0728400705731136,-0.489840014178897,-0.2449200070894485,1.3040639943284411
105.8002438545227,1.3759649719271803,-0.06241390549749721,-0.5345245073095879,-0.26726225365479395,1.2861901970761649
105.89972043037415,1.3757653997210968,-0.0518021937042492,-0.5690430852773565,-0.28452154263867824,1.2723827658890574
106.00118803977966,1.3752127204920974,-0.04105239019726893,-0.6107544954810169,-0.30537724774050845,1.2556982018075933
106.1011381149292,1.3730057928724437,-0.019346415394776505,-0.6865686028530245,-0.34328430142651223,1.2253725588587903
106.20370268821716,1.3713476733421932,-0.008384299897720443,-0.7247078073962617,-0.36235390369813086,1.2101168770414952
106.29974126815796,1.3692797733069655,0.0026521292162922003,-0.7668324899541332,-0.3834162449770666,1.1932670040183466
106.39956712722778,1.364145134296552,0.024797375911985112,-0.8351592114604568,-0.4175796057302284,1.1659363154158173
106.4997386932373,1.3614431448787492,0.0348599690675581,-0.8546886070932994,-0.4273443035466497,1.1581245571626801
106.59999418258667,1.3582425597284526,0.045781823369276414,-0.8878480988095216,-0.4439240494047608,1.1448607604761913
106.69967484474182,1.354585176875872,0.05747665540681058,-0.9167277056144745,-0.45836385280723724,1.1333089177542102
106.79976224899292,1.3474915162605186,0.07782570243066712,-0.9718816573435689,-0.48594082867178445,1.1112473370625724
106.89982771873474,1.3435260256998014,0.08827977355899712,-0.9919938535156252,-0.4959969267578126,1.1032024585937499
106.99981451034546,1.3393869963265785,0.09861078621357341,-1.0209857408227754,-0.5104928704113877,1.09160570367089
107.09978890419006,1.3307339721834737,0.11878601954228121,-1.0747574900224706,-0.5373787450112353,1.0700970039910118
107.19942808151245,1.3213959511100652,0.1384992974973154,-1.1310897433151959,-0.5655448716575979,1.0475641026739217
107.29971122741699,1.3169445257622827,0.1473756244597,-1.1487961887005445,-0.5743980943502722,1.0404815245197823
107.39968705177307,1.3169445257622827,0.1473756244597,-1.1487961887005445,-0.5743980943502722,1.0404815245197823
107.50023055076599,1.3067658756232823,0.1661368817465115,-1.2141917172341343,-0.6070958586170672,1.0143233131063463
107.59947347640991,1.2962588465167468,0.18354586085872052,-1.2765148114610816,-0.6382574057305408,0.9893940754155673
107.69986033439636,1.2962588465167468,0.18354586085872052,-1.2765148114610816,-0.6382574057305408,0.9893940754155673
107.80122208595276,1.2905591406276795,0.19245781528997796,-1.2919006155909896,-0.6459503077954948,0.9832397537636042
107.89973306655884,1.2905591406276795,0.19245781528997796,-1.2919006155909896,-0.6459503077954948,0.9832397537636042
108.00010299682617,1.2788398335520963,0.20981214338481846,-1.3554474518956912,-0.6777237259478456,0.9578210192417235
108.101154088974,1.266465433947327,0.22644325462537124,-1.4234335846711894,-0.7117167923355947,0.9306265661315242
108.19992256164551,1.2600459903377617,0.23442312443000649,-1.4588975494512506,-0.7294487747256253,0.9164409802194997
108.29977035522461,1.2600459903377617,0.23442312443000649,-1.4588975494512506,-0.7294487747256253,0.9164409802194997
108.39973878860474,1.247196462205504,0.24920180762614802,-1.5276467729947085,-0.7638233864973543,0.8889412908021166
108.5004551410675,1.2396016933854834,0.25725949370297463,-1.5679231538901202,-0.7839615769450601,0.8728307384439519
108.59967136383057,1.2323927629953213,0.2644827623767411,-1.6051953551610911,-0.8025976775805456,0.8579218579355635
108.69968247413635,1.2256516895282434,0.2709777744109205,-1.6234923561228718,-0.8117461780614359,0.8506030575508512
108.79985785484314,1.2174479801401774,0.27871697718743393,-1.6535845453158458,-0.8267922726579229,0.8385661818736616
108.90332579612732,1.2099922746350542,0.28550318199729685,-1.6772442236323606,-0.8386221118161803,0.8291023105470557
109.001136302948,1.1949897435072656,0.2983011767791151,-1.7435363678590612,-0.8717681839295306,0.8025854528563755
109.10109353065491,1.1864535941982846,0.3050136669302433,-1.7833273572951787,-0.8916636786475893,0.7866690570819285
109.19974708557129,1.1864535941982846,0.3050136669302433,-1.7833273572951787,-0.8916636786475893,0.7866690570819285
109.30116319656372,1.1708591491065283,0.31619772180735606,-1.859015900762969,-0.9295079503814845,0.7563936396948123
109.3997232913971,1.153886454263238,0.3268456271895575,-1.9421922081194627,-0.9710961040597313,0.7231231167522149
109.49968671798706,1.1451102647874407,0.33176389416844165,-1.9838860193281431,-0.9919430096640716,0.7064455922687427
109.59966778755188,1.1451102647874407,0.33176389416844165,-1.9838860193281431,-0.9919430096640716,0.7064455922687427
109.7012710571289,1.1270341124914707,0.3407394089271987,-2.067232093664336,-1.033616046832168,0.6731071625342655
109.79979491233826,1.1177642351840658,0.3447749646572876,-2.1087509919354313,-1.0543754959677156,0.6564996032258275
109.89973306655884,1.1092275076652478,0.34819709872532695,-2.1317960478842575,-1.0658980239421287,0.6472815808462969
110.00006222724915,1.1024486745532742,0.35078569347185923,-2.1575340150885935,-1.0787670075442968,0.6369863939645626
110.09973812103271,1.0945804608528251,0.3536571100981033,-2.1855583603237383,-1.0927791801618691,0.6257766558705047
110.1996865272522,1.087961355415185,0.3559058544299726,-2.2067292900171807,-1.1033646450085903,0.6173082839931276
110.30745339393616,1.0735392746117833,0.3604515333982571,-2.2507366876757757,-1.1253683438378879,0.5997053249296896
110.40224194526672,1.0666292623249265,0.3623729070604828,-2.2867664211048044,-1.1433832105524022,0.5852934315580782
110.4999270439148,1.0666292623249265,0.3623729070604828,-2.2867664211048044,-1.1433832105524022,0.5852934315580782
110.59972763061523,1.050665815595982,0.3659892778420057,-2.3624451720240742,-1.1812225860120371,0.5550219311903702
110.70109033584595,1.0422446696418082,0.36747259585984593,-2.3994617447207167,-1.1997308723603584,0.5402153021117133
110.80111908912659,1.0245447818782578,0.36973077821516853,-2.4715962300260252,-1.2357981150130126,0.5113615079895899
110.9026210308075,1.0245447818782578,0.36973077821516853,-2.4715962300260252,-1.2357981150130126,0.5113615079895899
110.99972105026245,1.0057515241651198,0.37104441457105786,-2.5349110779355226,-1.2674555389677613,0.4860355688257909
111.10032653808594,0.995959668732841,0.37136524559608286,-2.5590875247821296,-1.2795437623910648,0.47636499008714805
111.20108413696289,0.9762390769867639,0.37138413356911615,-2.6075411758257907,-1.3037705879128954,0.4569835296696836
111.299880027771,0.9762390769867639,0.37138413356911615,-2.6075411758257907,-1.3037705879128954,0.4569835296696836
111.39980936050415,0.9555489509533189,0.3708462868803552,-2.6371548480152187,-1.3185774240076094,0.4451380607939124
111.49975919723511,0.9445423707577479,0.3703316704064184,-2.6547729605401087,-1.3273864802700543,0.4380908157839565
111.59975576400757,0.9251958135155417,0.36903846881552543,-2.6872428590134945,-1.3436214295067472,0.4251028563946022
111.69967341423035,0.9251958135155417,0.36903846881552543,-2.6872428590134945,-1.3436214295067472,0.4251028563946022
111.79979276657104,0.9104544187428737,0.36776117503551625,-2.7124556981921835,-1.3562278490960917,0.4150177207231265
111.89977717399597,0.9051796576725768,0.3672001796931332,-2.7299261348160453,-1.3649630674080226,0.4080295460735819
111.9999144077301,0.7946517478198784,0.35176901762495827,-2.8202100845069733,-1.4101050422534867,0.3719159661972107
112.09973239898682,0.7867729372902583,0.35027004821351154,-2.8539597080187407,-1.4269798540093703,0.35841611679250374
112.20006489753723,0.7687315278274875,0.3458296015920166,-2.930877692058307,-1.4654388460291534,0.32764892317667726
112.29985499382019,0.7609637077953937,0.34347506239618153,-2.96508633552249,-1.482543167761245,0.3139654657910038
112.3999080657959,0.7532799587542671,0.340871769968075,-2.9932326578675306,-1.4966163289337653,0.3027069368529878
112.4998197555542,0.7532799587542671,0.340871769968075,-2.9932326578675306,-1.4966163289337653,0.3027069368529878
112.59974265098572,0.7505938705566103,0.3398901987426013,-3.0154891515565825,-1.5077445757782912,0.29380433937736683
112.70033764839172,0.7429118852257478,0.3369003580294236,-3.0361347756110058,-1.5180673878055029,0.2855460897555977
112.79977059364319,0.7349527963950249,0.3333654490437399,-3.111738953289961,-1.5558694766449805,0.25530441868401543
112.89972519874573,0.7349527963950249,0.3333654490437399,-3.111738953289961,-1.5558694766449805,0.25530441868401543
112.99978280067444,0.7307841465550537,0.3312231575153111,3.1334093783577455,1.5667046891788727,0.2466362486569018
113.10013508796692,0.7217663717219109,0.32590365624793627,3.056614542079067,1.5283072710395336,0.277354183168373
113.19981360435486,0.7173068982236629,0.3229209089334432,3.0203715441557755,1.5101857720778877,0.2918513823376898
113.29980683326721,0.7140756941513433,0.32061124252482465,2.9975754900770375,1.4987877450385187,0.30096980396918505
113.3998076915741,0.7114278699589389,0.3186111817404786,2.9650818068254994,1.4825409034127497,0.3139672772698001
113.49989438056946,0.7055833622971899,0.313749141511959,2.9034992699608955,1.4517496349804477,0.3386002920156417
113.59956884384155,0.7028181142399131,0.31121972399779746,2.8738250996750963,1.4369125498375481,0.35046996012996146
113.70006489753723,0.6996977811592381,0.30818445465943467,2.8432961463324933,1.4216480731662466,0.3626815414670026
113.79981350898743,0.6964926841842076,0.3048679365342579,2.814230024737573,1.4071150123687866,0.3743079901049706
113.9000997543335,0.6898690105230447,0.2973751539910079,2.7590385885969146,1.3795192942984573,0.39638456456123405
113.99974656105042,0.6864746774761294,0.29319563672261983,2.733151218980029,1.3665756094900146,0.4067395124079882
114.09968709945679,0.679554219665479,0.28394470853928316,2.6848531214226203,1.3424265607113102,0.42605875143095173
114.19978141784668,0.679554219665479,0.28394470853928316,2.6848531214226203,1.3424265607113102,0.42605875143095173
114.3001127243042,0.6736103118758873,0.27517897357899923,2.644186932201027,1.3220934661005135,0.4423252271195892
114.40405225753784,0.6678406179613985,0.265798858750138,2.605431735510572,1.302715867755286,0.45782730579577113
114.50397396087646,0.6648097518669511,0.260505019012505,2.586138302435723,1.2930691512178616,0.46554467902571073
114.60005593299866,0.6648097518669511,0.260505019012505,2.586138302435723,1.2930691512178616,0.46554467902571073
114.70156025886536,0.6586082999619931,0.2491641236950831,2.570241768668228,1.285120884334114,0.4719032925327087
114.80179357528687,0.6556733794186334,0.2436428499028029,2.5764834149775018,1.2882417074887509,0.4694066340089993
114.89991188049316,0.6524087015893993,0.23742012700197607,2.558890905821807,1.2794454529109034,0.4764436376712773
115.00022268295288,0.6493773965389049,0.23150536158888738,2.554883480189536,1.277441740094768,0.47804660792418563
115.10396337509155,0.6425736651590027,0.2179700078747389,2.5603199648398762,1.2801599824199381,0.47587201406404955
115.19986629486084,0.639047304879106,0.21088125598184584,2.549700814077894,1.274850407038947,0.4801196743688423
115.3003830909729,0.6358479182907041,0.20415611331055017,2.534022619470636,1.267011309735318,0.48639095221174555
115.39998936653137,0.632411592212634,0.19653963158072724,2.515428980342201,1.2577144901711006,0.49382840786311943
115.49998736381531,0.6257710090053291,0.18043654282396138,2.4776575609182245,1.2388287804591123,0.5089369756327101
115.59976243972778,0.6225938939358179,0.17194051417317693,2.458385615398563,1.2291928076992815,0.5166457538405748
115.69975471496582,0.6197866020554991,0.1638997446345569,2.4410883335884,1.2205441667942,0.5235646665646398
115.79966592788696,0.6166004426123707,0.15403471225264806,2.4187831013402636,1.2093915506701318,0.5324867594638945
115.89993953704834,0.6128696188039395,0.14100188614827167,2.3793443077741125,1.1896721538870563,0.5482622768903549
115.99973702430725,0.6112315851429458,0.13434416516316394,2.3566357131135636,1.1783178565567818,0.5573457147545745
116.09977626800537,0.6098327238005717,0.12798169840208737,2.3354349049342664,1.1677174524671332,0.5658260380262934
116.1997401714325,0.6098327238005717,0.12798169840208737,2.3354349049342664,1.1677174524671332,0.5658260380262934
116.29963994026184,0.6060326317538386,0.10674467598460294,2.2863044364540235,1.1431522182270117,0.5854782254183906
116.39955711364746,0.6049869929066592,0.09876954730776223,2.259641656322729,1.1298208281613644,0.5961433374709084
116.49961638450623,0.6042755916837951,0.0921195344123632,2.2466991273123234,1.1233495636561617,0.6013203490750706
116.60181450843811,0.6042755916837951,0.0921195344123632,2.2466991273123234,1.1233495636561617,0.6013203490750706
116.69970941543579,0.6028541996531697,0.07787982309732651,2.2476227087040717,1.1238113543520358,0.6009509165183713
116.79983973503113,0.6022036094520743,0.06986459922279575,2.235186982071787,1.1175934910358936,0.6059252071712851
116.90119194984436,0.6017262984678163,0.06309491728563991,2.2350552984855043,1.1175276492427522,0.6059778806057983
117.00400924682617,0.6010573543918751,0.055520937081730275,2.2665680615137225,1.1332840307568612,0.5933727753945109
117.10008597373962,0.6003904529276076,0.04771219646535086,2.237166616220358,1.118583308110179,0.6051333535118567
117.19996929168701,0.5994354017959047,0.03208289778682821,2.2158765416443273,1.1079382708221637,0.613649383342269
117.29994511604309,0.5991814487565258,0.02286971311039425,2.1906823362918164,1.0953411681459082,0.6237270654832734
117.39975452423096,0.5992387772835644,0.01412612738747465,2.161752387724123,1.0808761938620615,0.6352990449103508
117.49976944923401,0.5995525954297101,0.005926202081676366,2.134633337942059,1.0673166689710294,0.6461466648231764
117.59982204437256,0.6001900619682129,-0.0032287834125894546,2.1068154607327365,1.0534077303663683,0.6572738157069054
117.70395255088806,0.6024354409705902,-0.02215188882904354,2.0529249551177884,1.0264624775588942,0.6788300179528846
117.80401611328125,0.6039099184171116,-0.031067669740316384,2.0282908481589956,1.0141454240794978,0.6886836607364017
117.89998030662537,0.6060330945951657,-0.04183756155776275,2.0020493139398337,1.0010246569699168,0.6991802744240665
117.99984550476074,0.6079710090828603,-0.051003390621538185,2.0126800037143244,1.0063400018571622,0.6949279985142702
118.10126948356628,0.611692031780943,-0.06808183141909976,2.013366907593298,1.006683453796649,0.6946532369626808
118.19986128807068,0.6137074881636041,-0.07696472866606374,2.0146705326227017,1.0073352663113508,0.6941317869509193
118.29983806610107,0.615407434163052,-0.085612425417982,2.0643474806403574,1.0321737403201787,0.674261007743857
118.39973449707031,0.6183064618446784,-0.10210281512183048,2.0903512577431944,1.0451756288715972,0.6638594969027222
118.49948239326477,0.6206507407376035,-0.11765016024440005,2.1072476091711914,1.0536238045855957,0.6571009563315234
118.60102105140686,0.6206507407376035,-0.11765016024440005,2.1072476091711914,1.0536238045855957,0.6571009563315234
118.69982767105103,0.6232437874560417,-0.1338016826657033,2.0844693215731755,1.0422346607865878,0.6662122713707297
118.8000545501709,0.6263359553677549,-0.14932803217145463,2.0466120247302473,1.0233060123651236,0.681355190107901
118.89977383613586,0.6280727974611954,-0.15677448371321168,2.0319685843511803,1.0159842921755902,0.6872125662595279
118.99977159500122,0.6280727974611954,-0.15677448371321168,2.0319685843511803,1.0159842921755902,0.6872125662595279
119.10020446777344,0.6324159327511775,-0.1730597521923291,1.9972757666714,0.9986378833357,0.7010896933314399
119.19972205162048,0.6368704669723813,-0.18801286253071903,1.9833654087383152,0.9916827043691576,0.7066538365046738
119.29972958564758,0.6368704669723813,-0.18801286253071903,1.9833654087383152,0.9916827043691576,0.7066538365046738
119.39976000785828,0.6396691369193624,-0.19649264933649976,1.9589378428766184,0.9794689214383092,0.7164248628493526
119.49977087974548,0.6419524731026192,-0.20324473413135868,1.992701243875815,0.9963506219379075,0.7029195024496739
119.59984350204468,0.6442395377262566,-0.21040721322600678,1.9819561469475477,0.9909780734737739,0.7072175412209809
119.69980883598328,0.6487060248868444,-0.224652519854599,2.032371736270787,1.0161858681353935,0.6870513054916851
119.79985165596008,0.650373331259778,-0.2312486390951151,2.0890701085234156,1.0445350542617078,0.6643719565906337
119.90014433860779,0.650373331259778,-0.2312486390951151,2.0890701085234156,1.0445350542617078,0.6643719565906337
119.99987554550171,0.6535289750482375,-0.2462019961987095,2.133009089283865,1.0665045446419326,0.6467963642864539
120.10394835472107,0.6558657696536887,-0.2615536246622745,2.182614319961642,1.091307159980821,0.6269542720153432
120.19978094100952,0.6570088903264267,-0.2687557806867587,2.1543635938195744,1.0771817969097872,0.6382545624721702
120.29973649978638,0.6570088903264267,-0.2687557806867587,2.1543635938195744,1.0771817969097872,0.6382545624721702
120.4004008769989,0.660356017597263,-0.2845295237575358,2.0901252823690495,1.0450626411845247,0.6639498870523801
120.49978351593018,0.6649938329333753,-0.30052630670145364,2.0246753625235896,1.0123376812617948,0.6901298549905641
120.59974145889282,0.6677639440111498,-0.30843073116923553,1.9917556101346094,0.9958778050673047,0.7032977559461562
120.69981479644775,0.6677639440111498,-0.30843073116923553,1.9917556101346094,0.9958778050673047,0.7032977559461562
120.79999732971191,0.6740570650175562,-0.32368398885587113,1.9278047225218722,0.9639023612609361,0.7288781109912511
120.89988279342651,0.6777944285683004,-0.33148957990452455,1.8940387393924853,0.9470193696962427,0.7423845042430058
120.99974846839905,0.6818995859762369,-0.3392985278928234,1.8661314033064396,0.9330657016532198,0.7535474386774241
121.09974479675293,0.684533308962965,-0.3441201699787551,1.8565669654904569,0.9282834827452284,0.7573732138038172
121.19963455200195,0.685735310873699,-0.3462719582472714,1.8677893602705198,0.9338946801352599,0.7528842558917921
121.29984998703003,0.688820047351077,-0.3517762664149125,1.8646847637486492,0.9323423818743246,0.7541260945005402
121.40398120880127,0.691480089854516,-0.35726969191738495,1.9134074092669184,0.9567037046334592,0.7346370362932326
121.49982285499573,0.6951116633233003,-0.36469721016685264,1.9274666616218135,0.9637333308109067,0.7290133353512745
121.59977793693542,0.6951116633233003,-0.36469721016685264,1.9274666616218135,0.9637333308109067,0.7290133353512745
121.69986963272095,0.6945280196501213,-0.3634391110986788,1.9609994421101304,0.9804997210550652,0.7156002231559477
121.80003356933594,0.7021336980840952,-0.3786703099311909,1.8754930445144344,0.9377465222572172,0.7498027821942261
121.89979219436646,0.707923937952263,-0.38831292662661526,1.8219985588849417,0.9109992794424708,0.7712005764460232
121.99995946884155,0.707923937952263,-0.38831292662661526,1.8219985588849417,0.9109992794424708,0.7712005764460232
122.09969067573547,0.7110812800275779,-0.39310677479978345,1.7994598060028537,0.8997299030014269,0.7802160775988585
122.20403575897217,0.717935207522452,-0.4027957855997468,1.775801298157329,0.8879006490786645,0.7896794807370684
122.29994487762451,0.725937335320619,-0.41417140881865605,1.757622184556637,0.8788110922783186,0.7969511261773451
122.39992928504944,0.7317003527607266,-0.4212906431085218,1.7031048258291486,0.8515524129145743,0.8187580696683405
122.49977111816406,0.7317003527607266,-0.4212906431085218,1.7031048258291486,0.8515524129145743,0.8187580696683405
122.59963369369507,0.7335793000887482,-0.42344546103929087,1.7066368194959984,0.8533184097479992,0.8173452722016006
122.69982671737671,0.7357206215770685,-0.4259381127968998,1.7150760750413805,0.8575380375206902,0.8139695699834477
122.8000156879425,0.734268873933155,-0.42414664025676413,1.749125544554204,0.874562772277102,0.8003497821783183
122.90017366409302,0.7343802703085842,-0.42428789784115245,1.7475095808702619,0.8737547904351309,0.8009961676518952
122.99976873397827,0.7343802703085842,-0.42428789784115245,1.7475095808702619,0.8737547904351309,0.8009961676518952
123.09948372840881,0.7407529864653841,-0.4317986162792898,1.6811455355594016,0.8405727677797008,0.8275417857762393
123.1998336315155,0.7407529864653841,-0.4317986162792898,1.6811455355594016,0.8405727677797008,0.8275417857762393
123.30398082733154,0.7444483768000195,-0.4357768223575641,1.6727990951921603,0.8363995475960802,0.8308803619231359
123.39990234375,0.7485164546335963,-0.43985884122505153,1.6186230640401922,0.8093115320200961,0.8525507743839231
123.50007939338684,0.7485164546335963,-0.43985884122505153,1.6186230640401922,0.8093115320200961,0.8525507743839231
123.59964442253113,0.7556854088071818,-0.44623275445036986,1.5515462294574278,0.7757731147287139,0.8793815082170289
123.69983291625977,0.7556854088071818,-0.44623275445036986,1.5515462294574278,0.7757731147287139,0.8793815082170289
123.79986238479614,0.7599746741225407,-0.44965346014552227,1.5231096712529844,0.7615548356264922,0.8907561314988062
123.90497660636902,0.7605996754487832,-0.4501427513864986,1.5259156584488616,0.7629578292244308,0.8896337366204553
123.99983787536621,0.7605996754487832,-0.4501427513864986,1.5259156584488616,0.7629578292244308,0.8896337366204553
124.10013961791992,0.7660221082254864,-0.45407226195895956,1.4641119830820806,0.7320559915410403,0.9143552067671677
124.19981718063354,0.7660221082254864,-0.45407226195895956,1.4641119830820806,0.7320559915410403,0.9143552067671677
124.30398964881897,0.7694028412310937,-0.456296634094408,1.4387746163778516,0.7193873081889258,0.9244901534488593
124.39996790885925,0.7728286361472833,-0.4585059829540671,1.4274413174721263,0.7137206587360632,0.9290234730111494
124.49985146522522,0.7728286361472833,-0.4585059829540671,1.4274413174721263,0.7137206587360632,0.9290234730111494
124.59984397888184,0.7801404632508109,-0.46267199476429444,1.3556619917568173,0.6778309958784087,0.957735203297273
124.69983172416687,0.7801404632508109,-0.46267199476429444,1.3556619917568173,0.6778309958784087,0.957735203297273
124.80081868171692,0.7835001098352307,-0.46435488211823095,1.3299473547193252,0.6649736773596626,0.9680210581122699
124.89977765083313,0.7875606921851581,-0.46614877727667187,1.2617393167217734,0.6308696583608867,0.9953042733112906
124.999755859375,0.7875606921851581,-0.46614877727667187,1.2617393167217734,0.6308696583608867,0.9953042733112906
125.09961271286011,0.793998642761522,-0.46844055049928124,1.1872139405296198,0.5936069702648099,1.025114423788152
125.19995379447937,0.7977049250099124,-0.4695232895111694,1.1515504672559662,0.5757752336279831,1.0393798130976135
125.29939556121826,0.8058252590704273,-0.4714143548536429,1.0838311755474812,0.5419155877737406,1.0664675297810076
125.39978742599487,0.8058252590704273,-0.4714143548536429,1.0838311755474812,0.5419155877737406,1.0664675297810076
125.50013589859009,0.8058252590704273,-0.4714143548536429,1.0838311755474812,0.5419155877737406,1.0664675297810076
125.60416531562805,0.808732931871259,-0.47180701707340345,1.0119713079541253,0.5059856539770626,1.0952114768183498
125.69983172416687,0.8127794665433616,-0.47222266587380574,0.975926953912369,0.4879634769561845,1.1096292184350522
125.79967880249023,0.8170877391685829,-0.4725004177914524,0.9417857010413256,0.4708928505206628,1.1232857195834698
125.899973154068,0.8199603688520234,-0.4726123247475974,0.9164880208544507,0.45824401042722535,1.1334047916582197
125.99987292289734,0.8199603688520234,-0.4726123247475974,0.9164880208544507,0.45824401042722535,1.1334047916582197
126.10800218582153,0.8283018353594985,-0.4722366778991807,0.807024676171983,0.4035123380859915,1.1771901295312068
126.19975590705872,0.8331594532043357,-0.4716975915469792,0.7767463302639297,0.38837316513196485,1.189301467894428
126.30064272880554,0.84355383194127,-0.4701325761794315,0.7319014838598905,0.36595074192994526,1.2072394064560439
126.40000581741333,0.84355383194127,-0.4701325761794315,0.7319014838598905,0.36595074192994526,1.2072394064560439
126.4996645450592,0.8502195952425965,-0.46889453977403794,0.7121942580267241,0.35609712901336205,1.2151222967893103
126.59977960586548,0.8502195952425965,-0.46889453977403794,0.7121942580267241,0.35609712901336205,1.2151222967893103
126.7001314163208,0.8606740709959225,-0.46670233259747906,0.6868895940933715,0.34344479704668573,1.2252441623626513
126.79989385604858,0.869277848021978,-0.46435108731831937,0.6286685078655172,0.3143342539327586,1.248532596853793
126.89977359771729,0.869277848021978,-0.46435108731831937,0.6286685078655172,0.3143342539327586,1.248532596853793
126.99980592727661,0.8747526056236359,-0.4626961714714113,0.6155811389940028,0.3077905694970014,1.2537675444023988
127.09988284111023,0.8819269080245122,-0.46040207941267547,0.5983762291956434,0.2991881145978217,1.2606495083217426
127.20416569709778,0.8881397379449523,-0.45831939569687846,0.5825967569758497,0.29129837848792484,1.2669612972096602
127.29997134208679,0.8990848202733076,-0.4542445565083472,0.5504511048626988,0.2752255524313494,1.2798195580549205
127.40033960342407,0.8990848202733076,-0.4542445565083472,0.5504511048626988,0.2752255524313494,1.2798195580549205
127.49995470046997,0.9058242990670151,-0.45154267161678646,0.535311664441875,0.2676558322209375,1.28587533422325
127.5998363494873,0.9058242990670151,-0.45154267161678646,0.535311664441875,0.2676558322209375,1.28587533422325
127.69989848136902,0.9142929799311825,-0.4479778966726283,0.5234643611380991,0.26173218056904957,1.2906142555447604
127.79982352256775,0.927461440846878,-0.4419578601902438,0.48570889649854054,0.24285444824927027,1.3057164414005837
127.89995265007019,0.927461440846878,-0.4419578601902438,0.48570889649854054,0.24285444824927027,1.3057164414005837
127.9999303817749,0.934633132253329,-0.43847029577748,0.47404454834149673,0.23702227417074836,1.3103821806634013
128.09980130195618,0.934633132253329,-0.43847029577748,0.47404454834149673,0.23702227417074836,1.3103821806634013
128.19986724853516,0.9488858519046981,-0.4312862408929247,0.4642690972869557,0.23213454864347785,1.3142923610852177
128.30403470993042,0.9569343490386666,-0.427122551298138,0.4512714704679169,0.22563573523395844,1.3194914118128334
128.39977312088013,0.9569343490386666,-0.427122551298138,0.4512714704679169,0.22563573523395844,1.3194914118128334
128.50004148483276,0.9636964169010621,-0.4234563077119975,0.43661238748890296,0.21830619374445148,1.325355045004439
128.60001134872437,0.9636964169010621,-0.4234563077119975,0.43661238748890296,0.21830619374445148,1.325355045004439
128.69990468025208,0.9758391269402017,-0.41658247140131965,0.4203469462292712,0.2101734731146356,1.3318612215082914
128.79991745948792,0.9871866335735182,-0.4097822427083632,0.392807453678236,0.196403726839118,1.3428770185287056
128.89989280700684,0.9939887330257658,-0.4054890647659104,0.3792556617183964,0.1896278308591982,1.3482977353126415
128.99992561340332,0.9939887330257658,-0.4054890647659104,0.3792556617183964,0.1896278308591982,1.3482977353126415
129.09980535507202,1.0010794548399977,-0.40087246599068704,0.3678564645196837,0.18392823225984184,1.3528574141921266
129.19982838630676,1.0084459078476813,-0.39595121308597686,0.35853611098033433,0.17926805549016717,1.3565855556078663
129.30252814292908,1.018671922880377,-0.3890471920287605,0.3691875535412068,0.1845937767706034,1.3523249785835172
129.39978003501892,1.02403044320614,-0.38538503031761157,0.3494810313700568,0.1747405156850284,1.3602075874519772
129.49977803230286,1.02403044320614,-0.38538503031761157,0.3494810313700568,0.1747405156850284,1.3602075874519772
129.5998330116272,1.037314873145771,-0.37584685736963747,0.32470811303791647,0.16235405651895823,1.3701167547848334
129.69980478286743,1.0442658040018558,-0.3706529243248765,0.3147508732135428,0.1573754366067714,1.3740996507145828
129.79996466636658,1.0514075431836927,-0.365200402230588,0.30626501587098376,0.15313250793549188,1.3774939936516064
129.90006256103516,1.0514075431836927,-0.365200402230588,0.30626501587098376,0.15313250793549188,1.3774939936516064
130.000239610672,1.0531425212714396,-0.363866217521721,0.3182168553592426,0.1591084276796213,1.372713257856303
130.10395741462708,1.0632820748515488,-0.3558393727385097,0.27065529391940946,0.13532764695970473,1.3917378824322362
130.19978141784668,1.0688439961534977,-0.3511208971713175,0.2564629483380608,0.1282314741690304,1.3974148206647756
130.29975175857544,1.0755304840765163,-0.34525779736893486,0.2400321938864397,0.12001609694321985,1.4039871224454241
130.39982652664185,1.0755304840765163,-0.34525779736893486,0.2400321938864397,0.12001609694321985,1.4039871224454241
130.4998219013214,1.079751910470507,-0.341477821771053,0.2307800759415528,0.1153900379707764,1.4076879696233788
130.60093021392822,1.0918725027964054,-0.329667666675424,0.1668333383633569,0.08341666918167845,1.4332666646546572
130.7034773826599,1.0970511401768934,-0.32405426078337857,0.12661363243857737,0.06330681621928869,1.449354547024569
130.79979395866394,1.1026639226900736,-0.3176244828313185,0.11343236232944454,0.05671618116472227,1.454627055068222
130.89981985092163,1.1083665484467122,-0.31091766841934354,0.1014222545228275,0.05071112726141375,1.459431098190869
130.99977278709412,1.119559212590621,-0.2972916319363768,0.08211941196028028,0.04105970598014014,1.467152235215888
131.09970593452454,1.1259545036431982,-0.2892487209130302,0.0693187711636779,0.03465938558183895,1.4722724915345289
131.2005341053009,1.1319615285060658,-0.2815562129401294,0.06411884988501848,0.03205942494250924,1.4743524600459925
131.2996542453766,1.1375440175918812,-0.2743002967451002,0.05691455267327571,0.028457276336637857,1.4772341789306898
131.40017533302307,1.1502718434506285,-0.2572563138291631,0.037502137678176124,0.018751068839088062,1.4849991449287296
131.49981474876404,1.15743504148886,-0.24729915806762878,0.021037748319466032,0.010518874159733016,1.4915849006722135
131.59977746009827,1.1630661063658216,-0.2392664716233175,0.013063476772673721,0.0065317383863368605,1.4947746092909304
131.7014455795288,1.1630661063658216,-0.2392664716233175,0.013063476772673721,0.0065317383863368605,1.4947746092909304
131.7998332977295,1.1679443141789734,-0.23208035358445905,-0.006450380021118751,-0.0032251900105593756,1.4974198479915526
131.8999412059784,1.177023615359506,-0.21763261224881775,-0.05573699604008964,-0.02786849802004482,1.4777052015839642
132.00046730041504,1.1810889989964206,-0.2107393426620379,-0.06823043547841512,-0.03411521773920756,1.472707825808634
132.10011672973633,1.1855429359995502,-0.20293338874669764,-0.08431250156049397,-0.042156250780246984,1.4662749993758024
132.19978070259094,1.1855429359995502,-0.20293338874669764,-0.08431250156049397,-0.042156250780246984,1.4662749993758024
132.29987168312073,1.1896639836793355,-0.19527239606737154,-0.12252377517144752,-0.06126188758572376,1.450990489931421
132.39981269836426,1.1973724401576427,-0.17944947765761254,-0.17528424258846154,-0.08764212129423077,1.4298863029646154
132.5039918422699,1.2006114984800156,-0.17188465926287047,-0.20808942674860476,-0.10404471337430238,1.416764229300558
132.5999984741211,1.2040505580365044,-0.16328018464133737,-0.2300291330375439,-0.11501456651877195,1.4079883467849825
132.69947862625122,1.2074060301859657,-0.15434443050525382,-0.2533391139167668,-0.1266695569583834,1.3986643544332933
132.7997374534607,1.2106860110797713,-0.1450822186639098,-0.27398577225863974,-0.13699288612931987,1.390405691096544
132.89990234375,1.2138415155159705,-0.13548158380039046,-0.29997597489807604,-0.14998798744903802,1.3800096100407695
132.999817609787,1.2165726655950024,-0.126578889565818,-0.32280860712612647,-0.16140430356306323,1.3708765571495494
133.10003519058228,1.21926112453275,-0.11649997685115308,-0.37373132854801727,-0.18686566427400864,1.3505074685807932
133.19981837272644,1.21926112453275,-0.11649997685115308,-0.37373132854801727,-0.18686566427400864,1.3505074685807932
133.2997760772705,1.2212662540755497,-0.10767586912413249,-0.4023015339408086,-0.2011507669704043,1.3390793864236765
133.39981865882874,1.2232930388205885,-0.09778665501763484,-0.4251959485452904,-0.2125979742726452,1.3299216205818838
133.5040044784546,1.2264978630842058,-0.07774706940880971,-0.5039210740918549,-0.25196053704592747,1.298431570363258
133.59974718093872,1.2274775301261898,-0.06833996711766684,-0.5376678876772851,-0.26883394383864256,1.284932844929086
133.69980573654175,1.2282915075956737,-0.05701342839878363,-0.5753968031248423,-0.28769840156242116,1.269841278750063
133.79979705810547,1.2286758825216193,-0.047158610099459146,-0.6112331043391783,-0.30561655216958916,1.2555067582643287
133.89992690086365,1.2284586027518947,-0.025088140226435234,-0.6881347488724008,-0.3440673744362004,1.2247461004510396
133.9997534751892,1.2278507101976346,-0.01479227142359344,-0.7261198601657521,-0.36305993008287607,1.2095520559336992
134.09992218017578,1.2278507101976346,-0.01479227142359344,-0.7261198601657521,-0.36305993008287607,1.2095520559336992
134.20054006576538,1.226895771340874,-0.003816839847309504,-0.7613305602554497,-0.3806652801277248,1.19546777589782
134.29984617233276,1.2255712851473768,0.007004725872679625,-0.7950319235725067,-0.39751596178625337,1.1819872305709973
134.4027135372162,1.2218919919468751,0.028539541512454095,-0.8845307494098192,-0.4422653747049096,1.1461877002360723
134.49995517730713,1.219672603372723,0.038129523465377874,-0.927985403337038,-0.463992701668519,1.1288058386651847
134.59990286827087,1.2165637247961614,0.049498528494800485,-0.9754839147769775,-0.48774195738848874,1.1098064340892089
134.7004532814026,1.2136834884567413,0.05878064732304182,-1.013438641613813,-0.5067193208069065,1.0946245433544748
134.7998332977295,1.2063401194462147,0.07880728566033945,-1.096787074060023,-0.5483935370300115,1.061285170375991
134.89982867240906,1.2022407377316688,0.08847000486869068,-1.1355896960220835,-0.5677948480110417,1.0457641215911666
134.99973511695862,1.1982630355161408,0.09711786814365377,-1.1716539463432998,-0.5858269731716499,1.0313384214626802
135.09986305236816,1.1936370700673582,0.10644349593023522,-1.2098529373088094,-0.6049264686544047,1.0160588250764762
135.19964003562927,1.1831802895083074,0.1253226061943742,-1.2868409477769618,-0.6434204738884809,0.9852636208892153
135.29998087882996,1.1782683349765672,0.1333669463890284,-1.3197222634808092,-0.6598611317404046,0.9721110946076763
135.40000677108765,1.1782683349765672,0.1333669463890284,-1.3197222634808092,-0.6598611317404046,0.9721110946076763
135.4995822906494,1.1727502282836602,0.14192525770793818,-1.3428579766513333,-0.6714289883256667,0.9628568093394666
135.59977531433105,1.1670887643438868,0.15039852469850695,-1.377713386903951,-0.6888566934519755,0.9489146452384195
135.70255422592163,1.1556483034385485,0.16675686787289343,-1.4177951809937126,-0.7088975904968563,0.932881927602515
135.8192961215973,1.1501407023726737,0.17423960779514014,-1.4430824805897458,-0.7215412402948729,0.9227670077641017
135.8998863697052,1.1501407023726737,0.17423960779514014,-1.4430824805897458,-0.7215412402948729,0.9227670077641017
136.00800609588623,1.138226721138737,0.1893244239834146,-1.509588689576986,-0.754794344788493,0.8961645241692056
136.0997974872589,1.125799911140631,0.2035551848731595,-1.5752758217045804,-0.7876379108522902,0.8698896713181679
136.19995713233948,1.1199781522092265,0.20976138274585468,-1.6036054304166707,-0.8018027152083353,0.8585578278333317
136.29974246025085,1.1199781522092265,0.20976138274585468,-1.6036054304166707,-0.8018027152083353,0.8585578278333317
136.3997504711151,1.1064744842238123,0.22309650079069732,-1.6736545540083787,-0.8368272770041894,0.8305381783966485
136.49974656105042,1.0998152896956963,0.2291729083371679,-1.706560489011116,-0.853280244505558,0.8173758043955536
136.59977507591248,1.0930733559728116,0.23504020609247792,-1.7250993226452533,-0.8625496613226267,0.8099602709418986
136.69985628128052,1.0863854117778844,0.24077089783890532,-1.7471965908071287,-0.8735982954035644,0.8011213636771485
136.79974389076233,1.0863854117778844,0.24077089783890532,-1.7471965908071287,-0.8735982954035644,0.8011213636771485
136.89988803863525,1.0728526106607672,0.25172065178021646,-1.802042639831789,-0.9010213199158945,0.7791829440672844
137.0000593662262,1.0597314977406593,0.2613657717669005,-1.8699081763005188,-0.9349540881502594,0.7520367294797925
137.09979224205017,1.0526766007777062,0.2660976143099484,-1.9070678575189546,-0.9535339287594773,0.7371728569924181
137.1998586654663,1.0526766007777062,0.2660976143099484,-1.9070678575189546,-0.9535339287594773,0.7371728569924181
137.29982781410217,1.0526766007777062,0.2660976143099484,-1.9070678575189546,-0.9535339287594773,0.7371728569924181
137.399578332901,1.0382267435600692,0.27517609794741854,-1.9477958915513258,-0.9738979457756629,0.7208816433794696
137.50207924842834,1.031555801446402,0.2791435297883395,-1.9800483646027325,-0.9900241823013662,0.707980654158907
137.59988284111023,1.0241537042324516,0.28322979260261194,-2.0209850468391743,-1.0104925234195872,0.6916059812643303
137.69972109794617,1.016550166512965,0.28721444253453204,-2.0403686998261357,-1.0201843499130678,0.6838525200695457
137.7997341156006,1.016550166512965,0.28721444253453204,-2.0403686998261357,-1.0201843499130678,0.6838525200695457
137.90004181861877,1.0017735428693626,0.29414801483013137,-2.1234984190735613,-1.0617492095367806,0.6506006323705754
138.00021028518677,1.0017735428693626,0.29414801483013137,-2.1234984190735613,-1.0617492095367806,0.6506006323705754
138.100745677948,0.9865733167712851,0.30020954027649327,-2.1767743756067492,-1.0883871878033746,0.6292902497573003
138.19978404045105,0.9787215392618707,0.30301656930829013,-2.2190648419930112,-1.1095324209965056,0.6123740632027954
138.29973697662354,0.9787215392618707,0.30301656930829013,-2.2190648419930112,-1.1095324209965056,0.6123740632027954
138.39977478981018,0.9620939490636643,0.30783924515449396,-2.311719110300823,-1.1558595551504116,0.5753123558796707
138.49986505508423,0.9542258346296475,0.3096114786026578,-2.3559130324210393,-1.1779565162105197,0.5576347870315842
138.5997359752655,0.9455280732142148,0.311205332855504,-2.402760234780054,-1.201380117390027,0.5388959060879784
138.69984555244446,0.9378100858587991,0.31230869754743246,-2.4387218986647325,-1.2193609493323663,0.5245112405341069
138.79968667030334,0.9314145271250333,0.31310391974469576,-2.4629920745917886,-1.2314960372958943,0.5148031701632845
138.90041494369507,0.9250652766532123,0.3136945576008324,-2.4912408047737675,-1.2456204023868838,0.5035036780904929
139.00162363052368,0.9194130371557916,0.3141094502100146,-2.5134118979809137,-1.2567059489904568,0.49463524080763444
139.10401582717896,0.9066770540329192,0.314617537892425,-2.572611695793635,-1.2863058478968175,0.47095532168254595
139.20028972625732,0.9066770540329192,0.314617537892425,-2.572611695793635,-1.2863058478968175,0.47095532168254595
139.29995822906494,0.8936778194043635,0.31427206239060196,-2.649725769483526,-1.324862884741763,0.4401096922065897
139.4026038646698,0.8865758121854725,0.31372215235425205,-2.6747392454994405,-1.3373696227497203,0.43010430180022374
139.50075221061707,0.8716875546995294,0.3122819232238445,-2.7083201331433036,-1.3541600665716518,0.4166719467426785
139.60008931159973,0.8716875546995294,0.3122819232238445,-2.7083201331433036,-1.3541600665716518,0.4166719467426785
139.6997525691986,0.8641289066214454,0.31120323161528773,-2.7722366106487493,-1.3861183053243746,0.3911053557405002
139.80502152442932,0.8591019315458145,0.3102196898863647,-2.8094027280634988,-1.4047013640317494,0.37623890877460053
139.8997597694397,0.8490243754362843,0.30751566769707533,-2.901963983987913,-1.4509819919939566,0.3392144064048346
139.9997797012329,0.8490243754362843,0.30751566769707533,-2.901963983987913,-1.4509819919939566,0.3392144064048346
140.09974765777588,0.8376417944574153,0.30349984701626503,-2.976034945998361,-1.4880174729991804,0.3095860216006556
140.20062923431396,0.8321744312911808,0.30125162234307495,-3.0080116090293867,-1.5040058045146933,0.2967953563882453
140.29969549179077,0.82543833372451,0.2982194517269919,-3.0429086117657307,-1.5214543058828653,0.28283655529370755
140.3997929096222,0.8195722249075665,0.29535598953241293,-3.0711918055397716,-1.5355959027698858,0.27152327778409124
140.4996464252472,0.8178856757360908,0.29450691064630685,-3.0733948619108467,-1.5366974309554233,0.2706420552356612
140.5999207496643,0.8150466618204038,0.29305968895271867,-3.077904628889045,-1.5389523144445225,0.2688381484443818
140.6999011039734,0.8127036700631238,0.2918342720038828,-3.089759248845382,-1.544879624422691,0.26409630046184707
140.80022311210632,0.8077311258255871,0.2888527109102447,3.1104641854339468,1.5552320927169734,0.25581432582642116
140.89987683296204,0.8077311258255871,0.2888527109102447,3.1104641854339468,1.5552320927169734,0.25581432582642116
140.99980092048645,0.8017296220314237,0.2847063736039526,3.044880956108532,1.522440478054266,0.28204761755658714
141.09984135627747,0.7982483489066348,0.2820593227806602,3.0155860576108267,1.5077930288054133,0.2937655769556693
141.19978046417236,0.7945564278647315,0.279081537578265,2.9883230319821186,1.4941615159910593,0.30467078720715257
141.2999324798584,0.7911437265818075,0.27618569921113856,2.967328220732851,1.4836641103664254,0.31306871170685957
141.39967703819275,0.788959937653731,0.27426025523094455,2.9497739242189205,1.4748869621094602,0.3200904303124317
141.4998869895935,0.785841389808623,0.27140283437958473,2.9353544470380077,1.4676772235190039,0.3258582211847969
141.60760521888733,0.7835739078630073,0.26929163949490253,2.9333026525583312,1.4666513262791656,0.32667893897666755
141.69975185394287,0.7794453108751958,0.2651984062736169,2.8816006471015108,1.4408003235507554,0.3473597411593956
141.8000602722168,0.7794453108751958,0.2651984062736169,2.8816006471015108,1.4408003235507554,0.3473597411593956
141.90045499801636,0.7751961738227963,0.2606008225243585,2.8367811518757877,1.4183905759378939,0.3652875392496848
142.00186157226562,0.7669220965920538,0.2505082019468281,2.773599242303725,1.3867996211518625,0.39056030307850986
142.09976315498352,0.7638685415356933,0.24649492141103393,2.760131580714022,1.380065790357011,0.3959473677143912
142.199773311615,0.760771917007895,0.24229526098947657,2.7491528065402346,1.3745764032701173,0.40033887738390606
142.29990458488464,0.7583656565284922,0.2389672070179094,2.737991142880381,1.3689955714401905,0.4048035428478476
142.39996576309204,0.7583656565284922,0.2389672070179094,2.737991142880381,1.3689955714401905,0.4048035428478476
142.49994087219238,0.753023281175187,0.23128192029566205,2.73122212392064,1.36561106196032,0.40751115043174413
142.60004115104675,0.7495304677859014,0.22606196337432233,2.6965688990063503,1.3482844495031752,0.4213724403974599
142.69984650611877,0.6971939971287447,0.09862801562897097,2.4531978535987142,1.2265989267993571,0.5187208585605143
142.8028838634491,0.6921303407254941,0.07970506902882071,2.425344054994619,1.2126720274973095,0.5298623780021523
142.90006279945374,0.690003435027956,0.07076514675861645,2.4142990615730415,1.2071495307865208,0.5342803753707833
142.9996588230133,0.690003435027956,0.07076514675861645,2.4142990615730415,1.2071495307865208,0.5342803753707833
143.09955596923828,0.6859166083910992,0.050883170376695985,2.3763534392298427,1.1881767196149213,0.5494586243080629
143.1997835636139,0.6842177548583228,0.04092128715990058,2.358619920228506,1.179309960114253,0.5565520319085976
143.29966115951538,0.6827447630972282,0.03091648685924153,2.339570339808753,1.1697851699043764,0.5641718640764988
143.3996512889862,0.6827447630972282,0.03091648685924153,2.339570339808753,1.1697851699043764,0.5641718640764988
143.49966979026794,0.6820751460973186,0.026080915088287696,2.3514058948563132,1.1757029474281566,0.5594376420574747
143.60068082809448,0.6804290400030211,0.011815543840282485,2.318049242441816,1.159024621220908,0.5727803030232734
143.7028603553772,0.6797873672618333,0.004712291732031049,2.2899190881081704,1.1449595440540852,0.5840323647567318
143.7996289730072,0.6793903456232971,-0.003288359011859009,2.251300910341153,1.1256504551705766,0.5994796358635387
143.89983797073364,0.6792893395710773,-0.010417820631388033,2.2216619037822785,1.1108309518911392,0.6113352384870886
143.99989581108093,0.6799134278067749,-0.02662561795926918,2.157025408720525,1.0785127043602625,0.63718983651179
144.0999414920807,0.6806350741391552,-0.03441603445322443,2.124812782233965,1.0624063911169825,0.6500748871064139
144.19963121414185,0.6818149767401998,-0.04346771050824731,2.092877021571153,1.0464385107855765,0.6628491913715387
144.299742937088,0.6818149767401998,-0.04346771050824731,2.092877021571153,1.0464385107855765,0.6628491913715387
144.39970231056213,0.6827994179521196,-0.049649441498851206,2.0703406545410696,1.0351703272705348,0.6718637381835721
144.4998962879181,0.6861400898896287,-0.06522824089604115,2.0080241577813345,1.0040120788906672,0.6967903368874662
144.60287618637085,0.6882295822560923,-0.07348068979131549,1.9995120494274037,0.9997560247137018,0.7001951802290385
144.70285201072693,0.6906418866466202,-0.08186500781159685,1.959442370068077,0.9797211850340385,0.7162230519727691
144.79958653450012,0.6934506722218694,-0.0903473899168695,1.9288954461588559,0.9644477230794279,0.7284418215364576
144.8996729850769,0.6999342514901168,-0.10681213138830856,1.864944543311716,0.932472271655858,0.7540221826753135
144.99974632263184,0.7042511812412066,-0.11624251714592557,1.834773770603118,0.917386885301559,0.7660904917587528
145.10037398338318,0.7082530665984276,-0.12423738379764936,1.8069031422104076,0.9034515711052038,0.777238743115837
145.19989657402039,0.7130141001216524,-0.1330192119820485,1.7788977009327258,0.8894488504663629,0.7884409196269097
145.29953622817993,0.7224334816795828,-0.14865590992712555,1.7293258551557757,0.8646629275778879,0.8082696579376897
145.3996443748474,0.7283786304578885,-0.15752545112357036,1.7021036729601824,0.8510518364800912,0.819158530815927
145.49961614608765,0.7341571218695283,-0.1655801286180831,1.6795414773976916,0.8397707386988458,0.8281834090409234
145.59966397285461,0.7396419000205942,-0.17279421430872396,1.6563390864798055,0.8281695432399028,0.8374643654080778
145.69951367378235,0.752810702222325,-0.18864289505122236,1.6104417863216005,0.8052208931608003,0.8558232854713598
145.79957270622253,0.752810702222325,-0.18864289505122236,1.6104417863216005,0.8052208931608003,0.8558232854713598
145.8996458053589,0.7599356021203881,-0.19651828401128577,1.591774292804262,0.795887146402131,0.8632902828782951
146.00027561187744,0.7651907566701036,-0.20213690080417793,1.5835108630634163,0.7917554315317081,0.8665956547746334
146.10012412071228,0.768906351099582,-0.20601629577264555,1.571373143762017,0.7856865718810085,0.8714507424951932
146.19962430000305,0.7732328751618571,-0.21032747388300577,1.550574145408369,0.7752870727041845,0.8797703418366524
146.29956007003784,0.7827666244829187,-0.2191770188221506,1.5118946987018684,0.7559473493509342,0.8952421205192526
146.39989757537842,0.7875371614283685,-0.22334152429186774,1.50117203311301,0.750586016556505,0.8995311867547959
146.49966645240784,0.7875371614283685,-0.22334152429186774,1.50117203311301,0.750586016556505,0.8995311867547959
146.59974026679993,0.7986664089369374,-0.23256905364314792,1.4735669741508892,0.7367834870754446,0.9105732103396443
146.699604511261,0.8108260882390069,-0.24197884154088156,1.4481539861791846,0.7240769930895923,0.9207384055283262
146.80015420913696,0.8167558190472662,-0.24632368638308896,1.4356985446050055,0.7178492723025027,0.9257205821579978
146.89965724945068,0.8167558190472662,-0.24632368638308896,1.4356985446050055,0.7178492723025027,0.9257205821579978
146.99970316886902,0.824017147954959,-0.25145640223939714,1.4261845812377316,0.7130922906188658,0.9295261675049074
147.09963583946228,0.8252625016759096,-0.25234739242606297,1.443763284487169,0.7218816422435845,0.9224946862051323
147.20406770706177,0.8337458115220465,-0.2584118946030309,1.467335985553313,0.7336679927766565,0.9130656057786748
147.30303025245667,0.8349218637414173,-0.259280363644472,1.4568579473722747,0.7284289736861373,0.9172568210510901
147.39967370033264,0.8359101597733751,-0.2599984996377245,1.4496131880532253,0.7248065940266126,0.9201547247787099
147.5028531551361,0.8421062520562659,-0.26445441012696286,1.4258775053760067,0.7129387526880033,0.9296489978495973
147.5996766090393,0.8516622580501744,-0.27039748746577846,1.356083536178043,0.6780417680890215,0.9575665855287828
147.69967222213745,0.8581807116770407,-0.2739516959536013,1.3190065293579722,0.6595032646789861,0.9723973882568111
147.79960203170776,0.8663553674011438,-0.2779529477766949,1.2769452522625424,0.6384726261312712,0.989221899094983
147.89968490600586,0.871521115222414,-0.2802573523435162,1.2544312014658714,0.6272156007329357,0.9982275194136514
148.00294256210327,0.8840359267759207,-0.2851869825695348,1.2105006299564982,0.6052503149782491,1.0157997480174008
148.09973526000977,0.8840359267759207,-0.2851869825695348,1.2105006299564982,0.6052503149782491,1.0157997480174008
148.20281767845154,0.8891439346438842,-0.287077394095903,1.2114694117350822,0.6057347058675411,1.0154122353059671
148.29968643188477,0.8895454603822948,-0.28722517902057143,1.2008297511951755,0.6004148755975878,1.0196680995219298
148.40286016464233,0.8905891429189665,-0.2875891442294158,1.1811298290617365,0.5905649145308682,1.0275480683753053
148.49965071678162,0.8954033009444361,-0.2889028831837538,1.096130385414963,0.5480651927074816,1.0615478458340148
148.60285592079163,0.8986457987106489,-0.2895887525192168,1.049548048452748,0.524774024226374,1.0801807806189008
148.69960117340088,0.8986457987106489,-0.2895887525192168,1.049548048452748,0.524774024226374,1.0801807806189008
148.7996437549591,0.9053789910352545,-0.29053485218182873,0.9644050232872137,0.48220251164360683,1.1142379906851145
148.89955759048462,0.9130972302229066,-0.29103061578695305,0.9024091133703603,0.45120455668518017,1.1390363546518558
148.9999179840088,0.9180893069599494,-0.29110641968247086,0.8730720661054242,0.4365360330527121,1.1507711735578303
149.09970474243164,0.9180893069599494,-0.29110641968247086,0.8730720661054242,0.4365360330527121,1.1507711735578303
149.19961404800415,0.9276534764756472,-0.2908334069736578,0.8236993437908089,0.41184967189540445,1.1705202624836764
149.29964303970337,0.9331776276907848,-0.29046539111445596,0.8012809383603944,0.4006404691801972,1.1794876246558421
149.39959335327148,0.9387855513078734,-0.2899713662702766,0.7822767924102666,0.3911383962051333,1.1870892830358932
149.49964666366577,0.9422281180038143,-0.28953556560562377,0.7389272389426761,0.36946361947133805,1.2044291044229296
149.59970378875732,0.9422281180038143,-0.28953556560562377,0.7389272389426761,0.36946361947133805,1.2044291044229296
149.6996397972107,0.9524499072282367,-0.28768066639101497,0.6711537570017664,0.3355768785008832,1.2315384971992933
149.79965209960938,0.9636470122704548,-0.28494211618793946,0.633130155757686,0.316565077878843,1.2467479376969255
149.8996138572693,0.9699520035546618,-0.28320658178938724,0.6157822528876975,0.30789112644384875,1.253687098844921
149.99974036216736,0.9699520035546618,-0.28320658178938724,0.6157822528876975,0.30789112644384875,1.253687098844921
150.09956121444702,0.9831657595846689,-0.2792358699362794,0.5926123201852838,0.2963061600926419,1.2629550719258864
150.19967818260193,0.9831657595846689,-0.2792358699362794,0.5926123201852838,0.2963061600926419,1.2629550719258864
150.2995846271515,0.9945086480382401,-0.2755918821617263,0.5993120665222921,0.29965603326114604,1.260275173391083
150.39969658851624,0.9963681790187455,-0.27501428385250326,0.6073577348023282,0.3036788674011641,1.2570569060790686
150.49959254264832,0.9963681790187455,-0.27501428385250326,0.6073577348023282,0.3036788674011641,1.2570569060790686
150.60310292243958,1.0048898634794596,-0.27222242160281224,0.5729579494077774,0.2864789747038887,1.270816820236889
150.6996567249298,1.015758479492378,-0.26807993664801055,0.524729719956269,0.2623648599781345,1.2901081120174924
150.79967999458313,1.0217395050011078,-0.26557581712528916,0.5065082281342637,0.25325411406713183,1.2973967087462945
150.89985156059265,1.0217395050011078,-0.26557581712528916,0.5065082281342637,0.25325411406713183,1.2973967087462945
150.99965691566467,1.0343080525609882,-0.25987877695912026,0.47297059643618006,0.23648529821809003,1.310811761425528
151.09964179992676,1.047088086517301,-0.2535456587931727,0.44513094997444896,0.22256547498722448,1.3219476200102205
151.2029139995575,1.0539820912048488,-0.2499223280135646,0.4308128726254324,0.2154064363127162,1.327674850949827
151.29966855049133,1.0539820912048488,-0.2499223280135646,0.4308128726254324,0.2154064363127162,1.327674850949827
151.39973306655884,1.0676191559764496,-0.24232238663511368,0.4036583991042181,0.20182919955210904,1.3385366403583128
151.49972009658813,1.0770416916501386,-0.23675296444750002,0.38141872061980875,0.19070936030990437,1.3474325117520765
151.60750126838684,1.0829760501985664,-0.23298333642556546,0.3499196262224797,0.17495981311123984,1.3600321495110081
151.69957375526428,1.0829760501985664,-0.23298333642556546,0.3499196262224797,0.17495981311123984,1.3600321495110081
151.79961466789246,1.0919834835016045,-0.22677091605154542,0.31372972677593225,0.15686486338796612,1.3745081092896272
151.90284705162048,1.0957614278437147,-0.224016410911796,0.2988239586670721,0.14941197933353606,1.3804704165331712
151.9999647140503,1.1073477040542783,-0.2147540697108979,0.23205186071325112,0.11602593035662556,1.4071792557146996
152.09957075119019,1.1073477040542783,-0.2147540697108979,0.23205186071325112,0.11602593035662556,1.4071792557146996
152.19969177246094,1.118641543407211,-0.20452700339553026,0.1741387542686177,0.08706937713430885,1.4303444982925528
152.29958629608154,1.1245070976222797,-0.1987474932199073,0.14923378279086053,0.07461689139543026,1.4403064868836557
152.39967036247253,1.135929501021306,-0.18662040045494013,0.10206339061843184,0.05103169530921592,1.4591746437526272
152.50003623962402,1.135929501021306,-0.18662040045494013,0.10206339061843184,0.05103169530921592,1.4591746437526272
152.6020541191101,1.147384811047224,-0.1732066216679514,0.05423399654415939,0.027116998272079695,1.4783064013823362
152.69972443580627,1.1526192639594577,-0.16661983481093537,0.032118370408847796,0.016059185204423898,1.4871526518364608
152.7996940612793,1.1639372066788782,-0.15127837078888146,-0.016777331092028502,-0.008388665546014251,1.4932890675631887
152.89960432052612,1.1639372066788782,-0.15127837078888146,-0.016777331092028502,-0.008388665546014251,1.4932890675631887
153.00158548355103,1.1750210057234605,-0.13458539244687256,-0.06727262227668063,-0.033636311138340313,1.4730909510893277
153.0997669696808,1.1804379412549606,-0.12572598611733138,-0.09322274171643352,-0.04661137085821676,1.4627109033134267
153.19969820976257,1.1857667852715035,-0.1165337922426518,-0.1126652855832263,-0.05633264279161315,1.4549338857667096
153.30018019676208,1.191016426481832,-0.10710076001752425,-0.12862729554182495,-0.06431364777091247,1.44854908178327
153.39981627464294,1.191016426481832,-0.10710076001752425,-0.12862729554182495,-0.06431364777091247,1.44854908178327
153.49963355064392,1.1992719867447201,-0.09126933032261218,-0.18089695974497447,-0.09044847987248723,1.4276412161020102
153.6014347076416,1.2026878357235602,-0.08410353033957184,-0.20207143167770758,-0.10103571583885379,1.4191714273289169
153.69966387748718,1.209608502044763,-0.06714267817768976,-0.2913999118172943,-0.14569995590864715,1.3834400352730822
153.7996311187744,1.209608502044763,-0.06714267817768976,-0.2913999118172943,-0.14569995590864715,1.3834400352730822
153.8998146057129,1.215003380939557,-0.050376562588091936,-0.36103362232588176,-0.18051681116294088,1.3555865510696472
153.99972343444824,1.2175199395287097,-0.04116972104950486,-0.3915862169249945,-0.19579310846249726,1.3433655132300022
154.09964227676392,1.2217672304428648,-0.02268322419736484,-0.45140251136296095,-0.22570125568148047,1.3194389954548156
154.19960284233093,1.2217672304428648,-0.02268322419736484,-0.45140251136296095,-0.22570125568148047,1.3194389954548156
154.30011463165283,1.22526556570689,-0.002151835308515098,-0.519809829353852,-0.259904914676926,1.292076068258459
154.39975237846375,1.2263878060473268,0.0067988921008489325,-0.5507055527456387,-0.27535277637281935,1.2797177789017444
154.4995789527893,1.2273694849417882,0.016830280710086198,-0.5806226193155715,-0.29031130965778573,1.2677509522737713
154.6008722782135,1.2281587942720429,0.027382279836644534,-0.605240348639569,-0.3026201743197845,1.2579038605441724
154.6996304988861,1.2281587942720429,0.027382279836644534,-0.605240348639569,-0.3026201743197845,1.2579038605441724
154.79959654808044,1.2286507757477423,0.036154584076663124,-0.6274950715669542,-0.3137475357834771,1.2490019713732183
154.89967322349548,1.2290118733669877,0.055138463371645664,-0.7061984340927668,-0.3530992170463834,1.2175206263628933
154.99965810775757,1.2278570844328682,0.07316719056788712,-0.794871346957383,-0.3974356734786915,1.1820514612170467
155.09970545768738,1.2278570844328682,0.07316719056788712,-0.794871346957383,-0.3974356734786915,1.1820514612170467
155.2029106616974,1.2266399673277029,0.08332739128078823,-0.8381513934319501,-0.41907569671597505,1.16473944262722
155.29965662956238,1.2235985594143668,0.10115581715664287,-0.9131353187976254,-0.4565676593988127,1.1347458724809498
155.3995451927185,1.2192416974742923,0.11944128739931695,-0.9928200097742154,-0.4964100048871077,1.1028719960903137
155.499591588974,1.2192416974742923,0.11944128739931695,-0.9928200097742154,-0.4964100048871077,1.1028719960903137
155.59963750839233,1.2166189364236422,0.12842015501469042,-1.0332625704564218,-0.5166312852282109,1.0866949718174312
155.69961142539978,1.2136960739778668,0.137301672264665,-1.0739861692270485,-0.5369930846135242,1.0704055323091806
155.79966688156128,1.2104781948664116,0.14606799224502814,-1.1149867686450667,-0.5574933843225334,1.0540052925419734
155.89989709854126,1.203489372843932,0.16329469917596484,-1.1872538185048516,-0.5936269092524258,1.0250984725980594
156.00013875961304,1.203489372843932,0.16329469917596484,-1.1872538185048516,-0.5936269092524258,1.0250984725980594
156.10230159759521,1.1995515147289966,0.1716855383513714,-1.2205797088259023,-0.6102898544129511,1.011768116469639
156.20795440673828,1.1906489164824667,0.18787008868677998,-1.3348597180849038,-0.6674298590424519,0.9660561127660384
156.29985570907593,1.180720718256107,0.20277129178641307,-1.4205339090821612,-0.7102669545410806,0.9317864363671355
156.40006136894226,1.180720718256107,0.20277129178641307,-1.4205339090821612,-0.7102669545410806,0.9317864363671355
156.50081372261047,1.1751023502248708,0.21029809513119938,-1.465709812260557,-0.7328549061302785,0.9137160750957772
156.59979796409607,1.1636251941870333,0.22419052299278375,-1.5453508755805885,-0.7726754377902942,0.8818596497677645
156.70157384872437,1.150166487628002,0.23844584273853517,-1.6309695184537736,-0.8154847592268868,0.8476121926184905
156.79965615272522,1.1431761385893306,0.24513283660125645,-1.672125155872226,-0.836062577936113,0.8311499376511096
156.89966106414795,1.1431761385893306,0.24513283660125645,-1.672125155872226,-0.836062577936113,0.8311499376511096
156.99946355819702,1.1297449095702867,0.25717021306843235,-1.7324936966476776,-0.8662468483238388,0.8070025213409289
157.09955310821533,1.121921210605128,0.26362695956080684,-1.7691887304360607,-0.8845943652180304,0.7923245078255756
157.1996500492096,1.1152106123949126,0.268942590864021,-1.7872065647778528,-0.8936032823889264,0.7851173740888588
157.30184030532837,1.1078847882512024,0.27460673450803047,-1.80651447035328,-0.90325723517664,0.777394211858688
157.39954543113708,1.100435874559997,0.27999148249383365,-1.8631642785821336,-0.9315821392910668,0.7547342885671465
157.4999270439148,1.092892956659287,0.28508783621893996,-1.8871892084737003,-0.9435946042368502,0.7451243166105198
157.6032817363739,1.0859347169858975,0.28961077058442813,-1.9110939844272858,-0.9555469922136429,0.7355624062290856
157.702898979187,1.0781861835010056,0.2943626151040588,-1.9641435535193301,-0.9820717767596651,0.7143425785922679
157.79958581924438,1.0694647731858011,0.2991383835601885,-2.0148568956017727,-1.0074284478008864,0.6940572417592908
157.9068784713745,1.052810138055845,0.30710918628122097,-2.1035979507040783,-1.0517989753520391,0.6585608197183687
157.99962306022644,1.0442091309632546,0.31065384209037344,-2.1415833942818354,-1.0707916971409177,0.6433666422872658
158.10138034820557,1.0354752756937298,0.31393913459806533,-2.1792752590020195,-1.0896376295010097,0.6282898963991922
158.19962239265442,1.0273647222941902,0.31671787139116914,-2.2132664504727124,-1.1066332252363562,0.614693419810915
158.29965567588806,1.0094075388400439,0.3219767426833642,-2.287420205437892,-1.143710102718946,0.5850319178248431
158.4002878665924,1.0002968560032668,0.32419190202333903,-2.3241429801703566,-1.1620714900851783,0.5703428079318573
158.49963760375977,0.9922997355502876,0.32589653545801905,-2.349401656802558,-1.174700828401279,0.5602393372789768
158.59963130950928,0.9922997355502876,0.32589653545801905,-2.349401656802558,-1.174700828401279,0.5602393372789768
158.69959688186646,0.9867331029546773,0.32699937802648893,-2.3717195756582847,-1.1858597878291424,0.5513121697366861
158.7996382713318,0.9743420074966749,0.32897505092993307,-2.423262948756053,-1.2116314743780265,0.5306948204975788
158.90283465385437,0.9679161757382576,0.32980692718883836,-2.444351008011898,-1.222175504005949,0.5222595967952408
159.0028748512268,0.961876710336588,0.3303738132205381,-2.500597288668442,-1.250298644334221,0.49976108453262325
159.09959292411804,0.9550403067152813,0.33071233259733895,-2.540424885590661,-1.2702124427953305,0.48383004576373545
159.2028477191925,0.9412790629637203,0.3306039712853344,-2.6214695245714927,-1.3107347622857464,0.45141219017140277
159.3029499053955,0.9337593275883721,0.33014308387866115,-2.6592613525308124,-1.3296306762654062,0.4362954589876751
159.40288758277893,0.9260177778426641,0.3293972804267045,-2.696376478549993,-1.3481882392749964,0.4214494085800029
159.49959874153137,0.9187461376052929,0.32845660760516876,-2.73016070940961,-1.365080354704805,0.4079357162361561
159.60303020477295,0.902264916931215,0.32544283855009,-2.805002240254402,-1.402501120127201,0.3779991038982391
159.70290398597717,0.8937376219601882,0.3234446983676002,-2.838479101063296,-1.419239550531648,0.36460835957468163
159.8000545501709,0.8850278786183591,0.3211162091736418,-2.8711058746962403,-1.4355529373481202,0.35155765012150386
159.8996090888977,0.8761448946483471,0.3184506433682248,-2.9027976026355873,-1.4513988013177936,0.3388809589457651
160.00286650657654,0.8577049034653814,0.3120220913940317,-2.9637718627346556,-1.4818859313673278,0.3144912549061376
160.1003818511963,0.8483997676132089,0.30832086637912254,-2.9930184949533647,-1.4965092474766823,0.302792602018654
160.20280575752258,0.8382728117165055,0.30395065994126247,-3.0242920507465882,-1.5121460253732941,0.2902831797013645
160.29988384246826,0.829790353367097,0.30001373470939624,-3.0492384455803516,-1.5246192227901758,0.2803046217678593
160.39976000785828,0.8206612725807731,0.2954893690444297,-3.0763001797756764,-1.5381500898878382,0.2694799280897293
160.50287103652954,0.8027855454679198,0.285743072600718,-3.128543008197359,-1.5642715040986794,0.24858279672105632
160.59996819496155,0.7940592921378881,0.2805437335900981,3.1293097008377133,1.5646548504188567,0.24827611966491459
160.69985938072205,0.7855020521877829,0.27514787735620816,3.1043357753338094,1.5521678876669047,0.25826568986647613
160.79983615875244,0.7771020760437463,0.26955253672725094,3.079729935691356,1.539864967845678,0.2681080257234576
160.90170669555664,0.7614448336537365,0.2582885776451859,3.034464815216805,1.5172324076084025,0.2862140739132779
160.99960136413574,0.7535291403711056,0.25214896826778754,3.010539282512173,1.5052696412560864,0.2957842869951308
161.1020429134369,0.7535291403711056,0.25214896826778754,3.010539282512173,1.5052696412560864,0.2957842869951308
161.19962573051453,0.7451335974546613,0.24534647710547391,2.9830582482494883,1.4915291241247441,0.3067767007002047
161.3023772239685,0.7416099873008303,0.2423448932363134,2.973248593830095,1.4866242969150476,0.31070056246796196
161.40284633636475,0.7383493436033455,0.23942654506852418,2.9266304035045305,1.4633152017522653,0.32934783859818784
161.49961495399475,0.7341962046971506,0.23533087082350546,2.884767619924977,1.4423838099624886,0.3460929520300091
161.59969902038574,0.731297624559796,0.23224295245756404,2.8524039616972,1.4262019808486,0.3590384153211199
161.69966530799866,0.7275740720060068,0.2279821213332007,2.8156862198028056,1.4078431099014028,0.3737255120788776
161.79961848258972,0.7214496303988523,0.22018400389893789,2.7517840669090203,1.3758920334545102,0.3992863732363918
161.89968252182007,0.7182592561396376,0.21568401948741914,2.720190260414996,1.360095130207498,0.4119238958340017
161.99985551834106,0.7182592561396376,0.21568401948741914,2.720190260414996,1.360095130207498,0.4119238958340017
162.09972286224365,0.7157179668627958,0.21189988385048214,2.7106425604884126,1.3553212802442063,0.41574297580463493
162.20040082931519,0.7134738689925728,0.2084891942833414,2.704557612360259,1.3522788061801294,0.41817695505589647
162.2998731136322,0.7082251442673398,0.19982611202968512,2.6408994511381367,1.3204497255690684,0.4436402195447453
162.3997139930725,0.7059544399774605,0.19564148391559041,2.614396272197858,1.307198136098929,0.45424149112085677
162.49969696998596,0.703249316525806,0.19045919958139063,2.6093369505910644,1.3046684752955322,0.45626521976357415
162.59962105751038,0.6985688869491703,0.18099753014630143,2.577304615201028,1.288652307600514,0.46907815391958874
162.6999249458313,0.693657980946007,0.1700791064084815,2.539084317132727,1.2695421585663635,0.48436627314690917
162.79960227012634,0.693657980946007,0.1700791064084815,2.539084317132727,1.2695421585663635,0.48436627314690917
162.89962601661682,0.689259501143657,0.1589267544822359,2.4921613061256265,1.2460806530628132,0.5031354775497494
162.99962735176086,0.6848300939294337,0.1457420965230778,2.445506381787891,1.2227531908939455,0.5217974472848436
163.10004925727844,0.6831104299106924,0.13994515165250695,2.4270865273381763,1.2135432636690882,0.5291653890647294
163.20282697677612,0.6831104299106924,0.13994515165250695,2.4270865273381763,1.2135432636690882,0.5291653890647294
163.29970383644104,0.6796899104199078,0.12683561034736845,2.3887602420916045,1.1943801210458023,0.5444959031633582
163.4068956375122,0.6766095995963074,0.11260157515499918,2.3539794042957625,1.1769897021478812,0.558408238281695
163.4997100830078,0.6753222212684962,0.10569456218431186,2.3403640908516294,1.1701820454258147,0.5638543636593482
163.60218167304993,0.6753222212684962,0.10569456218431186,2.3403640908516294,1.1701820454258147,0.5638543636593482
163.69974756240845,0.6728998978932444,0.08994328645708727,2.300954762205639,1.1504773811028195,0.5796180951177443
163.80290341377258,0.6710363056316445,0.07394079742874941,2.2772982093912955,1.1386491046956477,0.5890807162434818
163.89963674545288,0.6702976478180034,0.06526269655832599,2.2585038164940077,1.1292519082470038,0.5965984734023969
164.00085854530334,0.6702976478180034,0.06526269655832599,2.2585038164940077,1.1292519082470038,0.5965984734023969
164.10279154777527,0.6693468079335809,0.0464582632735281,2.218294431362114,1.109147215681057,0.6126822274551544
164.19958972930908,0.6692164937932583,0.027510523086851004,2.189064007078641,1.0945320035393205,0.6243743971685436
164.299818277359,0.6694061130679466,0.018549070205480942,2.1763680525516715,1.0881840262758358,0.6294527789793314
164.39968013763428,0.6694061130679466,0.018549070205480942,2.1763680525516715,1.0881840262758358,0.6294527789793314
164.49968957901,0.670445304438708,-0.0017105855334694684,2.1441477470145953,1.0720738735072977,0.6423409011941619
164.5996458530426,0.6713198258438207,-0.012184549869078833,2.1271596645149966,1.0635798322574983,0.6491361341940013
164.69980764389038,0.672137725525503,-0.0201751390723899,2.122175351875931,1.0610876759379655,0.6511298592496275
164.80057954788208,0.6729217173749459,-0.028627892246979723,2.1368504204445737,1.0684252102222869,0.6452598318221705
164.8995966911316,0.6729217173749459,-0.028627892246979723,2.1368504204445737,1.0684252102222869,0.6452598318221705
165.00066137313843,0.6743757421595781,-0.04362905716235115,2.132727416834035,1.0663637084170174,0.646909033266386
165.1014232635498,0.676811251203126,-0.05990165487924825,2.063798831720352,1.031899415860176,0.6744804673118592
165.19958019256592,0.6783524708396974,-0.06766667475631354,2.0406418707129657,1.0203209353564828,0.6837432517148136
165.29959869384766,0.6783524708396974,-0.06766667475631354,2.0406418707129657,1.0203209353564828,0.6837432517148136
165.401109457016,0.6826443915601652,-0.08518722890258935,1.988743767350326,0.994371883675163,0.7045024930598696
165.4998426437378,0.6853089309486295,-0.09421637910486019,1.9619720890435541,0.9809860445217771,0.7152111643825783
165.59963750839233,0.6882235935144518,-0.10306950132881262,1.9399716006560515,0.9699858003280257,0.7240113597375794
165.70277214050293,0.6908859829984467,-0.11061442012032438,1.9345436470159547,0.9672718235079774,0.726182541193618
165.79976439476013,0.6908859829984467,-0.11061442012032438,1.9345436470159547,0.9672718235079774,0.726182541193618
165.9029176235199,0.6956579660493108,-0.1234666506714269,1.9054603934935455,0.9527301967467727,0.7378158426025818
165.9996898174286,0.6986989975589402,-0.13084681180305488,1.8774578302939555,0.9387289151469778,0.7490168678824177
166.0996344089508,0.7057770404787622,-0.1456911375231495,1.8183670956186866,0.9091835478093433,0.7726531617525253
166.1997401714325,0.7057770404787622,-0.1456911375231495,1.8183670956186866,0.9091835478093433,0.7726531617525253
166.29975986480713,0.714266911660963,-0.16089050752434647,1.7639151429544027,0.8819575714772013,0.7944339428182389
166.39959287643433,0.7186522293255926,-0.16794069183360205,1.7379801852287855,0.8689900926143928,0.8048079259084857
166.49957084655762,0.724232982730133,-0.17629991935953523,1.712381063916441,0.8561905319582205,0.8150475744334236
166.59984183311462,0.7284888073373467,-0.18235240953317733,1.7086684490783455,0.8543342245391727,0.8165326203686618
166.69957828521729,0.7284888073373467,-0.18235240953317733,1.7086684490783455,0.8543342245391727,0.8165326203686618
166.8023533821106,0.7327929653452566,-0.18849298891357574,1.718133744768919,0.8590668723844594,0.8127465020924324
166.90284204483032,0.7380253731857821,-0.19589980558718428,1.6997036875717941,0.8498518437858971,0.8201185249712823
167.0028781890869,0.745950811190647,-0.20602826473845054,1.6406601790423663,0.8203300895211831,0.8437359283830534
167.09968304634094,0.745950811190647,-0.20602826473845054,1.6406601790423663,0.8203300895211831,0.8437359283830534
167.19969010353088,0.7555512880089074,-0.21672702012940798,1.5815579572774436,0.7907789786387218,0.8673768170890225
167.2998366355896,0.7610399186088468,-0.22229001073641524,1.5567626929489733,0.7783813464744866,0.8772949228204107
167.39963936805725,0.7721039497518821,-0.23259632759795176,1.5097203210781673,0.7548601605390837,0.8961118715687331
167.4999930858612,0.7721039497518821,-0.23259632759795176,1.5097203210781673,0.7548601605390837,0.8961118715687331
167.60041999816895,0.7849711415031205,-0.24329803851809328,1.4625920894424707,0.7312960447212353,0.9149631642230117
167.69955134391785,0.7919168887303341,-0.24859610800051996,1.439611387100261,0.7198056935501305,0.9241554451598956
167.7995867729187,0.7992008393093186,-0.2538526934477815,1.4216426962846487,0.7108213481423243,0.9313429214861405
167.89974904060364,0.8061474822101827,-0.25865740014544375,1.409684068802303,0.7048420344011515,0.9361263724790788
167.99958562850952,0.8061474822101827,-0.25865740014544375,1.409684068802303,0.7048420344011515,0.9361263724790788
168.0996060371399,0.812176380245756,-0.262797523947496,1.428159460143203,0.7140797300716015,0.9287362159427187
168.2028453350067,0.8159997718593125,-0.26558218334329287,1.4512300560355822,0.7256150280177911,0.9195079775857671
168.29989409446716,0.8245261816294944,-0.2712378400361649,1.3782728640719855,0.6891364320359927,0.9486908543712058
168.4052574634552,0.8245261816294944,-0.2712378400361649,1.3782728640719855,0.6891364320359927,0.9486908543712058
168.50018072128296,0.8322388456208385,-0.2756133820250004,1.3157556887327204,0.6578778443663602,0.9736977245069118
168.60286951065063,0.8370785131660469,-0.27806004269501916,1.2843394959275647,0.6421697479637823,0.9862642016289741
168.69966840744019,0.8476587574128802,-0.28279487674908116,1.230090648173674,0.615045324086837,1.0079637407305304
168.79959416389465,0.8476587574128802,-0.28279487674908116,1.230090648173674,0.615045324086837,1.0079637407305304
168.90168118476868,0.8529131287089509,-0.28485302612769486,1.1944973027515449,0.5972486513757724,1.022201078899382
168.99962997436523,0.8599839272288342,-0.2873203067881818,1.157383034083633,0.5786915170418165,1.0370467863665467
169.09971928596497,0.8662334566657058,-0.2890650200201377,1.085249160697635,0.5426245803488176,1.065900335720946
169.1995849609375,0.8662334566657058,-0.2890650200201377,1.085249160697635,0.5426245803488176,1.065900335720946
169.29976177215576,0.8678348977901906,-0.2894294534681778,1.0633118488938191,0.5316559244469096,1.0746752604424723
169.4028675556183,0.8731816826016233,-0.29027139223779697,0.9603670710938524,0.4801835355469262,1.115853171562459
169.50017070770264,0.8797937508060896,-0.29076562050491866,0.899278454081651,0.4496392270408255,1.1402886183673395
169.59961891174316,0.8797937508060896,-0.29076562050491866,0.899278454081651,0.4496392270408255,1.1402886183673395
169.69963335990906,0.8835850777981512,-0.2908751451318047,0.8723807741222037,0.43619038706110186,1.1510476903511184
169.79961562156677,0.89224584315162,-0.29076702877888827,0.8248645471097338,0.4124322735548669,1.1700541811561065
169.89960432052612,0.8971390319335999,-0.29053017193441916,0.804420176924871,0.4022100884624355,1.1782319292300516
169.99962663650513,0.9019890929861799,-0.2902037454732369,0.7949306932397603,0.39746534661988014,1.1820277227040958
170.09949898719788,0.9076409286533776,-0.28975154398537745,0.7797151319903491,0.38985756599517457,1.1881139472038602
170.1995394229889,0.9134135560452462,-0.28921464620175674,0.76991599040627,0.384957995203135,1.192033603837492
170.30202412605286,0.9183669898976382,-0.28869192513819586,0.7546430763708785,0.37732153818543923,1.1981427694516487
170.39972448349,0.9259945013435054,-0.28763489639397993,0.718695119578537,0.3593475597892685,1.212521952168585
170.49961948394775,0.9259945013435054,-0.28763489639397993,0.718695119578537,0.3593475597892685,1.212521952168585
170.6005675792694,0.9318334485283992,-0.2866264302823337,0.6948199435607885,0.34740997178039423,1.2220720225756847
170.70033240318298,0.9424389777320376,-0.2845123473369612,0.6717446006331886,0.3358723003165943,1.2313021597467246
170.79959344863892,0.9492031940846408,-0.28300544928350857,0.656605212164203,0.3283026060821015,1.2373579151343188
170.89977169036865,0.9553363207362556,-0.2815519250123437,0.6519576416890771,0.32597882084453855,1.2392169433243692
170.9997329711914,0.9622063290350392,-0.27988425800239725,0.6494500385212638,0.3247250192606319,1.2402199845914945
171.09965443611145,0.9622063290350392,-0.27988425800239725,0.6494500385212638,0.3247250192606319,1.2402199845914945
171.19992423057556,0.9693015397597915,-0.2781693543655032,0.6482036791533232,0.3241018395766616,1.2407185283386708
171.29973888397217,0.9796828498125583,-0.2752506070380163,0.5949791318539251,0.2974895659269626,1.2620083472584298
171.4028880596161,0.9848660467422539,-0.2735758734298111,0.5758455476761121,0.28792277383805603,1.2696617809295552
171.50004768371582,0.9848660467422539,-0.2735758734298111,0.5758455476761121,0.28792277383805603,1.2696617809295552
171.60008430480957,0.9965096473543189,-0.2694296261992368,0.5401469559064829,0.27007347795324144,1.2839412176374068
171.69958519935608,1.0028047232621269,-0.26698261109017857,0.5246913119619883,0.26234565598099413,1.2901234752152047
171.80013489723206,1.0093196532343558,-0.2643238514761712,0.510326970013694,0.255163485006847,1.2958692119945223
171.8997642993927,1.0093196532343558,-0.2643238514761712,0.510326970013694,0.255163485006847,1.2958692119945223
171.99972081184387,1.01359097640127,-0.2625244077102087,0.5007446141247921,0.25037230706239605,1.299702154350083
172.0998842716217,1.0243561621099344,-0.2576181745918812,0.45898244588643944,0.22949122294321972,1.3164070216454242
172.19969367980957,1.0296279007323992,-0.2549562780354874,0.4305547978529899,0.21527739892649495,1.327778080858804
172.30077528953552,1.0354628169678584,-0.25180125917041296,0.40912932167501226,0.20456466083750613,1.336348271329995
172.39965677261353,1.041447254275397,-0.24838271281655594,0.3872875987039316,0.1936437993519658,1.3450849605184274
172.4997913837433,1.0522931683991372,-0.24175767873190687,0.3450887453637326,0.1725443726818663,1.361964501854507
172.60284876823425,1.0580067427315767,-0.2379268081159158,0.31172340118312647,0.15586170059156323,1.3753106395267494
172.7009563446045,1.0641911385399783,-0.2334863087865855,0.28311481083644574,0.14155740541822287,1.3867540756654217
172.79962134361267,1.0689176112716265,-0.22988127162888797,0.2580522453816413,0.12902612269082064,1.3967791018473434
172.89959621429443,1.0799162774442421,-0.22086881437943928,0.2104327198223033,0.10521635991115165,1.4158269120710787
172.9997010231018,1.085516601034152,-0.21592945263347685,0.19833392351944013,0.09916696175972006,1.4206664305922239
173.09964513778687,1.0900570583929872,-0.21175773994951563,0.1710591120056698,0.0855295560028349,1.431576355197732
173.1996247768402,1.0954375605238793,-0.20652669957290926,0.1362404791926466,0.0681202395963233,1.4455038083229415
173.29968786239624,1.1045482865253158,-0.19681076090653252,0.0865356972847855,0.04326784864239275,1.465385721086086
173.39966011047363,1.1104349338862392,-0.1897824642548368,0.021901469214026248,0.010950734607013124,1.4912394123143895
173.5022168159485,1.1586036172463372,-0.03181155139377477,-0.6332116905154799,-0.31660584525773994,1.246715323793808
173.59979939460754,1.1593720055704388,-0.009469393631272381,-0.6468908281132987,-0.32344541405664934,1.2412436687546804
173.6997890472412,1.1600946518602357,0.001376413782815566,-0.610835082726403,-0.3054175413632015,1.2556659669094388
173.7999827861786,1.1612773892211328,0.012312408059649605,-0.576296917376063,-0.2881484586880315,1.2694812330495748
173.90020370483398,1.1629252627434852,0.02283426220332262,-0.5337142395489517,-0.26685711977447585,1.2865143041804192
173.99982023239136,1.1659903420465787,0.040034295820423546,-0.5442294002319944,-0.2721147001159972,1.282308239907202
174.09976029396057,1.1655381548731514,0.03762142345455961,-0.5173351070669254,-0.2586675535334627,1.29306595717323
174.1997275352478,1.1655381548731514,0.03762142345455961,-0.5173351070669254,-0.2586675535334627,1.29306595717323
174.29968738555908,1.1685903506664301,0.05484707356721048,-0.5710554294897384,-0.2855277147448692,1.2715778282041046
174.3997745513916,1.1685903506664301,0.05484707356721048,-0.5710554294897384,-0.2855277147448692,1.2715778282041046
174.5030815601349,1.1714364021494057,0.07686799614514704,-0.5921296965156505,-0.29606484825782525,1.2631481213937397
174.59977769851685,1.1729859491279857,0.08653279476241804,-0.5588333529841606,-0.2794166764920803,1.2764666588063358
174.6999852657318,1.1746468178492981,0.09595212043337861,-0.5909821806287914,-0.2954910903143957,1.2636071277484835
174.79995250701904,1.1757263174332382,0.10524424422818068,-0.6620039871721722,-0.3310019935860861,1.235198405131131
174.9042510986328,1.1762146552208237,0.11463980597259087,-0.7220812440867462,-0.3610406220433731,1.2111675023653015
174.99995970726013,1.1762033381292196,0.124248654958287,-0.7665200519925667,-0.38326002599628334,1.1933919792029732
175.10206604003906,1.1759737377532447,0.13402132419203708,-0.7828820205117076,-0.3914410102558538,1.186847191795317
175.19980335235596,1.1759675316531353,0.1436578185624938,-0.7453618430295642,-0.3726809215147821,1.2018552627881742
175.30283546447754,1.1761026104892498,0.15258820509875573,-0.7619395958147355,-0.38096979790736774,1.1952241616741057
175.40472078323364,1.1769992309777728,0.17204621494080027,-0.7030100705723604,-0.3515050352861802,1.2187959717710557
175.49981260299683,1.1779051953082993,0.18179727287276953,-0.6817296095103699,-0.34086480475518494,1.227308156195852
175.59960174560547,1.1779051953082993,0.18179727287276953,-0.6817296095103699,-0.34086480475518494,1.227308156195852
175.70001101493835,1.1792141139428547,0.20039920508277206,-0.7440352380459251,-0.37201761902296254,1.2023859047816299
175.7998185157776,1.179351034644991,0.21845232134866982,-0.8558775279169257,-0.42793876395846286,1.1576489888332298
175.9001863002777,1.178598008226418,0.2278471554392508,-0.9290881041040321,-0.46454405205201604,1.1283647583583871
175.99979996681213,1.178598008226418,0.2278471554392508,-0.9290881041040321,-0.46454405205201604,1.1283647583583871
176.09969425201416,1.177643233498392,0.23599321354192085,-0.9340909643830226,-0.4670454821915113,1.126363614246791
176.19974160194397,1.1764539974437038,0.24460389954442238,-0.9746523216989639,-0.48732616084948194,1.1101390713204145
176.30018734931946,1.1743760342365597,0.2580005700738791,-0.9723145164741773,-0.48615725823708866,1.111074193410329
176.40425944328308,1.1735384234404134,0.265627522593987,-0.9322330487056988,-0.4661165243528494,1.1271067805177204
176.4997639656067,1.1735384234404134,0.265627522593987,-0.9322330487056988,-0.4661165243528494,1.1271067805177204
176.60432291030884,1.172692890657681,0.2819841398747789,-0.8699486462763074,-0.4349743231381537,1.152020541489477
176.69977068901062,1.1729734370127596,0.2972674536823613,-0.823818998347825,-0.4119094991739125,1.17047240066087
176.80289125442505,1.1732211255832792,0.3040132594294551,-0.85625112518253,-0.428125562591265,1.157499549926988
176.899893283844,1.1732211255832792,0.3040132594294551,-0.85625112518253,-0.428125562591265,1.157499549926988
176.9996874332428,1.1723319806976022,0.32201976306746255,-0.9990137593747632,-0.4995068796873816,1.1003944962500947
177.10000085830688,1.1709770496557,0.3310781945427252,-1.073039693790323,-0.5365198468951615,1.0707841224838708
177.19994854927063,1.1691645988981978,0.33983924116311237,-1.10581918699456,-0.55290959349728,1.057672325202176
177.30292463302612,1.167678906620432,0.34672181704109534,-1.1232968932841563,-0.5616484466420781,1.0506812426863374
177.39956903457642,1.166704843703968,0.35098853062958263,-1.1260200039491806,-0.5630100019745903,1.0495919984203277
177.504239320755,1.1654465791817488,0.35673033928913317,-1.131319762776843,-0.5656598813884215,1.0474720948892629
177.59971380233765,1.1639357843600036,0.3633586094140351,-1.1287819942262698,-0.5643909971131349,1.048487202309492
177.70429611206055,1.1625671050483097,0.3701270479948589,-1.0970771567714594,-0.5485385783857297,1.0611691372914163
177.7997121810913,1.1625671050483097,0.3701270479948589,-1.0970771567714594,-0.5485385783857297,1.0611691372914163
177.89979124069214,1.1605985625952042,0.38851956553541406,-0.9773544654820477,-0.48867723274102387,1.109058213807181
177.99975037574768,1.160810713618912,0.40636928395755645,-0.9097882879457583,-0.45489414397287914,1.1360846848216966
178.10117864608765,1.1609959598199975,0.40961927743191295,-0.8840378104942114,-0.4420189052471057,1.1463848758023154
178.19970536231995,1.1609959598199975,0.40961927743191295,-0.8840378104942114,-0.4420189052471057,1.1463848758023154
178.30003762245178,1.1615434450206354,0.41619927492921127,-0.8965464378832017,-0.4482732189416008,1.1413814248467193
178.39973902702332,1.1617481002289352,0.4240655563877894,-0.9786462333718993,-0.48932311668594963,1.1085415066512403
178.4997797012329,1.1613758616558836,0.43191004913309344,-1.0617025239437425,-0.5308512619718713,1.075318990422503
178.59985542297363,1.160240702563526,0.4410907313360002,-1.1250037996806865,-0.5625018998403433,1.0499984801277253
178.6997754573822,1.160240702563526,0.4410907313360002,-1.1250037996806865,-0.5625018998403433,1.0499984801277253
178.80476784706116,1.1582111444509593,0.4531816199628555,-1.184903904767658,-0.592451952383829,1.0260384380929368
178.89985466003418,1.1571746314401743,0.4590433286498544,-1.1475330005816993,-0.5737665002908496,1.0409867997673203
179.0002954006195,1.1555360957378042,0.47434216879951385,-1.0794127485937368,-0.5397063742968684,1.0682349005625054
179.0997760295868,1.1555360957378042,0.47434216879951385,-1.0794127485937368,-0.5397063742968684,1.0682349005625054
179.20301818847656,1.1549378889705688,0.4829184267072058,-1.1213300629078242,-0.5606650314539121,1.0514679748368703
179.29980897903442,1.1534238642705354,0.49328933620256915,-1.2252927731124696,-0.6126463865562348,1.0098828907550121
179.4001281261444,1.1489792408542794,0.5095901212375338,-1.3861941752927769,-0.6930970876463884,0.9455223298828892
179.4999294281006,1.1489792408542794,0.5095901212375338,-1.3861941752927769,-0.6930970876463884,0.9455223298828892
179.59990787506104,1.147039758613417,0.5147770071885563,-1.4293022799135326,-0.7146511399567663,0.9282790880345869
179.6998245716095,1.1431871510464084,0.5233607774682375,-1.5301937278647473,-0.7650968639323736,0.8879225088541011
179.79971599578857,1.1409792965450678,0.5273685247125212,-1.5921547597909473,-0.7960773798954737,0.863138096083621
179.89984130859375,1.1373821396901629,0.5331331409710015,-1.6536239361899652,-0.8268119680949826,0.8385504255240139
179.9996156692505,1.1358600124187561,0.5353889715075341,-1.6879674128927966,-0.8439837064463983,0.8248130348428813
180.0997350215912,1.1337403269019986,0.5383316906550145,-1.7119494525265537,-0.8559747262632769,0.8152202189893785
180.19980263710022,1.1306244972025303,0.5427953778249902,-1.691127267188051,-0.8455636335940255,0.8235490931247795
180.30336213111877,1.1299963935434623,0.5437285382520193,-1.6409209950126136,-0.8204604975063068,0.8436316019949546
180.4000265598297,1.1299963935434623,0.5437285382520193,-1.6409209950126136,-0.8204604975063068,0.8436316019949546
180.49982714653015,1.125541571426045,0.5520702995568277,-1.5288196557856146,-0.7644098278928073,0.8884721376857541
180.60429310798645,1.1226644153605112,0.5589772060052474,-1.4569521639090566,-0.7284760819545283,0.9172191344363774
180.69959211349487,1.120548161038432,0.5662806814352112,-1.3525777188307675,-0.6762888594153837,0.958968912467693
180.80001091957092,1.120548161038432,0.5662806814352112,-1.3525777188307675,-0.6762888594153837,0.958968912467693
180.90038442611694,1.1186016376710655,0.5770422533786648,-1.2423697736266697,-0.6211848868133348,1.003052090549332
181.00232005119324,1.1182521848814453,0.580619408016612,-1.2052108544746538,-0.6026054272373269,1.0179156582101385
181.0994930267334,1.1182912238523086,0.5800481649700809,-1.1956849783442478,-0.5978424891721239,1.0217260086623008
181.20025968551636,1.1182912238523086,0.5800481649700809,-1.1956849783442478,-0.5978424891721239,1.0217260086623008
181.2994978427887,1.1177541487359581,0.5856570583392365,-1.2589686365915023,-0.6294843182957511,0.9964125453633991
181.39976024627686,1.1167681284858517,0.5929561158202864,-1.2840970947580734,-0.6420485473790367,0.9863611620967706
181.5044674873352,1.1154174881921977,0.6017280241463777,-1.2987397161679168,-0.6493698580839584,0.9805041135328333
181.59981608390808,1.1141551840239916,0.6104189141237771,-1.2742542648647563,-0.6371271324323782,0.9902982940540974
181.69994711875916,1.1141551840239916,0.6104189141237771,-1.2742542648647563,-0.6371271324323782,0.9902982940540974
181.8000190258026,1.113357708170954,0.6190791077221915,-1.233439906742336,-0.616719953371168,1.0066240373030655
181.89985609054565,1.1124292316325797,0.6308504387633117,-1.2882520388090095,-0.6441260194045048,0.9846991844763961
181.9998815059662,1.1124292316325797,0.6308504387633117,-1.2882520388090095,-0.6441260194045048,0.9846991844763961
182.10000944137573,1.111230978852081,0.6417121097460338,-1.2648879247005262,-0.6324439623502631,0.9940448301197895
182.19960522651672,1.111230978852081,0.6417121097460338,-1.2648879247005262,-0.6324439623502631,0.9940448301197895
182.3001937866211,1.1108373670338592,0.6486093852973667,-1.2378837431367269,-0.6189418715683634,1.0048465027453093
182.39996337890625,1.1109005414243072,0.6476750765155037,-1.2821981282730415,-0.6410990641365207,0.9871207486907834
182.50036644935608,1.1089262660525152,0.6642673770239161,-1.3865124993134645,-0.6932562496567323,0.9453950002746142
182.5998215675354,1.1089262660525152,0.6642673770239161,-1.3865124993134645,-0.6932562496567323,0.9453950002746142
182.7002613544464,1.1091244708443022,0.6632158989740708,-1.4032867757203076,-0.7016433878601538,0.9386852897118769
182.7999074459076,1.1079577016640476,0.6697242412857679,-1.3996155109322066,-0.6998077554661033,0.9401537956271173
182.89971470832825,1.1078917263130759,0.6699775747543542,-1.4305753526791687,-0.7152876763395843,0.9277698589283325
182.99977731704712,1.1067979201517497,0.674349775032664,-1.5017786311623453,-0.7508893155811727,0.8992885475350618
183.09985947608948,1.1062313300359536,0.6761736676101168,-1.5440485113137499,-0.7720242556568749,0.8823805954745
183.19972133636475,1.1049519121732863,0.6798482251452841,-1.5610855454821402,-0.7805427727410701,0.8755657818071438
183.299786567688,1.103647475704327,0.6833869329830475,-1.5853977501988634,-0.7926988750994317,0.8658408999204545
183.3998727798462,1.1021321529678705,0.6873738710610477,-1.6047628925287405,-0.8023814462643702,0.8580948429885038
183.49972701072693,1.1021321529678705,0.6873738710610477,-1.6047628925287405,-0.8023814462643702,0.8580948429885038
183.60089564323425,1.1003927286216146,0.6916371904532181,-1.622303376396104,-0.811151688198052,0.8510786494415584
183.69973301887512,1.0991322733278712,0.6946948534533218,-1.6271446652968402,-0.8135723326484201,0.8491421338812639
183.80018830299377,1.0979232208159886,0.6980857854991677,-1.5736516260611801,-0.7868258130305901,0.8705393495755279
183.8999788761139,1.0963548636890033,0.7030914191265404,-1.5585032711832976,-0.7792516355916488,0.8765986915266809
183.99969506263733,1.0963548636890033,0.7030914191265404,-1.5585032711832976,-0.7792516355916488,0.8765986915266809
184.09979152679443,1.093520830727407,0.7133184992761683,-1.5093001891746238,-0.7546500945873119,0.8962799243301505
184.20421695709229,1.0913888964550154,0.7218400908109773,-1.4628108389608727,-0.7314054194804364,0.9148756644156509
184.3001093864441,1.0913888964550154,0.7218400908109773,-1.4628108389608727,-0.7314054194804364,0.9148756644156509
184.40280866622925,1.0911367283128197,0.723204988128073,-1.4511141521911441,-0.7255570760955721,0.9195543391235423
184.4999577999115,1.0911367283128197,0.723204988128073,-1.4511141521911441,-0.7255570760955721,0.9195543391235423
184.6042823791504,1.090154780042817,0.7289830721409073,-1.4323877135827,-0.71619385679135,0.9270449145669201
184.69978880882263,1.0892254233956944,0.7367088590294903,-1.3778828733322408,-0.6889414366661204,0.9488468506671036
184.79986882209778,1.0888402879204937,0.7426896503179867,-1.3459218303486644,-0.6729609151743322,0.9616312678605342
184.90013980865479,1.0886769455389045,0.7489236453722319,-1.3058421638808042,-0.6529210819404021,0.9776631344476783
185.00381183624268,1.089189085103986,0.7611420044622167,-1.2326180178168777,-0.6163090089084389,1.006952792873249
185.1012544631958,1.0898703699648922,0.7671789466070189,-1.1728157261286367,-0.5864078630643184,1.0308737095485454
185.2000823020935,1.091113844517419,0.7742142752118881,-1.123026677105263,-0.5615133385526315,1.0507893291578947
185.29990339279175,1.0921754198964442,0.7789337416908076,-1.0824822799351277,-0.5412411399675638,1.067007088025949
185.39974284172058,1.0946889555980142,0.7877443499735962,-1.0330549843032144,-0.5165274921516072,1.0867780062787142
185.49976801872253,1.095848814742481,0.7912502935954842,-1.0133239119332256,-0.5066619559666128,1.0946704352267098
185.6022915840149,1.0958603361263268,0.7912848352932756,-1.0251489566570995,-0.5125744783285497,1.0899404173371603
