time,x,y,heading_error,omega,linear_x
0.0,1.0369791566678437,1.816607092987597,0.0957945061569192,0.0957945061569192,1.4616821975372323
0.09778165817260742,1.0313475988285015,1.8084700428801617,0.07831964839010475,0.07831964839010475,1.468672140643958
0.19774246215820312,1.0253186763000013,1.7994332167300442,0.06073766862055496,0.06073766862055496,1.475704932551778
0.29772043228149414,1.0253186763000013,1.7994332167300442,0.06073766862055496,0.06073766862055496,1.475704932551778
0.3977482318878174,1.0137287851177357,1.7810793807778782,0.03011889919603128,0.03011889919603128,1.4879524403215876
0.49756383895874023,1.0026830623075096,1.7624030917602038,0.0037349470143630548,0.0037349470143630548,1.4985060211942547
0.5977270603179932,1.0026830623075096,1.7624030917602038,0.0037349470143630548,0.0037349470143630548,1.4985060211942547
0.6980621814727783,0.9974310387233161,1.7530890109752242,-0.010341162100981016,-0.010341162100981016,1.4958635351596077
0.7977738380432129,0.9927219545066621,1.7445008160840834,-0.02142592200609439,-0.02142592200609439,1.4914296311975623
0.8984365463256836,0.9819863434825862,1.7242969053641024,-0.03576696271333413,-0.03576696271333413,1.4856932149146664
0.9977908134460449,0.9767732512660826,1.7142510110026599,-0.04087838478865846,-0.04087838478865846,1.4836486460845366
1.0976688861846924,0.9714553694155508,1.7039025019325864,-0.044508203736802976,-0.044508203736802976,1.482196718505279
1.1980512142181396,0.9664811771607829,1.6941735069164015,-0.046728188944742406,-0.046728188944742406,1.481308724422103
1.298064947128296,0.954688042757468,1.6710719893484924,-0.045843259425780936,-0.045843259425780936,1.4816626962296877
1.3977470397949219,0.9487702352967846,1.6595476220103464,-0.04314599097835936,-0.04314599097835936,1.4827416036086563
1.4976844787597656,0.9426028507232352,1.6476355600888892,-0.04024257950052501,-0.04024257950052501,1.48390296819979
1.5979149341583252,0.9426028507232352,1.6476355600888892,-0.04024257950052501,-0.04024257950052501,1.48390296819979
1.6976664066314697,0.9373189879752087,1.6375557792620508,-0.03470777448394147,-0.03470777448394147,1.4861168902064235
1.7977609634399414,0.9323857278101878,1.6282711288066047,-0.030027018117306348,-0.030027018117306348,1.4879891927530775
1.9003734588623047,0.921465497421615,1.6082240221719741,-0.01200150416521506,-0.01200150416521506,1.495199398333914
2.0026180744171143,0.9161187971867023,1.5987489730374884,3.456017283642865e-05,3.456017283642865e-05,1.4999861759308655
2.0976452827453613,0.9101149770456677,1.5883846042483962,0.011542705911014028,0.011542705911014028,1.4953829176355944
2.1978747844696045,0.9038816741178404,1.5779272914185962,0.023781540364568254,0.023781540364568254,1.4904873838541728
2.3012139797210693,0.8912641925519011,1.5576792185036492,0.05162238438614164,0.05162238438614164,1.4793510462455433
2.3987324237823486,0.884361258252522,1.547085535964891,0.06513215122519302,0.06513215122519302,1.4739471395099228
2.497668504714966,0.877835725618169,1.5373577158052585,0.08015166602120649,0.08015166602120649,1.4679393335915174
2.597813129425049,0.8705020679407286,1.526726502630026,0.09326575940992578,0.09326575940992578,1.4626936962360297
2.7019662857055664,0.8551420582533446,1.5053597529145895,0.11838752355646909,0.11838752355646909,1.4526449905774124
2.7978410720825195,0.8464016398000519,1.4936411013511803,0.12850823731242622,0.12850823731242622,1.4485967050750295
2.8977575302124023,0.8381476984531262,1.4827969664817655,0.13916934419208982,0.13916934419208982,1.444332262323164
2.9977407455444336,0.8304305536146093,1.472839881564547,0.15004887892244057,0.15004887892244057,1.4399804484310237
3.0976994037628174,0.812798349946035,1.450586241969742,0.1657082358394466,0.1657082358394466,1.4337167056642213
3.197683334350586,0.812798349946035,1.450586241969742,0.1657082358394466,0.1657082358394466,1.4337167056642213
3.300351142883301,0.8059909903873763,1.4420927248073665,0.1647913212840502,0.1647913212840502,1.43408347148638
3.397664785385132,0.8009457239774442,1.435811166750742,0.16931384201433852,0.16931384201433852,1.4322744631942645
3.5026957988739014,0.7951898514773226,1.4286757489525113,0.17156408570705262,0.17156408570705262,1.431374365717179
3.597649097442627,0.7830491225180307,1.413628906645023,0.17152840747898468,0.17152840747898468,1.4313886370084061
3.698451042175293,0.7766846519481897,1.4056897887608426,0.1692186076321116,0.1692186076321116,1.4323125569471553
3.7977888584136963,0.7766846519481897,1.4056897887608426,0.1692186076321116,0.1692186076321116,1.4323125569471553
3.8977243900299072,0.7714730002680539,1.399111048721419,0.16251469170882027,0.16251469170882027,1.4349941233164718
3.9978084564208984,0.7658389266163763,1.3918967015721408,0.15369306603212873,0.15369306603212873,1.4385227735871484
4.102616786956787,0.7544759928678672,1.3769155742665216,0.13837105283237605,0.13837105283237605,1.4446515788670495
4.197804689407349,0.7486535538647344,1.3690054735005113,0.1289049370995743,0.1289049370995743,1.4484380251601703
4.297718048095703,0.7486535538647344,1.3690054735005113,0.1289049370995743,0.1289049370995743,1.4484380251601703
4.397812128067017,0.7368601450802572,1.3523956926931948,0.10694545098836539,0.10694545098836539,1.4572218196046538
4.4979565143585205,0.7251089177929303,1.3349407789468415,0.08086577354598214,0.08086577354598214,1.467653690581607
4.597680330276489,0.7251089177929303,1.3349407789468415,0.08086577354598214,0.08086577354598214,1.467653690581607
4.697836637496948,0.7201726719020812,1.32722114371504,0.06323197783996282,0.06323197783996282,1.474707208864015
4.797490835189819,0.7157370847357799,1.3200325123407326,0.04718498865908494,0.04718498865908494,1.4811260045363661
4.897677183151245,0.7110877904240605,1.3122050088606831,0.03088374929644644,0.03088374929644644,1.4876465002814214
4.99775242805481,0.7019132933458254,1.2959555727765635,0.00392485604104742,0.00392485604104742,1.498430057583581
5.100005149841309,0.6973811751515195,1.2875311007801373,-0.00887834860802128,-0.00887834860802128,1.4964486605567915
5.198094129562378,0.6973811751515195,1.2875311007801373,-0.00887834860802128,-0.00887834860802128,1.4964486605567915
5.298475742340088,0.6883880765408066,1.2700503504065197,-0.03240824171332868,-0.03240824171332868,1.4870367033146685
5.399523019790649,0.6789878853593256,1.2508315457861903,-0.05119685875939517,-0.05119685875939517,1.4795212564962419
5.4980058670043945,0.6744569041649925,1.2412629285046253,-0.05945702623589888,-0.05945702623589888,1.4762171895056404
5.597516775131226,0.6744569041649925,1.2412629285046253,-0.05945702623589888,-0.05945702623589888,1.4762171895056404
5.6980485916137695,0.6652437114740855,1.2212725291170092,-0.071998914094203,-0.071998914094203,1.4712004343623188
5.797681570053101,0.6557001605424314,1.2000911360995246,-0.07886187715957393,-0.07886187715957393,1.4684552491361704
5.898035049438477,0.6507564370754103,1.1890476056504986,-0.07997483670460627,-0.07997483670460627,1.4680100653181576
5.99774694442749,0.6507564370754103,1.1890476056504986,-0.07997483670460627,-0.07997483670460627,1.4680100653181576
6.0977537631988525,0.6422443667150782,1.1699660870304722,-0.08163521525970417,-0.08163521525970417,1.4673459138961182
6.197613716125488,0.6387555540274534,1.1621463767459317,-0.08179501578175487,-0.08179501578175487,1.467281993687298
6.2976906299591064,0.6349455474126641,1.1536203197506543,-0.08077756350306255,-0.08077756350306255,1.467688974598775
6.3977813720703125,0.6310917749754573,1.1450689520749497,-0.07837353159766014,-0.07837353159766014,1.468650587360936
6.4974260330200195,0.6271301297456567,1.1364203817432628,-0.07262011926636047,-0.07262011926636047,1.4709519522934558
6.5979087352752686,0.623446027743582,1.1285068121476711,-0.06352697752942493,-0.06352697752942493,1.47458920898823
6.697945594787598,0.6146068214273582,1.1102481130558732,-0.04350007163717162,-0.04350007163717162,1.4825999713451314
6.802688121795654,0.610057916080571,1.1012428337751798,-0.031748811721939336,-0.031748811721939336,1.4873004753112242
6.897753953933716,0.610057916080571,1.1012428337751798,-0.031748811721939336,-0.031748811721939336,1.4873004753112242
6.997857093811035,0.600747720638923,1.0836622271100025,-0.004919150498124746,-0.004919150498124746,1.49803233980075
7.097774028778076,0.5898254261734415,1.064313751349704,0.019959378081034096,0.019959378081034096,1.4920162487675863
7.1978230476379395,0.5847415827098795,1.0557206688158882,0.03465872111203839,0.03465872111203839,1.4861365115551846
7.297760963439941,0.5847415827098795,1.0557206688158882,0.03465872111203839,0.03465872111203839,1.4861365115551846
7.39788556098938,0.5753703441361274,1.040431201688207,0.05569772447484577,0.05569772447484577,1.4777209102100617
7.4985997676849365,0.5709834188089324,1.0335616930493154,0.06734378814536424,0.06734378814536424,1.4730624847418543
7.597829818725586,0.5621102851249788,1.0201340568238655,0.0895371381693284,0.0895371381693284,1.4641851447322687
7.697944164276123,0.5621102851249788,1.0201340568238655,0.0895371381693284,0.0895371381693284,1.4641851447322687
7.802652597427368,0.5520408768646368,1.005467506315806,0.10594205037132776,0.10594205037132776,1.457623179851469
7.897731304168701,0.5467008254226363,0.9978558657734912,0.11230633791390199,0.11230633791390199,1.4550774648344391
7.997493267059326,0.536181813416215,0.9830560006269762,0.11941956823658062,0.11941956823658062,1.4522321727053678
8.097766160964966,0.536181813416215,0.9830560006269762,0.11941956823658062,0.11941956823658062,1.4522321727053678
8.198468923568726,0.5319016264472343,0.9770289697760346,0.1191357312536403,0.1191357312536403,1.452345707498544
8.297729969024658,0.5276065135292602,0.9709511568321054,0.11638628986563049,0.11638628986563049,1.4534454840537478
8.397794246673584,0.5236059000849562,0.965266966160306,0.11499819000291778,0.11499819000291778,1.4540007239988328
8.502824306488037,0.5144647877134285,0.9521391389692158,0.1078080658532885,0.1078080658532885,1.4568767736586845
8.597740411758423,0.5144647877134285,0.9521391389692158,0.1078080658532885,0.1078080658532885,1.4568767736586845
8.70275330543518,0.5047835396493839,0.9378805618015378,0.09523818256506456,0.09523818256506456,1.4619047269739742
8.797769784927368,0.5001704080725797,0.9309103062039282,0.08613641836622987,0.08613641836622987,1.465545432653508
8.897651672363281,0.49474014350055273,0.9225242421259134,0.07791297076223726,0.07791297076223726,1.468834811695105
8.997679233551025,0.4904205955443293,0.9156811269826597,0.06131932650675198,0.06131932650675198,1.4754722693972993
9.097639322280884,0.4904205955443293,0.9156811269826597,0.06131932650675198,0.06131932650675198,1.4754722693972993
9.198501825332642,0.48226018969934054,0.9020479120398824,0.03408497544422274,0.03408497544422274,1.4863660098223108
9.297710657119751,0.4782098815381454,0.8949556149229563,0.021754565962094134,0.021754565962094134,1.4912981736151623
9.397858381271362,0.47048433445564436,0.8807854545248334,-0.005502002432410169,-0.005502002432410169,1.4977991990270358
9.497700929641724,0.47048433445564436,0.8807854545248334,-0.005502002432410169,-0.005502002432410169,1.4977991990270358
9.597779273986816,0.4625473822059056,0.8652809211954622,-0.031060782050140737,-0.031060782050140737,1.4875756871799437
9.70054817199707,0.45862119111389354,0.8572365819625037,-0.043369032636226386,-0.043369032636226386,1.4826523869455095
9.79775094985962,0.45082866303442265,0.8405320899498456,-0.06646078707882652,-0.06646078707882652,1.4734156851684694
9.897728681564331,0.45082866303442265,0.8405320899498456,-0.06646078707882652,-0.06646078707882652,1.4734156851684694
9.9977126121521,0.44304960713861086,0.8229360037824909,-0.08624313852262788,-0.08624313852262788,1.4655027445909488
10.097735166549683,0.43949065430166134,0.8146023734473912,-0.09553795202511162,-0.09553795202511162,1.4617848191899554
10.197747707366943,0.43153270354066153,0.7954606478372304,-0.1084811848431666,-0.1084811848431666,1.4566075260627334
10.297793626785278,0.43153270354066153,0.7954606478372304,-0.1084811848431666,-0.1084811848431666,1.4566075260627334
10.397627353668213,0.4274536585740776,0.7854539814028054,-0.1129665246333158,-0.1129665246333158,1.4548133901466738
10.497656106948853,0.42392803927600164,0.7767125142347354,-0.12054815446010991,-0.12054815446010991,1.451780738215956
10.597763538360596,0.42102179114863525,0.7693528635952023,-0.1265244118116815,-0.1265244118116815,1.4493902352753274
10.702617883682251,0.4151525030750787,0.7544732505089723,-0.12460850761118869,-0.12460850761118869,1.4501565969555246
10.79773759841919,0.4151525030750787,0.7544732505089723,-0.12460850761118869,-0.12460850761118869,1.4501565969555246
10.89772367477417,0.4116144078645453,0.7456253773717711,-0.12190574559333389,-0.12190574559333389,1.4512377017626665
10.997822046279907,0.4048421050078831,0.7290955322597816,-0.11121442757439137,-0.11121442757439137,1.4555142289702434
11.098049402236938,0.39708744933111073,0.7109720154747206,-0.09604566619400146,-0.09604566619400146,1.4615817335223995
11.197818756103516,0.39708744933111073,0.7109720154747206,-0.09604566619400146,-0.09604566619400146,1.4615817335223995
11.297735452651978,0.39291927097990087,0.7016157992017061,-0.08694767171460162,-0.08694767171460162,1.4652209313141593
11.3976731300354,0.3843294461735942,0.6831887607569878,-0.06451317063548556,-0.06451317063548556,1.4741947317458057
11.497669696807861,0.3805095477242312,0.6753433895814595,-0.05509676471689984,-0.05509676471689984,1.47796129411324
11.597593784332275,0.37737360507612816,0.6690704493820571,-0.04484707186411985,-0.04484707186411985,1.482061171254352
11.700817346572876,0.3738576980897446,0.662245611126942,-0.032274108736510154,-0.032274108736510154,1.487090356505396
11.797682285308838,0.36704632058855124,0.6496237667920665,-0.006350866107989184,-0.006350866107989184,1.4974596535568043
11.897819757461548,0.36704632058855124,0.6496237667920665,-0.006350866107989184,-0.006350866107989184,1.4974596535568043
12.002605676651001,0.3599967166826102,0.6373060023989204,0.015941362427124073,0.015941362427124073,1.4936234550291503
12.097707271575928,0.3599967166826102,0.6373060023989204,0.015941362427124073,0.015941362427124073,1.4936234550291503
12.202582120895386,0.3563026384714722,0.6311084236567845,0.027363524452805876,0.027363524452805876,1.4890545902188776
12.302632093429565,0.3484051679446487,0.6183264887890217,0.04821038700797553,0.04821038700797553,1.4807158451968099
12.397700548171997,0.3398345528172568,0.6049417726716401,0.06516912750556392,0.06516912750556392,1.4739323489977745
12.497553586959839,0.3352772990407792,0.5979735619923571,0.07181422925326864,0.07181422925326864,1.4712743082986925
12.59801983833313,0.3352772990407792,0.5979735619923571,0.07181422925326864,0.07181422925326864,1.4712743082986925
12.697763681411743,0.33136835098788525,0.5920243548419089,0.07186065645759498,0.07186065645759498,1.471255737416962
12.79764199256897,0.32820986711772643,0.5872031423675068,0.07057919596314166,0.07057919596314166,1.4717683216147432
12.89771580696106,0.3207473890286668,0.5758548076945607,0.074008544574363,0.074008544574363,1.4703965821702547
12.99768352508545,0.31708071173024005,0.5702795868799349,0.07346302967493168,0.07346302967493168,1.4706147881300273
13.097713470458984,0.31708071173024005,0.5702795868799349,0.07346302967493168,0.07346302967493168,1.4706147881300273
13.19827675819397,0.308266899357456,0.5567640197557293,0.06856474946511293,0.06856474946511293,1.4725741002139547
13.297654628753662,0.30416095253779013,0.5503732996743235,0.0633405978647148,0.0633405978647148,1.474663760854114
13.398067235946655,0.2996005693888476,0.5431792041528476,0.05729804591989529,0.05729804591989529,1.477080781632042
13.498013019561768,0.2996005693888476,0.5431792041528476,0.05729804591989529,0.05729804591989529,1.477080781632042
13.597550630569458,0.2904210376712525,0.5282986877383716,0.03940412588690956,0.03940412588690956,1.4842383496452363
13.69763445854187,0.28711863756809364,0.5227270615424597,0.027525989797873244,0.027525989797873244,1.4889896040808508
13.799680471420288,0.2835147282969577,0.5164927770460568,0.017041752041406788,0.017041752041406788,1.4931832991834373
13.902662754058838,0.2798828066668782,0.510033895246202,0.00573735622757221,0.00573735622757221,1.4977050575089712
13.997739315032959,0.27652154424765313,0.5038917436625384,-0.007530124649539172,-0.007530124649539172,1.4969879501401844
14.097729206085205,0.26925946995993705,0.49003271253246306,-0.0325283866043784,-0.0325283866043784,1.4869886453582486
14.197677850723267,0.2656512737868671,0.4828141113407625,-0.04523997402158253,-0.04523997402158253,1.481904010391367
14.29765772819519,0.2623726047763238,0.476042227204963,-0.05947930754217313,-0.05947930754217313,1.4762082769831308
14.398409605026245,0.25849607844773564,0.46778913056464266,-0.07038788492025194,-0.07038788492025194,1.4718448460318991
14.50256633758545,0.2529840475932747,0.45543909294958224,-0.09753379184834722,-0.09753379184834722,1.4609864832606612
14.602720022201538,0.2501807747558721,0.4488868192420893,-0.10809285488779641,-0.10809285488779641,1.4567628580448815
14.697681427001953,0.2473510612301353,0.44210450702259363,-0.11790233653363223,-0.11790233653363223,1.452839065386547
14.79765248298645,0.2447509035378545,0.43573520137749966,-0.12763167372088957,-0.12763167372088957,1.4489473305116443
14.897808313369751,0.2388566759878633,0.4209179125188324,-0.1420295625204957,-0.1420295625204957,1.4431881749918016
14.998029947280884,0.2360731859814819,0.41379133566803694,-0.147887957674117,-0.147887957674117,1.4408448169303532
15.097695350646973,0.23264929801180656,0.40496499215272425,-0.15181289552633537,-0.15181289552633537,1.4392748417894659
15.197608232498169,0.22967184978098648,0.3972710824801574,-0.15489514443729302,-0.15489514443729302,1.4380419422250827
15.29805326461792,0.15274997394757994,0.23921391946786083,-0.00326293401523925,-0.00326293401523925,1.4986948263939044
15.397645711898804,0.14659898187894482,0.22962794535342945,0.006645151661695436,0.006645151661695436,1.4973419393353218
15.497755527496338,0.1408074494866349,0.22077957904742054,0.016761817309208112,0.016761817309208112,1.4932952730763167
15.597816467285156,0.1268408496545463,0.19998208113585922,0.032096330343760915,0.032096330343760915,1.4871614678624956
15.697869777679443,0.1204426806781376,0.19064027167680697,0.03944922690333019,0.03944922690333019,1.4842203092386679
15.799675226211548,0.1204426806781376,0.19064027167680697,0.03944922690333019,0.03944922690333019,1.4842203092386679
15.897845029830933,0.11210731461978557,0.17852938316043826,0.0425031437612966,0.0425031437612966,1.4829987424954814
15.997680902481079,0.10891877944274687,0.1738757497712938,0.03793120233767189,0.03793120233767189,1.4848275190649312
16.19807529449463,0.10251982663354109,0.16433029316817846,1.9705581670068126,1.9705581670068126,0.7117767331972749
16.29784345626831,0.09957796027298528,0.15972201688497986,1.950869613762065,1.950869613762065,0.719652154495174
16.399579763412476,0.09636889263965029,0.15438871995970202,1.9291923297569842,1.9291923297569842,0.7283230680972063
16.501829147338867,0.09024312337652812,0.14313881649402066,1.8839743880075865,1.8839743880075865,0.7464102447969654
16.597777843475342,0.08715493762331676,0.13681547387950818,1.8601334688728777,1.8601334688728777,0.7559466124508489
16.697792768478394,0.0839517723969438,0.12969213561374404,1.836041865082192,1.836041865082192,0.7655832539671232
16.797696590423584,0.08110099844235906,0.12275101623221865,1.8119044365683354,1.8119044365683354,0.7752382253726657
16.89781880378723,0.07608451015975272,0.10861012571791333,1.7624465057659742,1.7624465057659742,0.7950213976936102
16.997626304626465,0.07414622168061931,0.10220881085077912,1.738044861828162,1.738044861828162,0.8047820552687351
17.097618579864502,0.07414622168061931,0.10220881085077912,1.738044861828162,1.738044861828162,0.8047820552687351
17.19769859313965,0.0706394309643364,0.08822529405909815,1.6893566910285402,1.6893566910285402,0.8242573235885838
17.297582149505615,0.0706394309643364,0.08822529405909815,1.6893566910285402,1.6893566910285402,0.8242573235885838
17.397770404815674,0.06798533478334857,0.07391223401754114,1.6457666229673917,1.6457666229673917,0.8416933508130433
17.497689723968506,0.06705140875875341,0.0671879713812667,1.6220786689353366,1.6220786689353366,0.8511685324258653
17.59755516052246,0.06559850383246033,0.05204177112628987,1.5809607924793414,1.5809607924793414,0.8676156830082634
17.69957208633423,0.06499678640848686,0.037429002107287244,1.5446548191891756,1.5446548191891756,0.8821380723243297
17.797675848007202,0.0649785362572225,0.028885431583301067,1.5301597138419105,1.5301597138419105,0.8879361144632357
17.897660493850708,0.0649785362572225,0.028885431583301067,1.5301597138419105,1.5301597138419105,0.8879361144632357
17.997557163238525,0.0654795642880531,0.013334663926336324,1.5026260094928665,1.5026260094928665,0.8989495962028533
18.097602605819702,0.06600343873732938,0.0050827583728538265,1.4917383626153613,1.4917383626153613,0.9033046549538555
18.197651624679565,0.06670510090893937,-0.003361531909460417,1.482523355638254,1.482523355638254,0.9069906577446983
18.297868728637695,0.06749922907602122,-0.01125727051655786,1.4757003276186076,1.4757003276186076,0.909719868952557
18.39760446548462,0.06860097537605298,-0.020712393162100565,1.4680485141349802,1.4680485141349802,0.9127805943460079
18.497620582580566,0.06967044701027363,-0.028845519178631134,1.4652981634566948,1.4652981634566948,0.913880734617322
18.597923517227173,0.07237560189048553,-0.04684183283835791,1.4603800585716522,1.4603800585716522,0.9158479765713391
18.697690725326538,0.07393587871988642,-0.05612979625130612,1.4591655284037348,1.4591655284037348,0.916333788638506
18.79775857925415,0.07550582524654813,-0.0649294200233382,1.4610493089872867,1.4610493089872867,0.9155802764050853
18.897733449935913,0.07734072194535353,-0.07477108289466933,1.461722314068752,1.461722314068752,0.9153110743724991
18.999972820281982,0.0811192207890455,-0.09369880542268168,1.4667593795982397,1.4667593795982397,0.9132962481607041
19.099348545074463,0.08318593073311258,-0.10341929492463109,1.4705722366250515,1.4705722366250515,0.9117711053499794
19.19774580001831,0.08318593073311258,-0.10341929492463109,1.4705722366250515,1.4705722366250515,0.9117711053499794
19.297685623168945,0.0873128596776242,-0.12207179980856964,1.4801824568415582,1.4801824568415582,0.9079270172633767
19.397748708724976,0.09146291942138826,-0.14000322528833747,1.4896721951278613,1.4896721951278613,0.9041311219488555
19.498029708862305,0.09343672160437973,-0.1482431195253976,1.495455804263967,1.495455804263967,0.9018176782944132
19.597505807876587,0.09343672160437973,-0.1482431195253976,1.495455804263967,1.495455804263967,0.9018176782944132
19.69761085510254,0.09803504827079076,-0.16673379661590695,1.5022029091050206,1.5022029091050206,0.8991188363579917
19.80306339263916,0.10286189353252018,-0.1850674836624058,1.5089377214670143,1.5089377214670143,0.8964249114131942
19.89763331413269,0.10559381104613966,-0.1949449475751516,1.510403688947714,1.510403688947714,0.8958385244209144
19.997718572616577,0.10559381104613966,-0.1949449475751516,1.510403688947714,1.510403688947714,0.8958385244209144
20.097712755203247,0.11148420329824696,-0.2150178673199698,1.5107283085975622,1.5107283085975622,0.8957086765609751
20.197632551193237,0.11462336395050851,-0.22504912284692907,1.5092440403783145,1.5092440403783145,0.8963023838486741
20.298230409622192,0.1210731548147189,-0.24426872462232652,1.5034907817048673,1.5034907817048673,0.8986036873180531
20.397672414779663,0.1210731548147189,-0.24426872462232652,1.5034907817048673,1.5034907817048673,0.8986036873180531
20.49765133857727,0.1285622565445953,-0.26443739236939673,1.491931416990023,1.491931416990023,0.9032274332039908
20.597652435302734,0.13225477875303532,-0.27361432778674166,1.4839176686171458,1.4839176686171458,0.9064329325531416
20.697588443756104,0.1360221269352232,-0.28250379712362583,1.476846602825681,1.476846602825681,0.9092613588697276
20.79896640777588,0.1396780387236989,-0.29070909810883516,1.4669493986311992,1.4669493986311992,0.9132202405475203
20.89759135246277,0.1396780387236989,-0.29070909810883516,1.4669493986311992,1.4669493986311992,0.9132202405475203
20.99775242805481,0.14840183661022358,-0.3087020326327403,1.44342608180067,1.44342608180067,0.922629567279732
21.101906538009644,0.15323467850908817,-0.31782097051170055,1.429735031440025,1.429735031440025,0.92810598742399
21.201815605163574,0.16352362467623477,-0.3355631557307721,1.400038674580816,1.400038674580816,0.9399845301676736
21.29769468307495,0.16352362467623477,-0.3355631557307721,1.400038674580816,1.400038674580816,0.9399845301676736
21.400105953216553,0.17565352036602805,-0.3541222333506058,1.369828979466693,1.369828979466693,0.9520684082133228
21.497775316238403,0.1822578944075777,-0.3633738649516663,1.3546656222375266,1.3546656222375266,0.9581337511049893
21.597907066345215,0.19697502201127826,-0.38226708453933667,1.3254967528208341,1.3254967528208341,0.9698012988716663
21.69761323928833,0.19697502201127826,-0.38226708453933667,1.3254967528208341,1.3254967528208341,0.9698012988716663
21.797929048538208,0.21149426386118086,-0.39890435411111963,1.295248853003915,1.295248853003915,0.981900458798434
21.89779281616211,0.21942638444759843,-0.4072900310655074,1.2815013218993818,1.2815013218993818,0.9873994712402473
21.99772572517395,0.23523298481153948,-0.4227717383040009,1.2551169756338156,1.2551169756338156,0.9979532097464737
22.097455978393555,0.24379647699761056,-0.4305693953159023,1.2445272860758767,1.2445272860758767,1.0021890855696494
22.1976318359375,0.2520488217490607,-0.4377580349879221,1.2348392851231655,1.2348392851231655,1.0060642859507338
22.297617197036743,0.26056646365343183,-0.444863914443872,1.2269771166507706,1.2269771166507706,1.0092091533396919
22.399190664291382,0.2778000553554926,-0.45839351697802444,1.2120878191298972,1.2120878191298972,1.015164872348041
22.497579097747803,0.2778000553554926,-0.45839351697802444,1.2120878191298972,1.2120878191298972,1.015164872348041
22.597650051116943,0.29657242997611233,-0.47208741065558885,1.2047393569943015,1.2047393569943015,1.0181042572022794
22.699265718460083,0.3069753357087272,-0.4793096333589063,1.2041985323134572,1.2041985323134572,1.018320587074617
22.797580242156982,0.3271598821315797,-0.49268893899843047,1.2048724015479015,1.2048724015479015,1.0180510393808393
22.897688150405884,0.3271598821315797,-0.49268893899843047,1.2048724015479015,1.2048724015479015,1.0180510393808393
22.997767448425293,0.338203200692088,-0.4997091996911592,1.20665785580626,1.20665785580626,1.017336857677496
23.101945400238037,0.3584171266646005,-0.5121193604057633,1.216337189256165,1.216337189256165,1.013465124297534
23.197864055633545,0.3798717809593638,-0.5248150812250942,1.230262652853698,1.230262652853698,1.0078949388585208
23.29771637916565,0.3798717809593638,-0.5248150812250942,1.230262652853698,1.230262652853698,1.0078949388585208
23.401971101760864,0.39059797177927535,-0.5310193638283377,1.238500167304277,1.238500167304277,1.004599933078289
23.498005151748657,0.41204382984082843,-0.5432000912383885,1.2572446061106817,1.2572446061106817,0.9971021575557273
23.5978422164917,0.4332929836530051,-0.5550343355296813,1.277662271413806,1.277662271413806,0.9889350914344776
23.697783708572388,0.4332929836530051,-0.5550343355296813,1.277662271413806,1.277662271413806,0.9889350914344776
23.798007011413574,0.4429029839060406,-0.5603098155358281,1.2893365630501459,1.2893365630501459,0.9842653747799416
23.897879362106323,0.46456615124058837,-0.5719747738066455,1.3080770196070577,1.3080770196070577,0.976769192157177
23.99782967567444,0.47663838558111205,-0.5783334980255364,1.3148652759508581,1.3148652759508581,0.9740538896196568
24.09782886505127,0.48600334696031333,-0.5831915291634526,1.325953902364768,1.325953902364768,0.9696184390540928
24.197720527648926,0.48600334696031333,-0.5831915291634526,1.325953902364768,1.325953902364768,0.9696184390540928
24.29780864715576,0.4970861363670762,-0.5888986880241677,1.3377161275940233,1.3377161275940233,0.9649135489623907
24.40191626548767,0.5173382378579938,-0.5991062050944372,1.3519355868022749,1.3519355868022749,0.95922576527909
24.499926328659058,0.5367141158764024,-0.6084978384612862,1.3630126525093063,1.3630126525093063,0.9547949389962774
24.597737312316895,0.5367141158764024,-0.6084978384612862,1.3630126525093063,1.3630126525093063,0.9547949389962774
24.698004007339478,0.5477837452041016,-0.6136624446551653,1.3655853686124373,1.3655853686124373,0.9537658525550251
24.797732830047607,0.557156519853818,-0.6179036210362737,1.3684467385574035,1.3684467385574035,0.9526213045770385
24.90175700187683,0.5675268646198829,-0.6224609892476228,1.37315758662703,1.37315758662703,0.950736965349188
25.001943111419678,0.5885213995317691,-0.6311987935770434,1.3715313604803414,1.3715313604803414,0.9513874558078634
25.09797215461731,0.5992151392178153,-0.6353452789843296,1.3689812995751596,1.3689812995751596,0.9524074801699361
25.19784641265869,0.5992151392178153,-0.6353452789843296,1.3689812995751596,1.3689812995751596,0.9524074801699361
25.29817843437195,0.6227657951388098,-0.6437015076550551,1.3611947334159513,1.3611947334159513,0.9555221066336195
25.397656679153442,0.6442116222006554,-0.6503256129630961,1.349326131626131,1.349326131626131,0.9602695473495476
25.4976966381073,0.6442116222006554,-0.6503256129630961,1.349326131626131,1.349326131626131,0.9602695473495476
25.599478721618652,0.655585242557279,-0.6534730849903254,1.3449931824888806,1.3449931824888806,0.9620027270044478
25.6974515914917,0.6670337552979988,-0.6563624771321325,1.3366959324324652,1.3366959324324652,0.9653216270270139
25.798296213150024,0.6776793880016928,-0.6587923585592138,1.327499053435238,1.327499053435238,0.9690003786259048
25.897858381271362,0.6902209353457877,-0.6613219790221675,1.3189672344669021,1.3189672344669021,0.9724131062132392
26.001511812210083,0.7009590574934852,-0.6631977127751197,1.307637311848643,1.307637311848643,0.9769450752605428
26.097790241241455,0.7127011496569967,-0.6649436358201516,1.2972651894801706,1.2972651894801706,0.9810939242079317
26.197874069213867,0.7362393451095702,-0.6674750236163631,1.2758849704122963,1.2758849704122963,0.9896460118350815
26.29778480529785,0.7470387194295686,-0.6682062702205147,1.2639016577053992,1.2639016577053992,0.9944393369178403
26.397802591323853,0.7588217280945013,-0.6687033874360034,1.253534594571324,1.253534594571324,0.9985861621714703
26.497786045074463,0.7706491799660509,-0.6688907924591384,1.2437968721617783,1.2437968721617783,1.0024812511352887
26.597706079483032,0.7952782224674385,-0.6683491155304273,1.2272812179204582,1.2272812179204582,1.0090875128318166
26.697781801223755,0.8060433174027982,-0.6677172330679069,1.218318147151308,1.218318147151308,1.0126727411394767
26.798086404800415,0.8178441857640896,-0.6667600389223541,1.2116331856936824,1.2116331856936824,1.015346725722527
26.897691249847412,0.8296938922275453,-0.66553089466067,1.2062126404373752,1.2062126404373752,1.01751494382505
26.998633861541748,0.853424304450192,-0.6623521865506613,1.2013543415946948,1.2013543415946948,1.019458263362122
27.097855806350708,0.8653229607517801,-0.6604198237156479,1.1997824445199958,1.1997824445199958,1.0200870221920018
27.197813510894775,0.8772431568914402,-0.6582710634629096,1.1996238000898047,1.1996238000898047,1.0201504799640781
27.297603368759155,0.890326376157207,-0.6557440814033106,1.211139092214275,1.211139092214275,1.01554436311429
27.401944398880005,0.9143805704029698,-0.6507488695997475,1.221960053465691,1.221960053465691,1.0112159786137236
27.4978609085083,0.9272968471035143,-0.6477945628156964,1.2271168652791027,1.2271168652791027,1.009153253888359
27.59771704673767,0.9382901906338561,-0.6451423838428709,1.233975118293584,1.233975118293584,1.0064099526825663
27.697837829589844,0.9502143296533657,-0.6421383590755821,1.2418752173516563,1.2418752173516563,1.0032499130593375
27.797966480255127,0.973998921541214,-0.6357962112367074,1.261260506926221,1.261260506926221,0.9954957972295115
27.897789239883423,0.9857805812861559,-0.6325082528550254,1.272300058396464,1.272300058396464,0.9910799766414143
27.997719049453735,0.9965969555584626,-0.6294184522474652,1.286964700809696,1.286964700809696,0.9852141196761216
28.097846269607544,0.9965969555584626,-0.6294184522474652,1.286964700809696,1.286964700809696,0.9852141196761216
28.197633743286133,1.031249835806752,-0.6192678647620754,1.3325482711012768,1.3325482711012768,0.9669806915594893
28.29969882965088,1.0424696990111633,-0.6159086226702709,1.3456334251955742,1.3456334251955742,0.9617466299217703
28.397841215133667,1.0536046364622478,-0.6125214427552982,1.3607648903429717,1.3607648903429717,0.9556940438628113
28.497721195220947,1.0645453793192197,-0.6091294899138963,1.3735052670247965,1.3735052670247965,0.9505978931900814
28.597729921340942,1.0763059198156373,-0.6054362364444904,1.3887694815079548,1.3887694815079548,0.944492207396818
28.69771099090576,1.0976213198162053,-0.598501590193763,1.4121168467146328,1.4121168467146328,0.9351532613141469
28.797821283340454,1.1090398043438434,-0.594652991286409,1.4238100866804428,1.4238100866804428,0.9304759653278228
28.897847175598145,1.1090398043438434,-0.594652991286409,1.4238100866804428,1.4238100866804428,0.9304759653278228
28.99788761138916,1.1296572410849814,-0.587466236070312,1.4440389198616428,1.4440389198616428,0.9223844320553428
29.097840785980225,1.139020239897174,-0.5840719160395889,1.4556504991311863,1.4556504991311863,0.9177398003475254
29.197843551635742,1.149189239679803,-0.5803041285000137,1.4652395007690044,1.4652395007690044,0.9139041996923982
29.298548698425293,1.1601852278224138,-0.5761362687800602,1.4743002806027838,1.4743002806027838,0.9102798877588865
29.3977952003479,1.1693406230937595,-0.5725477801210399,1.4784144084530262,1.4784144084530262,0.9086342366187895
29.497880697250366,1.1793414928935733,-0.5684637774145557,1.4809386148140422,1.4809386148140422,0.9076245540743831
29.597802877426147,1.1992782394561698,-0.559739909541352,1.4825708022939421,1.4825708022939421,0.9069716790824232
29.69780969619751,1.209197288072302,-0.5550722391556113,1.481674781399922,1.481674781399922,0.9073300874400312
29.797699451446533,1.2190725888187166,-0.5501847491860629,1.4796755990156971,1.4796755990156971,0.9081297603937212
29.89772367477417,1.228893513500936,-0.5450635299644481,1.4766355859443006,1.4766355859443006,0.9093457656222798
29.997621774673462,1.2482844944186053,-0.5340986702958586,1.4675826878033515,1.4675826878033515,0.9129669248786594
30.097811937332153,1.2482844944186053,-0.5340986702958586,1.4675826878033515,1.4675826878033515,0.9129669248786594
30.19783639907837,1.257865880657158,-0.5282598464914421,1.466546609288198,1.466546609288198,0.9133813562847207
30.297852754592896,1.2665691381727433,-0.5226756342956221,1.4589106614708827,1.4589106614708827,0.9164357354116469
30.39778780937195,1.2765953420665146,-0.5158624919010564,1.4528000840920856,1.4528000840920856,0.9188799663631657
30.499159574508667,1.2938983181123596,-0.5030401081928816,1.4353508884062531,1.4353508884062531,0.9258596446374987
30.597815990447998,1.3026112819168794,-0.4960149204031108,1.426745111157227,1.426745111157227,0.9293019555371093
30.697822332382202,1.3111498658463157,-0.48873476312231107,1.4181649865635675,1.4181649865635675,0.932734005374573
30.802045345306396,1.320159231810259,-0.48060869346394913,1.411121062265013,1.411121062265013,0.9355515750939948
30.897833585739136,1.33673197234727,-0.4643499164548242,1.3958492139906555,1.3958492139906555,0.9416603144037378
30.997829914093018,1.3443368812552174,-0.45626128624523843,1.3880308169884337,1.3880308169884337,0.9447876732046265
31.097919702529907,1.3443368812552174,-0.45626128624523843,1.3880308169884337,1.3880308169884337,0.9447876732046265
31.19770646095276,1.3589141679988306,-0.43947793716671224,1.3745161320613246,1.3745161320613246,0.9501935471754701
31.29774785041809,1.3726666827874583,-0.4219812082697353,1.36694584883278,1.36694584883278,0.953221660466888
31.397715091705322,1.3726666827874583,-0.4219812082697353,1.36694584883278,1.36694584883278,0.953221660466888
31.49783444404602,1.3793217647943703,-0.41296516983201365,1.3711585083135323,1.3711585083135323,0.9515365966745871
31.59775996208191,1.3793217647943703,-0.41296516983201365,1.3711585083135323,1.3711585083135323,0.9515365966745871
31.697750329971313,1.3915868659888448,-0.395359629742345,1.3709571889278445,1.3709571889278445,0.9516171244288621
31.801957845687866,1.4038121784203281,-0.3763318418884133,1.373318855807135,1.373318855807135,0.950672457677146
31.897783756256104,1.4097065467876875,-0.36658985430434843,1.3765736905863724,1.3765736905863724,0.9493705237654511
31.997679710388184,1.4097065467876875,-0.36658985430434843,1.3765736905863724,1.3765736905863724,0.9493705237654511
32.09789443016052,1.4215409910608037,-0.34588355035044177,1.387224886100894,1.387224886100894,0.9451100455596424
32.19774675369263,1.4323877905753517,-0.3255513078842168,1.4028172175517806,1.4028172175517806,0.9388731129792878
32.297797441482544,1.4376415545835322,-0.31530746374865953,1.414953828144432,1.414953828144432,0.9340184687422272
32.39784026145935,1.4376415545835322,-0.31530746374865953,1.414953828144432,1.414953828144432,0.9340184687422272
32.497472524642944,1.4474983438230857,-0.29557966846160966,1.4456522950814874,1.4456522950814874,0.9217390819674051
32.597638845443726,1.4529033783863454,-0.2845734680312426,1.4608935042649014,1.4608935042649014,0.9156425982940394
32.697755575180054,1.4574362108799597,-0.2752393921085454,1.478324579632725,1.478324579632725,0.90867016814691
32.797895193099976,1.4622260548725314,-0.2651914784601669,1.4908342612924916,1.4908342612924916,0.9036662954830034
32.89773774147034,1.4668921532364885,-0.2552103653545178,1.5034754674200932,1.5034754674200932,0.8986098130319626
32.99782061576843,1.4759742993368938,-0.2353798459995647,1.5350426079241057,1.5350426079241057,0.8859829568303577
33.0977578163147,1.480731466328798,-0.2247879915573636,1.5522655657742297,1.5522655657742297,0.8790937736903081
33.2003436088562,1.4849616401709247,-0.215167122752314,1.5638387208300986,1.5638387208300986,0.8744645116679606
33.29794239997864,1.4849616401709247,-0.215167122752314,1.5638387208300986,1.5638387208300986,0.8744645116679606
33.40193748474121,1.493372370343232,-0.195255887111077,1.5841150387534766,1.5841150387534766,0.8663539844986093
33.49825620651245,1.501259454938355,-0.1754552384382168,1.6015433811082394,1.6015433811082394,0.8593826475567042
33.597734212875366,1.5045264076078555,-0.16687057279931147,1.6100467555492732,1.6100467555492732,0.8559812977802906
33.697704792022705,1.5045264076078555,-0.16687057279931147,1.6100467555492732,1.6100467555492732,0.8559812977802906
33.79769682884216,1.511359440652497,-0.1479878237392994,1.62369304303315,1.62369304303315,0.85052278278674
33.897823095321655,1.511359440652497,-0.1479878237392994,1.62369304303315,1.62369304303315,0.85052278278674
33.997889280319214,1.5176008827536207,-0.1298010146638991,1.6448058275847217,1.6448058275847217,0.8420776689661112
34.097740173339844,1.52085339085822,-0.11964990429023493,1.6424720139299447,1.6424720139299447,0.8430111944280221
34.197675943374634,1.52085339085822,-0.11964990429023493,1.6424720139299447,1.6424720139299447,0.8430111944280221
34.302149057388306,1.5256035947552262,-0.1023474519871945,1.6160010504913938,1.6160010504913938,0.8535995798034425
34.39784836769104,1.5276902775011931,-0.09306497834044003,1.6010624551999675,1.6010624551999675,0.859575017920013
34.49772047996521,1.529510818530005,-0.08350012260853694,1.5856334103090968,1.5856334103090968,0.8657466358763612
34.59782361984253,1.531048359569653,-0.07371194714083773,1.5806006430169706,1.5806006430169706,0.8677597427932118
34.69743752479553,1.5323347344079716,-0.06446269902535876,1.5787459896793687,1.5787459896793687,0.8685016041282525
34.79785895347595,1.5336636749455062,-0.05334432137297869,1.577598175828322,1.577598175828322,0.8689607296686712
34.90245342254639,1.5345821810457276,-0.04359676975471626,1.5710763219335295,1.5710763219335295,0.8715694712265881
35.000102043151855,1.535557212545054,-0.022694786572564535,1.5375155883130602,1.5375155883130602,0.8849937646747759
35.09803605079651,1.535557212545054,-0.022694786572564535,1.5375155883130602,1.5375155883130602,0.8849937646747759
35.19789218902588,1.5349419192244347,-0.0015048542984295275,1.5021360018765049,1.5021360018765049,0.899145599249398
35.2977397441864,1.5341108123371516,0.008295206682833522,1.4842857063290371,1.4842857063290371,0.9062857174683852
35.39761567115784,1.532804118423723,0.019059460202399042,1.4672929056101884,1.4672929056101884,0.9130828377559246
35.49795937538147,1.5312888691564344,0.028986176000474387,1.4640637103287963,1.4640637103287963,0.9143745158684814
35.597745180130005,1.5312888691564344,0.028986176000474387,1.4640637103287963,1.4640637103287963,0.9143745158684814
35.697718143463135,1.5271247857229995,0.05137683532982678,1.4584139161426288,1.4584139161426288,0.9166344335429485
35.797760009765625,1.5247414812586229,0.061957444311833386,1.4514296046825728,1.4514296046825728,0.9194281581269709
35.898406982421875,1.518974743831448,0.0829444751307144,1.4283941624065941,1.4283941624065941,0.9286423350373624
35.997887134552,1.518974743831448,0.0829444751307144,1.4283941624065941,1.4283941624065941,0.9286423350373624
36.09774851799011,1.5119730700205074,0.10361942481922831,1.417214553526992,1.417214553526992,0.9331141785892032
36.19786262512207,1.5080429981695098,0.11386349834970601,1.4135120348384034,1.4135120348384034,0.9345951860646386
36.30235552787781,1.4997734825844289,0.13333816080660088,1.404625187234709,1.404625187234709,0.9381499251061164
36.39817428588867,1.4997734825844289,0.13333816080660088,1.404625187234709,1.404625187234709,0.9381499251061164
36.501991987228394,1.4899642730547311,0.15362676167555042,1.400468472573847,1.400468472573847,0.9398126109704612
36.598334312438965,1.4840746833557328,0.16476382825685207,1.400467309730921,1.400467309730921,0.9398130761076315
36.69795823097229,1.4720957464001665,0.185706659338614,1.4061029229805222,1.4061029229805222,0.9375588308077911
36.7980694770813,1.4720957464001665,0.185706659338614,1.4061029229805222,1.4061029229805222,0.9375588308077911
36.89770984649658,1.4588048380733656,0.20700816702099692,1.4198374576316957,1.4198374576316957,0.9320650169473217
36.99796986579895,1.4512308141497394,0.21847258712832113,1.428851552747066,1.428851552747066,0.9284593789011736
37.09779596328735,1.4440177128048788,0.22902586859596738,1.4394474091130827,1.4394474091130827,0.9242210363547669
37.197598934173584,1.43738254949068,0.23849563335524576,1.458547446987229,1.458547446987229,0.9165810212051083
37.29784107208252,1.4308025637236548,0.2478611753864868,1.4759677431611415,1.4759677431611415,0.9096129027355434
37.397868156433105,1.4241682780579747,0.2572259541646686,1.499527607415111,1.499527607415111,0.9001889570339556
37.49806785583496,1.4112686912016863,0.2752925589440201,1.5330493169318873,1.5330493169318873,0.8867802732272451
37.597824573516846,1.405366872552601,0.28344445120747985,1.553624446975663,1.553624446975663,0.8785502212097347
37.6978280544281,1.3984244069938079,0.29288247174516574,1.564028610075962,1.564028610075962,0.8743885559696152
37.79938983917236,1.3849561527390564,0.3105423565629416,1.5881383239400855,1.5881383239400855,0.8647446704239657
37.89785408973694,1.377911924739606,0.31948581733288983,1.6005903236811359,1.6005903236811359,0.8597638705275457
37.99791145324707,1.3710694383269337,0.3280529039994002,1.6194979913363599,1.6194979913363599,0.852200803465456
38.097832918167114,1.3710694383269337,0.3280529039994002,1.6194979913363599,1.6194979913363599,0.852200803465456
38.20005798339844,1.364726590802462,0.3359828316649186,1.6432077601045532,1.6432077601045532,0.8427168959581787
38.29787015914917,1.3525584600534024,0.3509500751031808,1.660673215609305,1.660673215609305,0.8357307137562779
38.397693157196045,1.3388958210138286,0.3669212196165098,1.6746618231745407,1.6746618231745407,0.8301352707301837
38.49773454666138,1.3388958210138286,0.3669212196165098,1.6746618231745407,1.6746618231745407,0.8301352707301837
38.59785032272339,1.331794515529066,0.3749108466471072,1.6832152847943596,1.6832152847943596,0.8267138860822562
38.69786548614502,1.3248996196967,0.38248230473954725,1.6971109041379393,1.6971109041379393,0.8211556383448242
38.79779028892517,1.3182907263822097,0.38965688130309045,1.7037816441356386,1.7037816441356386,0.8184873423457445
38.899728536605835,1.3050643502112864,0.4032762255656577,1.7049606768494867,1.7049606768494867,0.8180157292602053
38.997838258743286,1.3050643502112864,0.4032762255656577,1.7049606768494867,1.7049606768494867,0.8180157292602053
39.09777116775513,1.297668407852436,0.4104733635890846,1.7049021256329067,1.7049021256329067,0.8180391497468373
39.19805407524109,1.2892636874548284,0.4183058757551148,1.7046901981471667,1.7046901981471667,0.8181239207411333
39.29782176017761,1.2816013450541435,0.42518705904311227,1.7121481422967773,1.7121481422967773,0.815140743081289
39.39778208732605,1.2669550108860717,0.4375748855260125,1.7013227375031426,1.7013227375031426,0.819470904998743
39.497780561447144,1.2588956259684911,0.44390884950566895,1.6968567385859041,1.6968567385859041,0.8212573045656383
39.597832918167114,1.2588956259684911,0.44390884950566895,1.6968567385859041,1.6968567385859041,0.8212573045656383
39.69771337509155,1.2417123473126042,0.45639098700761604,1.687116153472337,1.687116153472337,0.8251535386110652
39.79772925376892,1.2417123473126042,0.45639098700761604,1.687116153472337,1.687116153472337,0.8251535386110652
39.900150299072266,1.2263347837987804,0.46650009503832185,1.6743787757104187,1.6743787757104187,0.8302484897158324
39.99866819381714,1.2183174047956893,0.4713230681007575,1.665747924569969,1.665747924569969,0.8337008301720124
40.097883462905884,1.2183174047956893,0.4713230681007575,1.665747924569969,1.665747924569969,0.8337008301720124
40.19786620140076,1.200729774892146,0.48098775548141603,1.651852636273268,1.651852636273268,0.8392589454906928
40.297911405563354,1.200729774892146,0.48098775548141603,1.651852636273268,1.651852636273268,0.8392589454906928
40.402177810668945,1.1924388373208126,0.4851679719661544,1.6487861998768036,1.6487861998768036,0.8404855200492785
40.50079321861267,1.1856977702921456,0.4883485046040696,1.6354251583796133,1.6354251583796133,0.8458299366481546
40.597700357437134,1.1780762704002312,0.4917144178447699,1.6270657398200774,1.6270657398200774,0.849173704071969
40.697850942611694,1.1627343443747995,0.4978198072086772,1.6097820832189955,1.6097820832189955,0.8560871667124017
40.79773163795471,1.1543026456247538,0.5008312169717695,1.601396097625525,1.601396097625525,0.85944156094979
40.90205717086792,1.1455752670062096,0.5037112652593065,1.5976011791550946,1.5976011791550946,0.8609595283379621
40.9977285861969,1.137360180574327,0.5062383310144698,1.5944536008480095,1.5944536008480095,0.8622185596607962
41.097784996032715,1.1184466910243864,0.5114536485819615,1.593331723738878,1.593331723738878,0.8626673105044488
41.19777488708496,1.1085211629748697,0.5139064491156686,1.5971480341846978,1.5971480341846978,0.8611407863261209
41.29770064353943,1.098283321544405,0.5162733801981115,1.602724033459227,1.602724033459227,0.8589103866163091
41.3978476524353,1.087729404700576,0.5185608586323551,1.6102892895576748,1.6102892895576748,0.8558842841769301
41.49773192405701,1.0656920688789269,0.5229222121796784,1.6305809280778576,1.6305809280778576,0.8477676287688569
41.59772753715515,1.0542160678107366,0.5250092423779126,1.6433617606041795,1.6433617606041795,0.8426552957583282
41.697866678237915,1.0424439743465168,0.5270438008418915,1.6577368115764488,1.6577368115764488,0.8369052753694204
41.797553300857544,1.030895662945687,0.528952469215572,1.6749217524842142,1.6749217524842142,0.8300312990063143
41.89784383773804,1.018381878787116,0.5309850788253698,1.691861989275875,1.691861989275875,0.8232552042896499
41.99753975868225,1.012315500337469,0.5319367807164741,1.703383296987757,1.703383296987757,0.8186466812048971
42.097864866256714,1.012315500337469,0.5319367807164741,1.703383296987757,1.703383296987757,0.8186466812048971
42.19786620140076,1.0058757338839934,0.5329578500877913,1.717980006909028,1.717980006909028,0.8128079972363887
42.297956705093384,0.9938271623053371,0.5349337263410564,1.7395085680455902,1.7395085680455902,0.8041965727817639
42.39778208732605,0.9818934542654331,0.5368537595912719,1.7611295345166893,1.7611295345166893,0.7955481861933242
42.497636556625366,0.9761270597010517,0.5377956166459034,1.7746379540169992,1.7746379540169992,0.7901448183932003
42.597729444503784,0.9761270597010517,0.5377956166459034,1.7746379540169992,1.7746379540169992,0.7901448183932003
42.69789218902588,0.9598129568388777,0.5404779906066598,1.8119304550160396,1.8119304550160396,0.7752278179935841
42.79769206047058,0.9542137119502111,0.5414222396331603,1.82075365440297,1.82075365440297,0.771698538238812
42.89741325378418,0.94919426957156,0.5422831168417003,1.8367369550781885,1.8367369550781885,0.7653052179687245
42.997833013534546,0.94919426957156,0.5422831168417003,1.8367369550781885,1.8367369550781885,0.7653052179687245
43.097689628601074,0.9436585352583062,0.5432199319785813,1.8359224889406607,1.8359224889406607,0.7656310044237357
43.19900989532471,0.938155536466375,0.544129601060565,1.8491595470573687,1.8491595470573687,0.7603361811770525
43.30198097229004,0.9266852576339646,0.5458507459747677,1.8368379120835778,1.8368379120835778,0.7652648351665688
43.3977153301239,0.9210954604785516,0.5465742371380791,1.8374023586925265,1.8374023586925265,0.7650390565229893
43.49770712852478,0.9146864455978714,0.5473374756043676,1.8396029692630578,1.8396029692630578,0.7641588122947769
43.597917556762695,0.9079879371398812,0.548071475095454,1.8412855803347965,1.8412855803347965,0.7634857678660814
43.6995108127594,0.8937053342254266,0.5494003560463188,1.8429618419796372,1.8429618419796372,0.7628152632081451
43.79772329330444,0.8867466393290571,0.5499232374829408,1.8426396751937644,1.8426396751937644,0.7629441299224942
43.89773893356323,0.8867466393290571,0.5499232374829408,1.8426396751937644,1.8426396751937644,0.7629441299224942
43.997745752334595,0.8757125101411091,0.5504735710462749,1.8267382111102501,1.8267382111102501,0.7693047155558999
44.097888469696045,0.8757125101411091,0.5504735710462749,1.8267382111102501,1.8267382111102501,0.7693047155558999
44.19811129570007,0.8656625702747088,0.5506289772458801,1.8006001883770821,1.8006001883770821,0.7797599246491671
44.302343130111694,0.8601784072517241,0.5505073566135157,1.7857100412197704,1.7857100412197704,0.7857159835120918
44.39793848991394,0.8540199383777832,0.5502457791099665,1.7795725934282962,1.7795725934282962,0.7881709626286815
44.497833251953125,0.8480793063393932,0.5498716141593902,1.7676592533413638,1.7676592533413638,0.7929362986634545
44.597750186920166,0.8356071762559154,0.548746138093309,1.753843112035392,1.753843112035392,0.7984627551858432
44.69779014587402,0.829076584130658,0.5479779862362469,1.7473842976353526,1.7473842976353526,0.801046280945859
44.79782009124756,0.8223571214990246,0.5470634898176364,1.7416102862077394,1.7416102862077394,0.8033558855169042
44.89785718917847,0.8160392204868722,0.546091877572701,1.7349148291346712,1.7349148291346712,0.8060340683461314
44.99787521362305,0.8017416316091157,0.5435163102685562,1.72615569484554,1.72615569484554,0.8095377220617839
45.09778618812561,0.8017416316091157,0.5435163102685562,1.72615569484554,1.72615569484554,0.8095377220617839
45.19771194458008,0.7972286054093259,0.5426055780265547,1.7317841372198555,1.7317841372198555,0.8072863451120578
45.297768115997314,0.7899579783080373,0.5410860412079346,1.7220065412516292,1.7220065412516292,0.8111973834993482
45.39784479141235,0.7830862664990431,0.5395146258630578,1.7190682688473282,1.7190682688473282,0.8123726924610687
45.4978449344635,0.779573257840671,0.5386638142212843,1.7169547260745137,1.7169547260745137,0.8132181095701945
45.5977680683136,0.779573257840671,0.5386638142212843,1.7169547260745137,1.7169547260745137,0.8132181095701945
45.69787836074829,0.7721233537994376,0.5367486669441603,1.7120927144518394,1.7120927144518394,0.8151629142192642
45.79824423789978,0.7630615187842055,0.5342580329057371,1.7132076909880243,1.7132076909880243,0.8147169236047902
45.89774966239929,0.7597427291738222,0.533312602398948,1.7139355852697986,1.7139355852697986,0.8144257658920805
45.99771451950073,0.6868178886628947,0.5117035178587712,1.8383992621984153,1.8383992621984153,0.7646402951206338
46.09768509864807,0.6732464703065504,0.5077045142811519,1.848582019189986,1.848582019189986,0.7605671923240056
46.197678565979004,0.6594703432018084,0.5034778714012494,1.865828137322334,1.865828137322334,0.7536687450710664
46.29753088951111,0.6519388129568814,0.5011433303866312,1.8765344546184535,1.8765344546184535,0.7493862181526185
46.39780855178833,0.6519388129568814,0.5011433303866312,1.8765344546184535,1.8765344546184535,0.7493862181526185
46.49768042564392,0.6368565356979111,0.4964186917036634,1.8964846833563547,1.8964846833563547,0.7414061266574581
46.597604513168335,0.6201482067913799,0.4910620497408035,1.914510882423367,1.914510882423367,0.7341956470306532
46.69761848449707,0.6114310836524899,0.4881977593349594,1.9227513009126742,1.9227513009126742,0.7308994796349303
46.7977180480957,0.6114310836524899,0.4881977593349594,1.9227513009126742,1.9227513009126742,0.7308994796349303
46.89759135246277,0.6088604724908764,0.4873360094093439,1.918643440862854,1.918643440862854,0.7325426236548583
46.99769687652588,0.6062653770469939,0.4864431565546163,1.915212816650778,1.915212816650778,0.7339148733396887
47.097689151763916,0.600406821253742,0.4842528673696698,1.8830785107269077,1.8830785107269077,0.7467685957092369
47.19760060310364,0.5970695151046432,0.482898248850338,1.8751490022495474,1.8751490022495474,0.749940399100181
47.29770612716675,0.5970695151046432,0.482898248850338,1.8751490022495474,1.8751490022495474,0.749940399100181
47.39768028259277,0.5900295437913257,0.47991307465238303,1.8668735867906423,1.8668735867906423,0.753250565283743
47.497737646102905,0.5860700749873571,0.47816400544834287,1.8629031498722028,1.8629031498722028,0.7548387400511188
47.597668170928955,0.5822483380569505,0.47642696513830163,1.8580072684138393,1.8580072684138393,0.7567970926344643
47.69767904281616,0.5784645727338762,0.47465363820983836,1.8465249165976823,1.8465249165976823,0.761390033360927
47.797643184661865,0.5752847764604321,0.47306474847249735,1.8305067620965663,1.8305067620965663,0.7677972951613734
47.89758110046387,0.5721973398984838,0.47143398640345346,1.808181843426068,1.808181843426068,0.7767272626295728
48.00072765350342,0.5692454131924961,0.46976687741700196,1.7854970530425818,1.7854970530425818,0.7858011787829673
48.1007182598114,0.56241203891141,0.46557119524599394,1.7595225577039417,1.7595225577039417,0.7961909769184232
48.19777274131775,0.56241203891141,0.46557119524599394,1.7595225577039417,1.7595225577039417,0.7961909769184232
48.29910945892334,0.5549552627027532,0.46073630466432686,1.7553555258712787,1.7553555258712787,0.7978577896514885
48.39804935455322,0.5513279232398389,0.45831577036014354,1.7533154609999269,1.7533154609999269,0.7986738156000293
48.50075435638428,0.5432528035752247,0.45279192785154965,1.7533326360962953,1.7533326360962953,0.7986669455614819
48.597604513168335,0.5432528035752247,0.45279192785154965,1.7533326360962953,1.7533326360962953,0.7986669455614819
48.69770574569702,0.534089140652302,0.4463434279346099,1.759044996227832,1.759044996227832,0.7963820015088672
48.79770874977112,0.5292197593307638,0.4428583830518132,1.7636547259451532,1.7636547259451532,0.7945381096219387
48.90037703514099,0.5193321841047388,0.43569645500224297,1.7755307478864033,1.7755307478864033,0.7897877008454386
48.997702836990356,0.5193321841047388,0.43569645500224297,1.7755307478864033,1.7755307478864033,0.7897877008454386
49.10071015357971,0.5087942223682623,0.42772439081928815,1.764328525293266,1.764328525293266,0.7942685898826936
49.19780492782593,0.5023587541203767,0.4227202752524308,1.7766260763766506,1.7766260763766506,0.7893495694493398
49.297751665115356,0.4901999660466781,0.41329492369788956,1.8023881575472043,1.8023881575472043,0.7790447369811182
49.397626638412476,0.4901999660466781,0.41329492369788956,1.8023881575472043,1.8023881575472043,0.7790447369811182
49.50085639953613,0.47770842545743597,0.4037035956832741,1.8317926938939333,1.8317926938939333,0.7672829224424267
49.597612619400024,0.4714395250173848,0.39893890659603265,1.847706043911155,1.847706043911155,0.760917582435538
49.697603702545166,0.4571661754931582,0.3882369590458126,1.8824952210906416,1.8824952210906416,0.7470019115637433
49.79783630371094,0.4571661754931582,0.3882369590458126,1.8824952210906416,1.8824952210906416,0.7470019115637433
49.8976833820343,0.4420379364022285,0.37713056254776334,1.9192719442723125,1.9192719442723125,0.7322912222910749
49.9977023601532,0.434153436753301,0.37144182548490134,1.9380743700992662,1.9380743700992662,0.7247702519602934
50.09772729873657,0.41845999908880394,0.36030907472525986,1.9760866545238622,1.9760866545238622,0.7095653381904551
50.197715520858765,0.41845999908880394,0.36030907472525986,1.9760866545238622,1.9760866545238622,0.7095653381904551
50.297719955444336,0.4099708199324477,0.3543871910782837,1.9949983680882206,1.9949983680882206,0.7020006527647117
50.39745497703552,0.39304752035728496,0.34276649369638135,2.0264413443307685,2.0264413443307685,0.6894234622676926
50.49759125709534,0.39304752035728496,0.34276649369638135,2.0264413443307685,2.0264413443307685,0.6894234622676926
50.6007776260376,0.3871586438224933,0.3386101528802506,2.0120888727857755,2.0120888727857755,0.6951644508856898
50.69766354560852,0.3871586438224933,0.3386101528802506,2.0120888727857755,2.0120888727857755,0.6951644508856898
50.79776310920715,0.38351659204426125,0.3359865793278712,2.0185048696363106,2.0185048696363106,0.6925980521454758
50.900582790374756,0.37563784776034137,0.3303151087286744,2.030842936191563,2.030842936191563,0.6876628255233747
50.99755382537842,0.3714030546609328,0.327262867514288,2.0366800107708087,2.0366800107708087,0.6853279956916765
51.097657203674316,0.3678244911990901,0.32464572198904684,2.023967999330453,2.023967999330453,0.6904128002678188
51.19768977165222,0.3678244911990901,0.32464572198904684,2.023967999330453,2.023967999330453,0.6904128002678188
51.29760694503784,0.3646727508458339,0.32222761389910287,2.006635329423094,2.006635329423094,0.6973458682307624
51.40081262588501,0.3573494417152033,0.3163060214543387,1.993696927704776,1.993696927704776,0.7025212289180895
51.497748613357544,0.34912355596285005,0.30947273087169386,2.0022478043371885,2.0022478043371885,0.6991008782651246
51.59771943092346,0.34912355596285005,0.30947273087169386,2.0022478043371885,2.0022478043371885,0.6991008782651246
51.697609186172485,0.34485121246630573,0.30589533706886046,2.0062492038926405,2.0062492038926405,0.6975003184429438
51.79773497581482,0.3407822478571844,0.30246212986586507,2.0067817482116954,2.0067817482116954,0.6972873007153217
51.89775013923645,0.3376679026591913,0.2997834442065766,1.995844515001926,1.995844515001926,0.7016621939992296
52.00025916099548,0.33114070296065695,0.2937375281951481,1.9578318556762149,1.9578318556762149,0.716867257729514
52.09754681587219,0.33114070296065695,0.2937375281951481,1.9578318556762149,1.9578318556762149,0.716867257729514
52.20081424713135,0.32762757443453644,0.2902519209640563,1.9425761203930418,1.9425761203930418,0.7229695518427832
52.29771971702576,0.3205172198553163,0.28300293182441116,1.948342223669234,1.948342223669234,0.7206631105323064
52.3995623588562,0.3125050214285848,0.27472593822173413,1.9567978494438425,1.9567978494438425,0.717280860222463
52.4977490901947,0.3125050214285848,0.27472593822173413,1.9567978494438425,1.9567978494438425,0.717280860222463
52.600860595703125,0.3089496698410448,0.2710133272117297,1.952679574700784,1.952679574700784,0.7189281701196863
52.69769763946533,0.3089496698410448,0.2710133272117297,1.952679574700784,1.952679574700784,0.7189281701196863
52.80476474761963,0.30214165837473045,0.26342216180969147,1.9277597084516465,1.9277597084516465,0.7288961166193414
52.90079593658447,0.29481368010042874,0.2550127179240215,1.9395899484653643,1.9395899484653643,0.7241640206138542
52.997658014297485,0.290915749067151,0.2505272687585063,1.946559976586797,1.946559976586797,0.7213760093652812
53.09773254394531,0.290915749067151,0.2505272687585063,1.946559976586797,1.946559976586797,0.7213760093652812
53.19766354560852,0.2830862685076138,0.24133712558351061,1.9399149471629238,1.9399149471629238,0.7240340211348304
53.29768443107605,0.27884218280638223,0.2361944945648952,1.9340640827366613,1.9340640827366613,0.7263743669053354
53.39771294593811,0.2745073352131031,0.23079818001676838,1.9403412314941808,1.9403412314941808,0.7238635074023276
53.49748492240906,0.2680901170918444,0.2224586391260396,1.9191027612681857,1.9191027612681857,0.7323588954927257
53.597617864608765,0.2648907094776251,0.21812457659087942,1.9076692270994173,1.9076692270994173,0.736932309160233
53.69759941101074,0.25876005437469285,0.20943207750417772,1.8930196252464404,1.8930196252464404,0.7427921499014238
53.797560691833496,0.25876005437469285,0.20943207750417772,1.8930196252464404,1.8930196252464404,0.7427921499014238
53.897613525390625,0.2523808656035117,0.19986809015674611,1.8909832187416606,1.8909832187416606,0.7436067125033357
53.997612714767456,0.24628042087912141,0.19049929526344372,1.9005553393709511,1.9005553393709511,0.7397778642516195
54.097639322280884,0.24343048742554305,0.18605365149756298,1.8917410748184362,1.8917410748184362,0.7433035700726255
54.197773456573486,0.24343048742554305,0.18605365149756298,1.8917410748184362,1.8917410748184362,0.7433035700726255
54.29751682281494,0.23720304002429252,0.17613791848658664,1.902139594929081,1.902139594929081,0.7391441620283676
54.40061664581299,0.23403122773295676,0.17110836273280003,1.912605111910358,1.912605111910358,0.7349579552358567
54.49756169319153,0.23122645289104116,0.16664908193430789,1.9175554907337642,1.9175554907337642,0.7329778037064942
54.59837985038757,0.2282051805911295,0.1617436291724421,1.907023306876149,1.907023306876149,0.7371906772495403
54.69752883911133,0.22514106823066565,0.15659006932841993,1.9082001406166416,1.9082001406166416,0.7367199437533434
54.797645568847656,0.21934227185364072,0.14671774885031394,1.9045361829418113,1.9045361829418113,0.7381855268232754
54.90083932876587,0.2165487662637138,0.14176530245853877,1.8998972631767344,1.8998972631767344,0.7400410947293062
55.00071334838867,0.21310885931924345,0.13567731154103932,1.9204898751084507,1.9204898751084507,0.7318040499566196
55.09759855270386,0.21003022017491113,0.13038209719385854,1.939485186627561,1.939485186627561,0.7242059253489755
55.19766306877136,0.20306002078442054,0.11885063491045718,1.977831542079953,1.977831542079953,0.7088673831680188
55.29768466949463,0.19878917548131553,0.11205168580315608,1.9984315577273524,1.9984315577273524,0.700627376909059
55.398983001708984,0.19499582309306693,0.10615727396034395,2.016458662902309,2.016458662902309,0.6934165348390763
55.49754047393799,0.1906569699750568,0.09956307649029787,2.035518497405918,2.035518497405918,0.6857926010376327
55.59752655029297,0.18390696808995713,0.08958951390741497,2.063969541626153,2.063969541626153,0.6744121833495388
55.69767737388611,0.1808030637285574,0.08511860613100666,2.074866610976345,2.074866610976345,0.6700533556094619
55.79750847816467,0.17776975980200896,0.08064431194000007,2.057497998401741,2.057497998401741,0.6770008006393036
55.89758634567261,0.17776975980200896,0.08064431194000007,2.057497998401741,2.057497998401741,0.6770008006393036
55.99760174751282,0.1721194931440949,0.07160270479202538,2.0117062782581376,2.0117062782581376,0.6953174886967449
56.09761142730713,0.16934294012234574,0.06670680170094145,1.993826435879623,1.993826435879623,0.7024694256481507
56.197575092315674,0.16659522998668505,0.061548243099327736,1.97397956634254,1.97397956634254,0.710408173462984
56.29962158203125,0.16412522357941928,0.05661870060034585,1.9556866184116966,1.9556866184116966,0.7177253526353213
56.39763569831848,0.1615179060711265,0.05106792682160573,1.934762589283229,1.934762589283229,0.7260949642867084
56.49778413772583,0.159039911573665,0.0453442352981384,1.9127276869351102,1.9127276869351102,0.7349089252259559
56.60076427459717,0.15437911625051023,0.033258925969911556,1.8713700467937133,1.8713700467937133,0.7514519812825147
56.70072078704834,0.15221980397780407,0.026777461059663214,1.8466081149009599,1.8466081149009599,0.761356754039616
56.797576904296875,0.15037347771842474,0.020577125806761108,1.8186207931964713,1.8186207931964713,0.7725516827214114
56.9002583026886,0.14852624872775988,0.013539516306170278,1.7951885450355891,1.7951885450355891,0.7819245819857643
57.00079298019409,0.1454534806155818,-0.0014011443172222931,1.7390557865203218,1.7390557865203218,0.8043776853918713
57.09756851196289,0.14436556587191085,-0.008618893180877022,1.7136206025743699,1.7136206025743699,0.814551758970252
57.197877407073975,0.14342048268636082,-0.016760708006617504,1.688283732698987,1.688283732698987,0.8246865069204051
57.30072617530823,0.14273906053520824,-0.025168596333013053,1.6639073001363436,1.6639073001363436,0.8344370799454626
57.40476751327515,0.14221449200144606,-0.042753812258010546,1.6176331167159264,1.6176331167159264,0.8529467533136295
57.498464584350586,0.1423659149757775,-0.05113508020820768,1.5973680439811588,1.5973680439811588,0.8610527824075365
57.5976300239563,0.142872012323476,-0.0613163689905633,1.5761027465769435,1.5761027465769435,0.8695589013692225
57.697701930999756,0.14358117069210125,-0.07012930423096797,1.5583898117932509,1.5583898117932509,0.8766440752826996
57.79768681526184,0.14453495908194758,-0.07907468468468426,1.544978507261967,1.544978507261967,0.8820085970952132
57.89759874343872,0.14562914492816337,-0.08752690918284835,1.5348721126998757,1.5348721126998757,0.8860511549200497
57.9977662563324,0.1468963461399555,-0.09607201756350306,1.5270866694982532,1.5270866694982532,0.8891653322006987
58.09756779670715,0.1481918503149383,-0.10395329721632206,1.5215542193587697,1.5215542193587697,0.8913783122564921
58.19816541671753,0.15177579451154485,-0.12230195512026458,1.5005360780382269,1.5005360780382269,0.8997855687847092
58.29756784439087,0.15593538436681814,-0.1398515730934915,1.4826244010726368,1.4826244010726368,0.9069502395709452
58.39777588844299,0.15593538436681814,-0.1398515730934915,1.4826244010726368,1.4826244010726368,0.9069502395709452
58.50017070770264,0.1606248133070502,-0.1567126196722126,1.4637438552935385,1.4637438552935385,0.9145024578825846
58.597493171691895,0.166288127422093,-0.1745198715298219,1.450444963181177,1.450444963181177,0.9198220147275291
58.69755172729492,0.16909477769360873,-0.1826138615463091,1.4443687866501078,1.4443687866501078,0.9222524853399569
58.79757118225098,0.16909477769360873,-0.1826138615463091,1.4443687866501078,1.4443687866501078,0.9222524853399569
58.897660970687866,0.1763202207838377,-0.20145830261877226,1.4215976562944594,1.4215976562944594,0.9313609374822162
58.997488498687744,0.18022817248037448,-0.21071772235282102,1.4118247168219613,1.4118247168219613,0.9352701132712155
59.097553730010986,0.18434399336886423,-0.21993212673923726,1.4061401742420219,1.4061401742420219,0.9375439303031913
59.19769644737244,0.18841798829973147,-0.22870184670227967,1.4042077692705504,1.4042077692705504,0.9383168922917798
59.29759740829468,0.19229527780890018,-0.23680292249596754,1.403310738841715,1.403310738841715,0.9386757044633139
59.39768385887146,0.19668101971009322,-0.2456204090634837,1.400560336649863,1.400560336649863,0.9397758653400549
59.498088359832764,0.20578855456594686,-0.2631406726080783,1.39863004552965,1.39863004552965,0.9405479817881399
59.59775447845459,0.21067406350632742,-0.27207053074017606,1.3942879403809667,1.3942879403809667,0.9422848238476133
59.697765588760376,0.21067406350632742,-0.27207053074017606,1.3942879403809667,1.3942879403809667,0.9422848238476133
59.79878616333008,0.22078435728659596,-0.28953403453182136,1.3861455111026997,1.3861455111026997,0.9455417955589202
59.90070152282715,0.2325337423414756,-0.30817405648064544,1.3679107190469066,1.3679107190469066,0.9528357123812373
59.99768137931824,0.23892345997243009,-0.3175825084502669,1.3577596572263249,1.3577596572263249,0.9568961371094701
60.097554206848145,0.23892345997243009,-0.3175825084502669,1.3577596572263249,1.3577596572263249,0.9568961371094701
60.19761657714844,0.2524878778822286,-0.33609436310202634,1.3366802556207802,1.3366802556207802,0.9653278977516879
60.29777979850769,0.26768003562136367,-0.35478595375988253,1.3136578998092863,1.3136578998092863,0.9745368400762855
60.398836851119995,0.2747482188456434,-0.36284472342085733,1.3030909760839842,1.3030909760839842,0.9787636095664063
60.499327182769775,0.2747482188456434,-0.36284472342085733,1.3030909760839842,1.3030909760839842,0.9787636095664063
60.59793257713318,0.291782136473929,-0.3808444222288405,1.2797661029730811,1.2797661029730811,0.9880935588107675
60.69870638847351,0.3082424340733936,-0.3965213472670394,1.2563381018072417,1.2563381018072417,0.9974647592771033
60.79762649536133,0.31721632830913377,-0.40443813999909695,1.244483737390376,1.244483737390376,1.0022065050438496
60.89779853820801,0.31721632830913377,-0.40443813999909695,1.244483737390376,1.244483737390376,1.0022065050438496
60.998021602630615,0.3350746664270134,-0.41906612184431685,1.2230802556627856,1.2230802556627856,1.0107678977348857
61.09775424003601,0.344154504426436,-0.42598935478349576,1.2152730410899948,1.2152730410899948,1.013890783564002
61.1975793838501,0.3534973550851696,-0.43279171390943705,1.2106381852798869,1.2106381852798869,1.0157447258880452
61.297688722610474,0.36301441002707024,-0.4394723508454188,1.2074061248261154,1.2074061248261154,1.0170375500695539
61.39764332771301,0.36301441002707024,-0.4394723508454188,1.2074061248261154,1.2074061248261154,1.0170375500695539
61.4976646900177,0.3826287894934216,-0.45244186312087986,1.1982768899827831,1.1982768899827831,1.0206892440068867
61.60099935531616,0.3927962289719196,-0.4587649882220779,1.1943801314494564,1.1943801314494564,1.0222479474202175
61.700239419937134,0.4139540839539415,-0.4710092858282484,1.1774604238986566,1.1774604238986566,1.0290158304405375
61.79815125465393,0.4139540839539415,-0.4710092858282484,1.1774604238986566,1.1774604238986566,1.0290158304405375
61.89771747589111,0.43577928072219535,-0.4823941353791842,1.1678681679289984,1.1678681679289984,1.0328527328284007
61.99766659736633,0.446798432125097,-0.48771830384833714,1.1639968221332455,1.1639968221332455,1.0344012711467019
62.09773802757263,0.4693475697719389,-0.4978790941976632,1.159978939605948,1.159978939605948,1.0360084241576208
62.19763946533203,0.4693475697719389,-0.4978790941976632,1.159978939605948,1.159978939605948,1.0360084241576208
62.29786944389343,0.4931998320299966,-0.5077446126869284,1.1638609505121178,1.1638609505121178,1.0344556197951529
62.39820694923401,0.5164255303294386,-0.5165199659481924,1.1652120725843604,1.1652120725843604,1.0339151709662557
62.4994957447052,0.5281638938020549,-0.5206428776762644,1.1662969454499077,1.1662969454499077,1.0334812218200369
62.59767413139343,0.5409304973958821,-0.5248916403241052,1.162679206571636,1.162679206571636,1.0349283173713455
62.69765377044678,0.564751837671372,-0.5321280131457471,1.163620358316928,1.163620358316928,1.0345518566732288
62.79752850532532,0.5757636186604562,-0.5352366345742038,1.1707062001798227,1.1707062001798227,1.0317175199280708
62.89756488800049,0.5878099644915223,-0.5384656218902389,1.1748048906667403,1.1748048906667403,1.030078043733304
62.99764943122864,0.6008325833991379,-0.5417612300889776,1.1735688737555916,1.1735688737555916,1.0305724504977634
63.09757399559021,0.624022498790041,-0.5470546754177613,1.178950253247393,1.178950253247393,1.028419898701043
63.197768211364746,0.6483068679205508,-0.5518891046551905,1.1842954770876126,1.1842954770876126,1.026281809164955
63.29777669906616,0.6483068679205508,-0.5518891046551905,1.1842954770876126,1.1842954770876126,1.026281809164955
63.39756488800049,0.6604610814847114,-0.5540269269135559,1.1872409633021466,1.1872409633021466,1.0251036146791415
63.49765157699585,0.6726381440656953,-0.5560229349510123,1.1971467870258228,1.1971467870258228,1.0211412851896708
63.59770178794861,0.683751930340394,-0.5577628122621876,1.2072178618023084,1.2072178618023084,1.0171128552790767
63.70075607299805,0.7089181791381594,-0.5613250128995775,1.2185524911435224,1.2185524911435224,1.012579003542591
63.79756784439087,0.7089181791381594,-0.5613250128995775,1.2185524911435224,1.2185524911435224,1.012579003542591
63.89765739440918,0.7319967910298898,-0.5639436014172315,1.2246895016403512,1.2246895016403512,1.0101241993438594
63.99756860733032,0.7440382109435955,-0.5650067462932258,1.2242349803861103,1.2242349803861103,1.010306007845556
64.09756994247437,0.7681672721682568,-0.5664461751251065,1.2226162666041762,1.2226162666041762,1.0109534933583295
64.19771385192871,0.7681672721682568,-0.5664461751251065,1.2226162666041762,1.2226162666041762,1.0109534933583295
64.29766273498535,0.7802604851674767,-0.5668141876678747,1.221434252222682,1.221434252222682,1.0114262991109273
64.397536277771,0.804482927071919,-0.5668209024236374,1.2208908827172371,1.2208908827172371,1.0116436469131052
64.497718334198,0.804482927071919,-0.5668209024236374,1.2208908827172371,1.2208908827172371,1.0116436469131052
64.59755086898804,0.8290047106965438,-0.5661174108306786,1.2353529165811608,1.2353529165811608,1.0058588333675358
64.69764590263367,0.8290047106965438,-0.5661174108306786,1.2353529165811608,1.2353529165811608,1.0058588333675358
64.79806089401245,0.8410583092387877,-0.5655193762916019,1.2396874026001254,1.2396874026001254,1.0041250389599499
64.89762115478516,0.8651182132625987,-0.5636976100036452,1.2404170240819514,1.2404170240819514,1.0038331903672195
64.99758791923523,0.8890883334201823,-0.560816597675498,1.231687336603514,1.231687336603514,1.0073250653585943
65.09753346443176,0.8890883334201823,-0.560816597675498,1.231687336603514,1.231687336603514,1.0073250653585943
65.19780969619751,0.9000677042593929,-0.559097432400351,1.2269178738313449,1.2269178738313449,1.0092328504674621
65.29767036437988,0.9238880347137863,-0.5544727868122659,1.2169600486247651,1.2169600486247651,1.013215980550094
65.39763855934143,0.9357345191027777,-0.5517102753645112,1.2133357357252652,1.2133357357252652,1.014665705709894
65.49755573272705,0.9475703790641696,-0.5487135949130089,1.2182228690042,1.2182228690042,1.01271085239832
65.59762263298035,0.9475703790641696,-0.5487135949130089,1.2182228690042,1.2182228690042,1.01271085239832
65.69761872291565,0.9603084034622291,-0.5452540137513507,1.2241132187841828,1.2241132187841828,1.0103547124863268
65.79791831970215,0.983564999134735,-0.53823762571077,1.2268713515331746,1.2268713515331746,1.00925145938673
65.89762568473816,1.0054489975683063,-0.5305388557614134,1.2171344044541736,1.2171344044541736,1.0131462382183305
65.9976487159729,1.0054489975683063,-0.5305388557614134,1.2171344044541736,1.2171344044541736,1.0131462382183305
66.10063576698303,1.0167292536696777,-0.5260800749074797,1.2126930632506732,1.2126930632506732,1.0149227746997307
66.19783210754395,1.0398653144871817,-0.5158502758955085,1.2053644580809149,1.2053644580809149,1.017854216767634
66.29759979248047,1.0606795908027231,-0.5053507223951503,1.1990848858646506,1.1990848858646506,1.0203660456541397
66.39781522750854,1.0713679881409603,-0.4994654173075162,1.1971252219517519,1.1971252219517519,1.0211499112192992
66.49761438369751,1.0713679881409603,-0.4994654173075162,1.1971252219517519,1.1971252219517519,1.0211499112192992
66.60073232650757,1.0931961666781636,-0.4863711695021625,1.195409878451253,1.195409878451253,1.0218360486194988
66.70072031021118,1.1127203164983133,-0.47338294588968133,1.1957117609666432,1.1957117609666432,1.0217152956133426
66.79778218269348,1.1235248405281533,-0.46567300499438224,1.198543614200613,1.198543614200613,1.0205825543197549
66.89809584617615,1.1235248405281533,-0.46567300499438224,1.198543614200613,1.198543614200613,1.0205825543197549
66.9976761341095,1.142230773519126,-0.45146938596817626,1.2110683123572752,1.2110683123572752,1.01557267505709
67.09767699241638,1.1527667213378303,-0.44303758825033146,1.2199008850876436,1.2199008850876436,1.0120396459649426
67.197669506073,1.1621483618408526,-0.43527529478508914,1.226198039745893,1.226198039745893,1.009520784101643
67.2976758480072,1.1713649779260786,-0.42737077769458365,1.2336419810322554,1.2336419810322554,1.006543207587098
67.39759492874146,1.1886002577953387,-0.4118067560682412,1.2503711030023528,1.2503711030023528,0.9998515587990588
67.49767589569092,1.1973475507537577,-0.40352007567572823,1.2612436774303415,1.2612436774303415,0.9955025290278634
67.59756207466125,1.2066303351706944,-0.3944456686755608,1.269078303147765,1.269078303147765,0.992368678740894
67.6975736618042,1.2150378141955755,-0.3859654429528258,1.283115308691929,1.283115308691929,0.9867538765232284
67.79757761955261,1.2314537541316688,-0.36878912277565434,1.311792184588195,1.311792184588195,0.975283126164722
67.89762210845947,1.2394582090525956,-0.3601620666740389,1.3305856862246452,1.3305856862246452,0.9677657255101418
68.00073599815369,1.247332885922133,-0.35151262620485135,1.3453392314606654,1.3453392314606654,0.9618643074157338
68.09755802154541,1.2549670058002451,-0.34285524005318496,1.3515447747449674,1.3515447747449674,0.959382090102013
68.20072269439697,1.2696982760633322,-0.32517341824473384,1.3674074947953785,1.3674074947953785,0.9530370020818486
68.30067420005798,1.2767498554797423,-0.31618362430777863,1.3732637567260508,1.3732637567260508,0.9506944973095797
68.39819741249084,1.2830330920648123,-0.3078362654070536,1.3792179013691688,1.3792179013691688,0.9483128394523325
68.49769639968872,1.2830330920648123,-0.3078362654070536,1.3792179013691688,1.3792179013691688,0.9483128394523325
68.59754848480225,1.2962678152667417,-0.2894438456973717,1.4036646116292597,1.4036646116292597,0.9385341553482961
68.69763541221619,1.3026452847624626,-0.2801600499131412,1.4204437552759779,1.4204437552759779,0.9318224978896088
68.79770684242249,1.3088487101716875,-0.27088011039488097,1.4325784049885488,1.4325784049885488,0.9269686380045804
68.89763331413269,1.3148829356066873,-0.2615350014484406,1.441375856083944,1.441375856083944,0.9234496575664224
68.99798655509949,1.3202017806954152,-0.2529103806056265,1.4437812492024413,1.4437812492024413,0.9224875003190235
69.09779572486877,1.331587959788097,-0.23287382869105488,1.449423326772819,1.449423326772819,0.9202306692908724
69.19795632362366,1.3362544673615704,-0.22388816269168493,1.4503464330345355,1.4503464330345355,0.9198614267861858
69.29776763916016,1.3362544673615704,-0.22388816269168493,1.4503464330345355,1.4503464330345355,0.9198614267861858
69.40071630477905,1.3411436027054529,-0.21396135973087757,1.4619186694687378,1.4619186694687378,0.9152325322125049
69.49767756462097,1.3458164155673946,-0.20399521827995853,1.4625732555085167,1.4625732555085167,0.9149706977965933
69.59776258468628,1.354753340435443,-0.18260033331151587,1.4622531843575253,1.4622531843575253,0.9150987262569898
69.69767093658447,1.3582482435941525,-0.17312561439012736,1.46076446380056,1.46076446380056,0.9156942144797761
69.79774928092957,1.3617734097998158,-0.16268999079974525,1.4593294888843813,1.4593294888843813,0.9162682044462475
69.89779138565063,1.3617734097998158,-0.16268999079974525,1.4593294888843813,1.4593294888843813,0.9162682044462475
69.99769067764282,1.3645475519376347,-0.15340282309338094,1.4422872733060854,1.4422872733060854,0.9230850906775658
70.10016942024231,1.3669533622413013,-0.1440042577855714,1.4256054370457063,1.4256054370457063,0.9297578251817175
70.20485234260559,1.370596402736307,-0.125433818427518,1.4070686772018437,1.4070686772018437,0.9371725291192625
70.29760646820068,1.3722152299879626,-0.11449586132886225,1.4038560018221877,1.4038560018221877,0.9384575992711249
70.39803385734558,1.3734366534982028,-0.10411432255148519,1.4079137281951386,1.4079137281951386,0.9368345087219445
70.49770474433899,1.3743967127318977,-0.0943761738221873,1.408714675855343,1.408714675855343,0.9365141296578627
70.59755349159241,1.3751882948748544,-0.08350436703151251,1.4188412501653562,1.4188412501653562,0.9324634999338575
70.69769072532654,1.3757900937276406,-0.0728400705731136,1.4164503037914264,1.4164503037914264,0.9334198784834294
70.79759502410889,1.3759649719271803,-0.06241390549749721,1.4028466816117353,1.4028466816117353,0.9388613273553058
70.89757442474365,1.3757653997210968,-0.0518021937042492,1.4003782769163484,1.4003782769163484,0.9398486892334607
70.99784970283508,1.3752127204920974,-0.04105239019726893,1.3915938895399216,1.3915938895399216,0.9433624441840314
71.09797501564026,1.3730057928724437,-0.019346415394776505,1.3838523074354425,1.3838523074354425,0.946459077025823
71.19753551483154,1.3713476733421932,-0.008384299897720443,1.3809804973681903,1.3809804973681903,0.9476078010527239
71.29762816429138,1.3692797733069655,0.0026521292162922003,1.3750467463842304,1.3750467463842304,0.9499813014463078
71.39769959449768,1.364145134296552,0.024797375911985112,1.3814259365659718,1.3814259365659718,0.9474296253736113
71.49764823913574,1.3614431448787492,0.0348599690675581,1.3967582179010078,1.3967582179010078,0.9412967128395968
71.59757852554321,1.3582425597284526,0.045781823369276414,1.4021180499289427,1.4021180499289427,0.9391527800284228
71.6975827217102,1.354585176875872,0.05747665540681058,1.4151998277929414,1.4151998277929414,0.9339200688828234
71.7975606918335,1.3474915162605186,0.07782570243066712,1.4350356337906514,1.4350356337906514,0.9259857464837394
71.89761853218079,1.3393869963265785,0.09861078621357341,1.4650364637146522,1.4650364637146522,0.9139854145141391
71.99804973602295,1.3393869963265785,0.09861078621357341,1.4650364637146522,1.4650364637146522,0.9139854145141391
72.09758710861206,1.3307339721834737,0.11878601954228121,1.490391465514309,1.490391465514309,0.9038434137942765
72.19764566421509,1.3213959511100652,0.1384992974973154,1.5137853960769958,1.5137853960769958,0.8944858415692016
72.29756331443787,1.3169445257622827,0.1473756244597,1.532672758697838,1.532672758697838,0.8869308965208648
72.39766716957092,1.3169445257622827,0.1473756244597,1.532672758697838,1.532672758697838,0.8869308965208648
72.49770402908325,1.3067658756232823,0.1661368817465115,1.546524947800224,1.546524947800224,0.8813900208799104
72.59899067878723,1.2962588465167468,0.18354586085872052,1.5603387638891724,1.5603387638891724,0.875864494444331
72.69757723808289,1.2962588465167468,0.18354586085872052,1.5603387638891724,1.5603387638891724,0.875864494444331
72.79920840263367,1.2905591406276795,0.19245781528997796,1.584737558209181,1.584737558209181,0.8661049767163276
72.89752697944641,1.2905591406276795,0.19245781528997796,1.584737558209181,1.584737558209181,0.8661049767163276
72.99762439727783,1.2788398335520963,0.20981214338481846,1.6001710574833707,1.6001710574833707,0.8599315770066517
73.10476350784302,1.266465433947327,0.22644325462537124,1.6105912032844627,1.6105912032844627,0.8557635186862149
73.19832372665405,1.2600459903377617,0.23442312443000649,1.6139049562807168,1.6139049562807168,0.8544380174877132
73.30041742324829,1.2600459903377617,0.23442312443000649,1.6139049562807168,1.6139049562807168,0.8544380174877132
73.39783239364624,1.247196462205504,0.24920180762614802,1.6193193436878526,1.6193193436878526,0.8522722625248589
73.49752163887024,1.2323927629953213,0.2644827623767411,1.6222369282817157,1.6222369282817157,0.8511052286873136
73.59739947319031,1.2323927629953213,0.2644827623767411,1.6222369282817157,1.6222369282817157,0.8511052286873136
73.69760465621948,1.2256516895282434,0.2709777744109205,1.6392560677562484,1.6392560677562484,0.8442975728975006
73.7975013256073,1.2174479801401774,0.27871697718743393,1.6515905806045252,1.6515905806045252,0.8393637677581899
73.89776349067688,1.2099922746350542,0.28550318199729685,1.6657274104390736,1.6657274104390736,0.8337090358243705
73.99759531021118,1.1949897435072656,0.2983011767791151,1.6729658865100066,1.6729658865100066,0.8308136453959973
74.10073184967041,1.1864535941982846,0.3050136669302433,1.6734112997557402,1.6734112997557402,0.8306354800977038
74.19755434989929,1.1864535941982846,0.3050136669302433,1.6734112997557402,1.6734112997557402,0.8306354800977038
74.30078792572021,1.1708591491065283,0.31619772180735606,1.6683361264546337,1.6683361264546337,0.8326655494181465
74.40082836151123,1.153886454263238,0.3268456271895575,1.6581195329881189,1.6581195329881189,0.8367521868047524
74.49761748313904,1.1451102647874407,0.33176389416844165,1.652724991785263,1.652724991785263,0.8389100032858947
74.59753012657166,1.1451102647874407,0.33176389416844165,1.652724991785263,1.652724991785263,0.8389100032858947
74.69759058952332,1.1270341124914707,0.3407394089271987,1.6414812879300842,1.6414812879300842,0.8434074848279662
74.7980592250824,1.1177642351840658,0.3447749646572876,1.635689930681343,1.635689930681343,0.8457240277274627
74.89785361289978,1.1092275076652478,0.34819709872532695,1.6449163200105865,1.6449163200105865,0.8420334719957654
74.99772572517395,1.1024486745532742,0.35078569347185923,1.6444988306608572,1.6444988306608572,0.842200467735657
75.09757852554321,1.0945804608528251,0.3536571100981033,1.6455429803105786,1.6455429803105786,0.8417828078757685
75.19787263870239,1.087961355415185,0.3559058544299726,1.6484831887432574,1.6484831887432574,0.840606724502697
75.29765844345093,1.0735392746117833,0.3604515333982571,1.6561990598705532,1.6561990598705532,0.8375203760517786
75.40083718299866,1.0666292623249265,0.3623729070604828,1.6444605176183071,1.6444605176183071,0.8422157929526771
75.49814772605896,1.0666292623249265,0.3623729070604828,1.6444605176183071,1.6444605176183071,0.8422157929526771
75.59758400917053,1.050665815595982,0.3659892778420057,1.623563022376133,1.623563022376133,0.8505747910495467
75.7007064819336,1.0422446696418082,0.36747259585984593,1.6147993028197984,1.6147993028197984,0.8540802788720806
75.79760432243347,1.0245447818782578,0.36973077821516853,1.600855816242498,1.600855816242498,0.8596576735030008
75.89771866798401,1.0245447818782578,0.36973077821516853,1.600855816242498,1.600855816242498,0.8596576735030008
76.00085020065308,1.0057515241651198,0.37104441457105786,1.5979367231308415,1.5979367231308415,0.8608253107476633
76.097660779953,0.995959668732841,0.37136524559608286,1.6047871094919126,1.6047871094919126,0.8580851562032349
76.19877290725708,0.9762390769867639,0.37138413356911615,1.618071110641358,1.618071110641358,0.8527715557434568
76.29754757881165,0.9762390769867639,0.37138413356911615,1.618071110641358,1.618071110641358,0.8527715557434568
76.39782786369324,0.9555489509533189,0.3708462868803552,1.6523630407759329,1.6523630407759329,0.8390547836896268
76.49773526191711,0.9445423707577479,0.3703316704064184,1.668359291327246,1.668359291327246,0.8326562834691016
76.59769940376282,0.9251958135155417,0.36903846881552543,1.6942952616426368,1.6942952616426368,0.8222818953429453
76.69754838943481,0.9251958135155417,0.36903846881552543,1.6942952616426368,1.6942952616426368,0.8222818953429453
76.79767990112305,0.9104544187428737,0.36776117503551625,1.7129826137619355,1.7129826137619355,0.8148069544952258
76.89763951301575,0.9005075896368083,0.3666593813583906,1.7210663790329013,1.7210663790329013,0.8115734483868394
76.99772787094116,0.7946517478198784,0.35176901762495827,1.9271457486868144,1.9271457486868144,0.7291417005252742
77.09760165214539,0.7867729372902583,0.35027004821351154,1.9135854477219074,1.9135854477219074,0.734565820911237
77.19775700569153,0.7687315278274875,0.3458296015920166,1.8825733396384083,1.8825733396384083,0.7469706641446366
77.29756569862366,0.7532799587542671,0.340871769968075,1.859336643547087,1.859336643547087,0.7562653425811652
77.39769721031189,0.7532799587542671,0.340871769968075,1.859336643547087,1.859336643547087,0.7562653425811652
77.49752378463745,0.7532799587542671,0.340871769968075,1.859336643547087,1.859336643547087,0.7562653425811652
77.59769177436829,0.7505938705566103,0.3398901987426013,1.8438811029463262,1.8438811029463262,0.7624475588214694
77.69942688941956,0.7429118852257478,0.3369003580294236,1.8426898178215485,1.8426898178215485,0.7629240728713805
77.79942059516907,0.7349527963950249,0.3333654490437399,1.7873890477906293,1.7873890477906293,0.7850443808837482
77.89763903617859,0.7349527963950249,0.3333654490437399,1.7873890477906293,1.7873890477906293,0.7850443808837482
77.99770474433899,0.7307841465550537,0.3312231575153111,1.760154092969366,1.760154092969366,0.7959383628122536
78.09776091575623,0.7217663717219109,0.32590365624793627,1.7071739794066298,1.7071739794066298,0.8171304082373481
78.19774007797241,0.7173068982236629,0.3229209089334432,1.6829615939913118,1.6829615939913118,0.8268153624034752
78.29788064956665,0.7140756941513433,0.32061124252482465,1.6689992207011,1.6689992207011,0.83240031171956
78.39780187606812,0.7114278699589389,0.3186111817404786,1.6438348119372708,1.6438348119372708,0.8424660752250916
78.4976077079773,0.7055833622971899,0.313749141511959,1.5988383408579105,1.5988383408579105,0.8604646636568357
78.5977668762207,0.6996977811592381,0.30818445465943467,1.5559933575136926,1.5559933575136926,0.8776026569945229
78.6976809501648,0.6996977811592381,0.30818445465943467,1.5559933575136926,1.5559933575136926,0.8776026569945229
78.80212306976318,0.6964926841842076,0.3048679365342579,1.5366809640236618,1.5366809640236618,0.8853276143905352
78.90027689933777,0.6898690105230447,0.2973751539910079,1.5023692726528508,1.5023692726528508,0.8990522909388596
78.99789834022522,0.6830337728815999,0.2887196511129617,1.474343788025715,1.474343788025715,0.9102624847897139
79.09765720367432,0.679554219665479,0.28394470853928316,1.4628757403425388,1.4628757403425388,0.9148497038629845
79.200368642807,0.679554219665479,0.28394470853928316,1.4628757403425388,1.4628757403425388,0.9148497038629845
79.29773712158203,0.6736103118758873,0.27517897357899923,1.443590118922571,1.443590118922571,0.9225639524309716
79.3997094631195,0.6678406179613985,0.265798858750138,1.426844775007285,1.426844775007285,0.9292620899970859
79.49943995475769,0.6648097518669511,0.260505019012505,1.4196700600360874,1.4196700600360874,0.932131975985565
79.59766960144043,0.6648097518669511,0.260505019012505,1.4196700600360874,1.4196700600360874,0.932131975985565
79.6975998878479,0.6586082999619931,0.2491641236950831,1.4294696640038058,1.4294696640038058,0.9282121343984776
79.79929089546204,0.6556733794186334,0.2436428499028029,1.4481926777520129,1.4481926777520129,0.9207229288991948
79.8977267742157,0.6524087015893993,0.23742012700197607,1.4446796222536227,1.4446796222536227,0.922128151098551
79.9978506565094,0.6493773965389049,0.23150536158888738,1.4540148208433878,1.4540148208433878,0.9183940716626449
80.10210537910461,0.6425736651590027,0.2179700078747389,1.4900326258815986,1.4900326258815986,0.9039869496473606
80.19777321815491,0.639047304879106,0.21088125598184584,1.4954985379146335,1.4954985379146335,0.9018005848341466
80.3035306930542,0.6358479182907041,0.20415611331055017,1.4949287732390963,1.4949287732390963,0.9020284907043614
80.39767813682556,0.632411592212634,0.19653963158072724,1.4932503639441195,1.4932503639441195,0.9026998544223522
80.50409460067749,0.6257710090053291,0.18043654282396138,1.4906333427534002,1.4906333427534002,0.9037466628986399
80.59781503677368,0.6225938939358179,0.17194051417317693,1.4896154005127795,1.4896154005127795,0.9041538397948882
80.69761872291565,0.6197866020554991,0.1638997446345569,1.4894292402083527,1.4894292402083527,0.9042283039166589
80.79761481285095,0.6166004426123707,0.15403471225264806,1.4879190074189659,1.4879190074189659,0.9048323970324136
80.8976538181305,0.6128696188039395,0.14100188614827167,1.4755920770696345,1.4755920770696345,0.9097631691721462
80.99768686294556,0.6112315851429458,0.13434416516316394,1.466523878930573,1.466523878930573,0.9133904484277707
81.09763169288635,0.6098327238005717,0.12798169840208737,1.458242018882808,1.458242018882808,0.9167031924468768
81.19971561431885,0.6098327238005717,0.12798169840208737,1.458242018882808,1.458242018882808,0.9167031924468768
81.29848647117615,0.6060326317538386,0.10674467598460294,1.4518281655061729,1.4518281655061729,0.9192687337975308
81.39767408370972,0.6049869929066592,0.09876954730776223,1.4410397137655735,1.4410397137655735,0.9235841144937705
81.49763679504395,0.6042755916837951,0.0921195344123632,1.4412779221240006,1.4412779221240006,0.9234888311503997
81.59763956069946,0.6042755916837951,0.0921195344123632,1.4412779221240006,1.4412779221240006,0.9234888311503997
81.69793796539307,0.6028541996531697,0.07787982309732651,1.4706061057932374,1.4706061057932374,0.911757557682705
81.79777097702026,0.6022036094520743,0.06986459922279575,1.4741851939492085,1.4741851939492085,0.9103259224203165
81.8982572555542,0.6017262984678163,0.06309491728563991,1.4876028005760562,1.4876028005760562,0.9049588797695775
81.99948263168335,0.6010573543918751,0.055520937081730275,1.5344417089877507,1.5344417089877507,0.8862233164048997
82.09764122962952,0.6003904529276076,0.04771219646535086,1.5208851947766635,1.5208851947766635,0.8916459220893346
82.199471950531,0.5994354017959047,0.03208289778682821,1.5312314876556163,1.5312314876556163,0.8875074049377534
82.30195593833923,0.5991814487565258,0.02286971311039425,1.5246119715463415,1.5246119715463415,0.8901552113814634
82.39784622192383,0.5992387772835644,0.01412612738747465,1.5132383334021835,1.5132383334021835,0.8947046666391265
82.49794554710388,0.5995525954297101,0.005926202081676366,1.5025453534784663,1.5025453534784663,0.8989818586086135
82.59947276115417,0.6001900619682129,-0.0032287834125894546,1.4930518500983063,1.4930518500983063,0.9027792599606774
82.69944739341736,0.6024354409705902,-0.02215188882904354,1.477108430232673,1.477108430232673,0.9091566279069309
82.79940390586853,0.6039099184171116,-0.031067669740316384,1.4704405073660356,1.4704405073660356,0.9118237970535857
82.89784240722656,0.6060330945951657,-0.04183756155776275,1.4660195028523368,1.4660195028523368,0.9135921988590653
82.99783062934875,0.6079710090828603,-0.051003390621538185,1.4953511204851744,1.4953511204851744,0.9018595518059302
83.09777617454529,0.611692031780943,-0.06808183141909976,1.531167548638781,1.531167548638781,0.8875329805444876
83.19763135910034,0.6137074881636041,-0.07696472866606374,1.550859385529321,1.550859385529321,0.8796562457882716
83.29762578010559,0.615407434163052,-0.085612425417982,1.6184321482221835,1.6184321482221835,0.8526271407111266
83.39952182769775,0.6183064618446784,-0.10210281512183048,1.6784268472668604,1.6784268472668604,0.8286292610932557
83.49783062934875,0.6206507407376035,-0.11765016024440005,1.7270041107821952,1.7270041107821952,0.8091983556871218
83.5977234840393,0.6206507407376035,-0.11765016024440005,1.7270041107821952,1.7270041107821952,0.8091983556871218
83.69776892662048,0.6232437874560417,-0.1338016826657033,1.736791533120689,1.736791533120689,0.8052833867517244
83.7977876663208,0.6263359553677549,-0.14932803217145463,1.730086207231404,1.730086207231404,0.8079655171074384
83.89786338806152,0.6280727974611954,-0.15677448371321168,1.7303690027646947,1.7303690027646947,0.8078523988941221
83.99760055541992,0.6280727974611954,-0.15677448371321168,1.7303690027646947,1.7303690027646947,0.8078523988941221
84.09761071205139,0.6324159327511775,-0.1730597521923291,1.7283120359511592,1.7283120359511592,0.8086751856195362
84.19779062271118,0.6368704669723813,-0.18801286253071903,1.7442542883467564,1.7442542883467564,0.8022982846612974
84.297523021698,0.6396691369193624,-0.19649264933649976,1.736767656165512,1.736767656165512,0.8052929375337952
84.3976743221283,0.6396691369193624,-0.19649264933649976,1.736767656165512,1.736767656165512,0.8052929375337952
84.49747014045715,0.6442395377262566,-0.21040721322600678,1.787233460487606,1.787233460487606,0.7851066158049576
84.59761095046997,0.6463422632227505,-0.21693378470442853,1.8196016098663272,1.8196016098663272,0.7721593560534691
84.69769430160522,0.6487060248868444,-0.224652519854599,1.8650555438091647,1.8650555438091647,0.7539777824763341
84.7991292476654,0.650373331259778,-0.2312486390951151,1.9338658613026065,1.9338658613026065,0.7264536554789573
84.89747476577759,0.650373331259778,-0.2312486390951151,1.9338658613026065,1.9338658613026065,0.7264536554789573
84.99767923355103,0.6535289750482375,-0.2462019961987095,2.004069744906669,2.004069744906669,0.6983721020373324
85.09944653511047,0.6558657696536887,-0.2615536246622745,2.078789825326144,2.078789825326144,0.6684840698695425
85.19785475730896,0.6570088903264267,-0.2687557806867587,2.0620202765447266,2.0620202765447266,0.6751918893821093
85.29767107963562,0.6570088903264267,-0.2687557806867587,2.0620202765447266,2.0620202765447266,0.6751918893821093
85.3994517326355,0.660356017597263,-0.2845295237575358,2.0230533113637876,2.0230533113637876,0.6907786754544849
85.49778699874878,0.6649938329333753,-0.30052630670145364,1.9835569464580063,1.9835569464580063,0.7065772214167975
85.59767842292786,0.6677639440111498,-0.30843073116923553,1.9636302359932931,1.9636302359932931,0.7145479056026827
85.69819688796997,0.6677639440111498,-0.30843073116923553,1.9636302359932931,1.9636302359932931,0.7145479056026827
85.7993004322052,0.6740570650175562,-0.32368398885587113,1.9251799912819914,1.9251799912819914,0.7299280034872034
85.89761877059937,0.6777944285683004,-0.33148957990452455,1.90474162952485,1.90474162952485,0.73810334819006
85.99761939048767,0.6818995859762369,-0.3392985278928234,1.8903888210540865,1.8903888210540865,0.7438444715783654
86.09772801399231,0.684533308962965,-0.3441201699787551,1.8892079832037219,1.8892079832037219,0.7443168067185112
86.19751954078674,0.685735310873699,-0.3462719582472714,1.9041781496339296,1.9041781496339296,0.7383287401464281
86.29770946502686,0.688820047351077,-0.3517762664149125,1.9106000336423619,1.9106000336423619,0.7357599865430552
86.39898371696472,0.691480089854516,-0.35726969191738495,1.968212832275679,1.968212832275679,0.7127148670897284
86.4978997707367,0.6951116633233003,-0.36469721016685264,1.9941524124284973,1.9941524124284973,0.7023390350286011
86.5976071357727,0.6951116633233003,-0.36469721016685264,1.9941524124284973,1.9941524124284973,0.7023390350286011
86.69767546653748,0.6945280196501213,-0.3634391110986788,2.025726452146026,2.025726452146026,0.6897094191415896
86.79783034324646,0.7021336980840952,-0.3786703099311909,1.9641870643532107,1.9641870643532107,0.7143251742587157
86.89767479896545,0.707923937952263,-0.38831292662661526,1.926621701044024,1.926621701044024,0.7293513195823903
86.99776983261108,0.707923937952263,-0.38831292662661526,1.926621701044024,1.926621701044024,0.7293513195823903
87.09772896766663,0.7110812800275779,-0.39310677479978345,1.912223300797009,1.912223300797009,0.7351106796811964
87.20359587669373,0.717935207522452,-0.4027957855997468,1.9053569474262297,1.9053569474262297,0.737857221029508
87.29941248893738,0.725937335320619,-0.41417140881865605,1.9063828173184858,1.9063828173184858,0.7374468730726056
87.39778590202332,0.7317003527607266,-0.4212906431085218,1.8646050791732485,1.8646050791732485,0.7541579683307006
87.49796557426453,0.7317003527607266,-0.4212906431085218,1.8646050791732485,1.8646050791732485,0.7541579683307006
87.59779453277588,0.7335793000887482,-0.42344546103929087,1.872129818964102,1.872129818964102,0.7511480724143591
87.6976203918457,0.7357206215770685,-0.4259381127968998,1.8851240732725207,1.8851240732725207,0.7459503706909917
87.8004674911499,0.734268873933155,-0.42414664025676413,1.9160157007383907,1.9160157007383907,0.7335937197046437
87.89772701263428,0.7343802703085842,-0.42428789784115245,1.914645190854558,1.914645190854558,0.7341419236581768
87.99754619598389,0.7343802703085842,-0.42428789784115245,1.914645190854558,1.914645190854558,0.7341419236581768
88.09763503074646,0.7407529864653841,-0.4317986162792898,1.8618054400921116,1.8618054400921116,0.7552778239631553
88.1976466178894,0.7407529864653841,-0.4317986162792898,1.8618054400921116,1.8618054400921116,0.7552778239631553
88.29951572418213,0.7444483768000195,-0.4357768223575641,1.860951813600935,1.860951813600935,0.755619274559626
88.39771008491516,0.7485164546335963,-0.43985884122505153,1.8147635880201327,1.8147635880201327,0.7740945647919468
88.5005054473877,0.7485164546335963,-0.43985884122505153,1.8147635880201327,1.8147635880201327,0.7740945647919468
88.59877467155457,0.7556854088071818,-0.44623275445036986,1.7611120454484142,1.7611120454484142,0.7955551818206343
88.69756245613098,0.7556854088071818,-0.44623275445036986,1.7611120454484142,1.7611120454484142,0.7955551818206343
88.79801964759827,0.7599746741225407,-0.44965346014552227,1.7404059757140162,1.7404059757140162,0.8038376097143934
88.89939975738525,0.7605996754487832,-0.4501427513864986,1.744329627772435,1.744329627772435,0.8022681488910259
88.99775671958923,0.7605996754487832,-0.4501427513864986,1.744329627772435,1.744329627772435,0.8022681488910259
89.0978639125824,0.7660221082254864,-0.45407226195895956,1.6920106647937243,1.6920106647937243,0.8231957340825102
89.19763803482056,0.7660221082254864,-0.45407226195895956,1.6920106647937243,1.6920106647937243,0.8231957340825102
89.30125451087952,0.7694028412310937,-0.456296634094408,1.6724375625049106,1.6724375625049106,0.8310249749980357
89.39761996269226,0.7728286361472833,-0.4585059829540671,1.6669061524710242,1.6669061524710242,0.8332375390115903
89.49799633026123,0.7728286361472833,-0.4585059829540671,1.6669061524710242,1.6669061524710242,0.8332375390115903
89.59768867492676,0.7801404632508109,-0.46267199476429444,1.6071823548655457,1.6071823548655457,0.8571270580537816
89.69763827323914,0.7801404632508109,-0.46267199476429444,1.6071823548655457,1.6071823548655457,0.8571270580537816
89.8031542301178,0.7835001098352307,-0.46435488211823095,1.5868787866360161,1.5868787866360161,0.8652484853455935
89.8978374004364,0.7875606921851581,-0.46614877727667187,1.525090481028962,1.525090481028962,0.8899638075884151
89.99769067764282,0.7875606921851581,-0.46614877727667187,1.525090481028962,1.525090481028962,0.8899638075884151
90.09771656990051,0.793998642761522,-0.46844055049928124,1.4604910029319353,1.4604910029319353,0.9158035988272258
90.19779062271118,0.7977049250099124,-0.4695232895111694,1.4304458599660168,1.4304458599660168,0.9278216560135932
90.29779124259949,0.8058252590704273,-0.4714143548536429,1.3748738592781102,1.3748738592781102,0.9500504562887558
90.39769959449768,0.8058252590704273,-0.4714143548536429,1.3748738592781102,1.3748738592781102,0.9500504562887558
90.49764323234558,0.8058252590704273,-0.4714143548536429,1.3748738592781102,1.3748738592781102,0.9500504562887558
90.59964060783386,0.808732931871259,-0.47180701707340345,1.307265679871734,1.307265679871734,0.9770937280513065
90.69843482971191,0.8127794665433616,-0.47222266587380574,1.2771098039577042,1.2771098039577042,0.9891560784169183
90.7977728843689,0.8170877391685829,-0.4725004177914524,1.2492073540586521,1.2492073540586521,1.000317058376539
90.89960360527039,0.8199603688520234,-0.4726123247475974,1.228062653358607,1.228062653358607,1.0087749386565572
90.99840784072876,0.8199603688520234,-0.4726123247475974,1.228062653358607,1.228062653358607,1.0087749386565572
91.09996175765991,0.8283018353594985,-0.4722366778991807,1.1305121164631182,1.1305121164631182,1.0477951534147527
91.20302486419678,0.8331594532043357,-0.4716975915469792,1.1071451056983088,1.1071451056983088,1.0571419577206764
91.29772686958313,0.84355383194127,-0.4701325761794315,1.0771911217023455,1.0771911217023455,1.0691235513190618
91.39778971672058,0.84355383194127,-0.4701325761794315,1.0771911217023455,1.0771911217023455,1.0691235513190618
91.49764370918274,0.8502195952425965,-0.46889453977403794,1.0671408421236386,1.0671408421236386,1.0731436631505447
91.59753918647766,0.8567268879998171,-0.46756805993228345,1.060101596094578,1.060101596094578,1.0759593615621688
91.70002341270447,0.8606740709959225,-0.46670233259747906,1.0572095062666353,1.0572095062666353,1.0771161974933459
91.79960942268372,0.869277848021978,-0.46435108731831937,1.011791881325755,1.011791881325755,1.095283247469698
91.89776539802551,0.869277848021978,-0.46435108731831937,1.011791881325755,1.011791881325755,1.095283247469698
91.99766659736633,0.8747526056236359,-0.4626961714714113,1.0069630321515273,1.0069630321515273,1.0972147871393891
92.09769296646118,0.8819269080245122,-0.46040207941267547,1.0007361239150132,1.0007361239150132,1.0997055504339948
92.1986916065216,0.8881397379449523,-0.45831939569687846,0.9946168951080788,0.9946168951080788,1.1021532419567683
92.2988691329956,0.8990848202733076,-0.4542445565083472,0.9798298449716104,0.9798298449716104,1.1080680620113559
92.39770364761353,0.8990848202733076,-0.4542445565083472,0.9798298449716104,0.9798298449716104,1.1080680620113559
92.49950957298279,0.9058242990670151,-0.45154267161678646,0.9756248061583224,0.9756248061583224,1.109750077536671
92.59770488739014,0.9058242990670151,-0.45154267161678646,0.9756248061583224,0.9756248061583224,1.109750077536671
92.6977391242981,0.9142929799311825,-0.4479778966726283,0.977807883533227,0.977807883533227,1.1088768465867092
92.7977283000946,0.927461440846878,-0.4419578601902438,0.9625551893882925,0.9625551893882925,1.114977924244683
92.89766144752502,0.927461440846878,-0.4419578601902438,0.9625551893882925,0.9625551893882925,1.114977924244683
92.99765706062317,0.934633132253329,-0.43847029577748,0.9635290831015273,0.9635290831015273,1.114588366759389
93.09763479232788,0.9421812963871797,-0.43468429455393,0.9692417037710641,0.9692417037710641,1.1123033184915743
93.1977219581604,0.9488858519046981,-0.4312862408929247,0.9797356806257977,0.9797356806257977,1.1081057277496809
93.29947924613953,0.9569343490386666,-0.427122551298138,0.9819399954949348,0.9819399954949348,1.107224001802026
93.39779233932495,0.9569343490386666,-0.427122551298138,0.9819399954949348,0.9819399954949348,1.107224001802026
93.4977765083313,0.9636964169010621,-0.4234563077119975,0.9803742889549278,0.9803742889549278,1.107850284418029
93.59759616851807,0.970258260851981,-0.4197727301205934,0.982942753176741,0.982942753176741,1.1068228987293036
93.69767427444458,0.9758391269402017,-0.41658247140131965,0.9883969398152775,0.9883969398152775,1.104641224073889
93.79791593551636,0.9871866335735182,-0.4097822427083632,0.9845295028439272,0.9845295028439272,1.1061881988624291
93.89772391319275,0.9939887330257658,-0.4054890647659104,0.985665699760456,0.985665699760456,1.1057337200958175
93.99786806106567,0.9939887330257658,-0.4054890647659104,0.985665699760456,0.985665699760456,1.1057337200958175
94.09781289100647,1.0084459078476813,-0.39595121308597686,0.9974736084841073,0.9974736084841073,1.101010556606357
94.19773149490356,1.0084459078476813,-0.39595121308597686,0.9974736084841073,0.9974736084841073,1.101010556606357
94.2994453907013,1.018671922880377,-0.3890471920287605,1.0322035913604255,1.0322035913604255,1.0871185634558298
94.3977723121643,1.02403044320614,-0.38538503031761157,1.0254780043432268,1.0254780043432268,1.0898087982627094
94.49774074554443,1.02403044320614,-0.38538503031761157,1.0254780043432268,1.0254780043432268,1.0898087982627094
94.59774279594421,1.037314873145771,-0.37584685736963747,1.0341930165974096,1.0341930165974096,1.0863227933610362
94.69767904281616,1.0442658040018558,-0.3706529243248765,1.0425152034200433,1.0425152034200433,1.0829939186319826
94.79795789718628,1.0514075431836927,-0.365200402230588,1.053364264775003,1.053364264775003,1.0786542940899988
94.89771270751953,1.0514075431836927,-0.365200402230588,1.053364264775003,1.053364264775003,1.0786542940899988
94.9977080821991,1.0531425212714396,-0.363866217521721,1.070094309450686,1.070094309450686,1.0719622762197256
95.10094451904297,1.0632820748515488,-0.3558393727385097,1.0512308587689156,1.0512308587689156,1.0795076564924337
95.19760656356812,1.0688439961534977,-0.3511208971713175,1.0534985414212028,1.0534985414212028,1.0786005834315189
95.29822063446045,1.0755304840765163,-0.34525779736893486,1.0574924803173396,1.0574924803173396,1.0770030078730641
95.39763164520264,1.0755304840765163,-0.34525779736893486,1.0574924803173396,1.0574924803173396,1.0770030078730641
95.4975996017456,1.079751910470507,-0.341477821771053,1.061482004434463,1.061482004434463,1.0754071982262148
95.59774827957153,1.0918725027964054,-0.329667666675424,1.037826610400257,1.037826610400257,1.0848693558398972
95.6976466178894,1.0970511401768934,-0.32405426078337857,1.016116896603203,1.016116896603203,1.0935532413587188
95.79760360717773,1.1026639226900736,-0.3176244828313185,1.02393495767403,1.02393495767403,1.090426016930388
95.89794087409973,1.1083665484467122,-0.31091766841934354,1.0340797164764968,1.0340797164764968,1.0863681134094012
95.99785041809082,1.119559212590621,-0.2972916319363768,1.0607584448279133,1.0607584448279133,1.0756966220688347
96.09780693054199,1.1259545036431982,-0.2892487209130302,1.0757837571865148,1.0757837571865148,1.069686497125394
96.19773817062378,1.1319615285060658,-0.2815562129401294,1.0977528465681892,1.0977528465681892,1.0608988613727244
96.29769158363342,1.1375440175918812,-0.2743002967451002,1.1167005782859805,1.1167005782859805,1.0533197686856077
96.39948391914368,1.1502718434506285,-0.2572563138291631,1.1605124945702454,1.1605124945702454,1.0357950021719018
96.49982452392578,1.15743504148886,-0.24729915806762878,1.1820488340307684,1.1820488340307684,1.0271804663876927
96.59774351119995,1.1630661063658216,-0.2392664716233175,1.2052697308785056,1.2052697308785056,1.0178921076485978
96.69966554641724,1.1630661063658216,-0.2392664716233175,1.2052697308785056,1.2052697308785056,1.0178921076485978
96.79774689674377,1.1679443141789734,-0.23208035358445905,1.2139440431363862,1.2139440431363862,1.0144223827454455
96.89766788482666,1.177023615359506,-0.21763261224881775,1.2214804710293328,1.2214804710293328,1.011407811588267
96.9977388381958,1.1810889989964206,-0.2107393426620379,1.2363319793716008,1.2363319793716008,1.0054672082513596
97.09783124923706,1.1855429359995502,-0.20293338874669764,1.251512666570707,1.251512666570707,0.9993949333717171
97.19777250289917,1.1855429359995502,-0.20293338874669764,1.251512666570707,1.251512666570707,0.9993949333717171
97.29754137992859,1.1896639836793355,-0.19527239606737154,1.2440798506368467,1.2440798506368467,1.0023680597452613
97.39768242835999,1.1973724401576427,-0.17944947765761254,1.255167130575619,1.255167130575619,0.9979331477697524
97.49937844276428,1.2006114984800156,-0.17188465926287047,1.2529142438179612,1.2529142438179612,0.9988343024728155
97.59775304794312,1.2040505580365044,-0.16328018464133737,1.2659699623495124,1.2659699623495124,0.993612015060195
97.69779467582703,1.2074060301859657,-0.15434443050525382,1.279388958190182,1.279388958190182,0.9882444167239272
97.7978515625,1.2106860110797713,-0.1450822186639098,1.2972781257038986,1.2972781257038986,0.9810887497184405
97.89772200584412,1.2138415155159705,-0.13548158380039046,1.3116665995443584,1.3116665995443584,0.9753333601822566
97.99768161773682,1.2165726655950024,-0.126578889565818,1.3267048641041386,1.3267048641041386,0.9693180543583445
98.0976927280426,1.21926112453275,-0.11649997685115308,1.3189070188668763,1.3189070188668763,0.9724371924532494
98.19775748252869,1.2212662540755497,-0.10767586912413249,1.328355636386625,1.328355636386625,0.96865774544535
98.29743981361389,1.2232930388205885,-0.09778665501763484,1.3485850307536211,1.3485850307536211,0.9605659876985515
98.39939498901367,1.2232930388205885,-0.09778665501763484,1.3485850307536211,1.3485850307536211,0.9605659876985515
98.49946403503418,1.2264978630842058,-0.07774706940880971,1.3587283041899798,1.3587283041899798,0.9565086783240081
98.59769034385681,1.2274775301261898,-0.06833996711766684,1.3673469260396993,1.3673469260396993,0.9530612295841202
98.69777321815491,1.2282915075956737,-0.05701342839878363,1.3812984553884515,1.3812984553884515,0.9474806178446193
98.80353283882141,1.2286758825216193,-0.047158610099459146,1.3910514332687938,1.3910514332687938,0.9435794266924825
98.89766907691956,1.2284586027518947,-0.025088140226435234,1.418485459496704,1.418485459496704,0.9326058162013183
98.99767851829529,1.2278507101976346,-0.01479227142359344,1.430283403228117,1.430283403228117,0.9278866387087531
99.0977373123169,1.2278507101976346,-0.01479227142359344,1.430283403228117,1.430283403228117,0.9278866387087531
99.19764256477356,1.226895771340874,-0.003816839847309504,1.448927421036968,1.448927421036968,0.9204290315852127
99.29783368110657,1.2255712851473768,0.007004725872679625,1.4691666169639748,1.4691666169639748,0.9123333532144101
99.39771819114685,1.2218919919468751,0.028539541512454095,1.4895128099393828,1.4895128099393828,0.9041948760242469
99.4997181892395,1.219672603372723,0.038129523465377874,1.496242348697279,1.496242348697279,0.9015030605210884
99.59762454032898,1.2165637247961614,0.049498528494800485,1.5093603892589578,1.5093603892589578,0.8962558442964168
99.69778847694397,1.2136834884567413,0.05878064732304182,1.5217712419168674,1.5217712419168674,0.891291503233253
99.79768013954163,1.2063401194462147,0.07880728566033945,1.5500060828103488,1.5500060828103488,0.8799975668758604
99.89767408370972,1.2022407377316688,0.08847000486869068,1.566510188868514,1.566510188868514,0.8733959244525944
99.99758768081665,1.1982630355161408,0.09711786814365377,1.5807635802858047,1.5807635802858047,0.8676945678856781
100.09782314300537,1.1936370700673582,0.10644349593023522,1.597711304948769,1.597711304948769,0.8609154780204924
100.1977117061615,1.1831802895083074,0.1253226061943742,1.6351701416082867,1.6351701416082867,0.8459319433566853
100.2977864742279,1.1782683349765672,0.1333669463890284,1.652183733821204,1.652183733821204,0.8391265064715183
100.39771819114685,1.1782683349765672,0.1333669463890284,1.652183733821204,1.652183733821204,0.8391265064715183
100.49760317802429,1.1670887643438868,0.15039852469850695,1.7014383206128951,1.7014383206128951,0.8194246717548419
100.59755730628967,1.1613562437310643,0.15868152620246487,1.7387361389841127,1.7387361389841127,0.8045055444063549
100.69778108596802,1.1556483034385485,0.16675686787289343,1.7648607638641185,1.7648607638641185,0.7940556944543525
100.81530261039734,1.1501407023726737,0.17423960779514014,1.7870471708650408,1.7870471708650408,0.7851811316539836
100.89769124984741,1.1501407023726737,0.17423960779514014,1.7870471708650408,1.7870471708650408,0.7851811316539836
100.99949312210083,1.138226721138737,0.1893244239834146,1.8172989565356483,1.8172989565356483,0.7730804173857406
101.0994656085968,1.125799911140631,0.2035551848731595,1.8446637616393498,1.8446637616393498,0.76213449534426
101.19766736030579,1.1199781522092265,0.20976138274585468,1.8575302033770191,1.8575302033770191,0.7569879186491923
101.2977945804596,1.1199781522092265,0.20976138274585468,1.8575302033770191,1.8575302033770191,0.7569879186491923
101.39769005775452,1.1064744842238123,0.22309650079069732,1.8777501054127657,1.8777501054127657,0.7488999578348937
101.49760365486145,1.0998152896956963,0.2291729083371679,1.8869200042322307,1.8869200042322307,0.7452319983071076
101.59771251678467,1.0930733559728116,0.23504020609247792,1.9095585383623546,1.9095585383623546,0.7361765846550581
101.69928550720215,1.0863854117778844,0.24077089783890532,1.9273416595107442,1.9273416595107442,0.7290633361957023
101.79786467552185,1.0863854117778844,0.24077089783890532,1.9273416595107442,1.9273416595107442,0.7290633361957023
101.89774489402771,1.0728526106607672,0.25172065178021646,1.949584078465245,1.949584078465245,0.7201663686139019
101.99765515327454,1.0597314977406593,0.2613657717669005,1.951931470597603,1.951931470597603,0.7192274117609587
102.09811305999756,1.0526766007777062,0.2660976143099484,1.950758332018472,1.950758332018472,0.7196966671926112
102.19780087471008,1.0526766007777062,0.2660976143099484,1.950758332018472,1.950758332018472,0.7196966671926112
102.29771327972412,1.0461059366111012,0.27028616917936094,1.9603137818825689,1.9603137818825689,0.7158744872469724
102.39762258529663,1.0382267435600692,0.27517609794741854,1.9807370405458171,1.9807370405458171,0.7077051837816731
102.49766254425049,1.0241537042324516,0.28322979260261194,1.9728157642376563,1.9728157642376563,0.7108736943049374
102.59782028198242,1.0241537042324516,0.28322979260261194,1.9728157642376563,1.9728157642376563,0.7108736943049374
102.6976261138916,1.016550166512965,0.28721444253453204,1.9872964022221782,1.9872964022221782,0.7050814391111286
102.79761052131653,1.016550166512965,0.28721444253453204,1.9872964022221782,1.9872964022221782,0.7050814391111286
102.8976845741272,1.0017735428693626,0.29414801483013137,1.967381977882891,1.967381977882891,0.7130472088468436
102.99769687652588,1.0017735428693626,0.29414801483013137,1.967381977882891,1.967381977882891,0.7130472088468436
103.09905409812927,0.9865733167712851,0.30020954027649327,1.9759746439842447,1.9759746439842447,0.709610142406302
103.19757986068726,0.9787215392618707,0.30301656930829013,1.964573098492701,1.964573098492701,0.7141707606029195
103.29760456085205,0.9787215392618707,0.30301656930829013,1.964573098492701,1.964573098492701,0.7141707606029195
103.39778900146484,0.9620939490636643,0.30783924515449396,1.9350373934473561,1.9350373934473561,0.7259850426210575
103.50023078918457,0.9455280732142148,0.311205332855504,1.9042781516789538,1.9042781516789538,0.7382887393284184
103.59743809700012,0.9378100858587991,0.31230869754743246,1.8956607184073138,1.8956607184073138,0.7417357126370745
103.69767642021179,0.9378100858587991,0.31230869754743246,1.8956607184073138,1.8956607184073138,0.7417357126370745
103.79773569107056,0.9314145271250333,0.31310391974469576,1.8937378388638415,1.8937378388638415,0.7425048644544634
103.8979697227478,0.9250652766532123,0.3136945576008324,1.8874103288993755,1.8874103288993755,0.7450358684402497
103.99777436256409,0.9194130371557916,0.3141094502100146,1.8845454928384797,1.8845454928384797,0.7461818028646081
104.0992341041565,0.9066770540329192,0.314617537892425,1.8681832766574582,1.8681832766574582,0.7527266893370167
104.19762134552002,0.9066770540329192,0.314617537892425,1.8681832766574582,1.8681832766574582,0.7527266893370167
104.29948735237122,0.8936778194043635,0.31427206239060196,1.834017860963204,1.834017860963204,0.7663928556147184
104.39931011199951,0.8865758121854725,0.31372215235425205,1.8322038433429493,1.8322038433429493,0.7671184626628202
104.49761581420898,0.8716875546995294,0.3122819232238445,1.8465417678910987,1.8465417678910987,0.7613832928435604
104.59762287139893,0.8716875546995294,0.3122819232238445,1.8465417678910987,1.8465417678910987,0.7613832928435604
104.69794416427612,0.8641289066214454,0.31120323161528773,1.8066914917795287,1.8066914917795287,0.7773234032881885
104.7993860244751,0.8591019315458145,0.3102196898863647,1.785526766314997,1.785526766314997,0.7857892934740012
104.89765977859497,0.8490243754362843,0.30751566769707533,1.72517678981404,1.72517678981404,0.8099292840743839
104.99774956703186,0.8490243754362843,0.30751566769707533,1.72517678981404,1.72517678981404,0.8099292840743839
105.09942698478699,0.8376417944574153,0.30349984701626503,1.687731005167244,1.687731005167244,0.8249075979331023
105.1982831954956,0.8321744312911808,0.30125162234307495,1.673458220043923,1.673458220043923,0.8306167119824308
105.29766392707825,0.8195722249075665,0.29535598953241293,1.651413914801198,1.651413914801198,0.8394344340795208
105.39761972427368,0.8195722249075665,0.29535598953241293,1.651413914801198,1.651413914801198,0.8394344340795208
105.49779677391052,0.8178856757360908,0.29450691064630685,1.6547440259903405,1.6547440259903405,0.8381023896038637
105.59784269332886,0.8150466618204038,0.29305968895271867,1.6595524071127947,1.6595524071127947,0.8361790371548821
105.69780468940735,0.8127036700631238,0.2918342720038828,1.6554049080362865,1.6554049080362865,0.8378380367854854
105.797691822052,0.8077311258255871,0.2888527109102447,1.5891354784258402,1.5891354784258402,0.8643458086296638
105.89764666557312,0.8077311258255871,0.2888527109102447,1.5891354784258402,1.5891354784258402,0.8643458086296638
106.0064811706543,0.8017296220314237,0.2847063736039526,1.544227132804536,1.544227132804536,0.8823091468781855
106.09770941734314,0.7982483489066348,0.2820593227806602,1.527183616633152,1.527183616633152,0.8891265533467392
106.1974413394928,0.7911437265818075,0.27618569921113856,1.5044929706894759,1.5044929706894759,0.8982028117242096
106.29773664474487,0.7911437265818075,0.27618569921113856,1.5044929706894759,1.5044929706894759,0.8982028117242096
106.39771509170532,0.788959937653731,0.27426025523094455,1.4949525880334695,1.4949525880334695,0.9020189647866121
106.49772596359253,0.785841389808623,0.27140283437958473,1.4921238381475248,1.4921238381475248,0.90315046474099
106.59932351112366,0.7835739078630073,0.26929163949490253,1.4985564019665256,1.4985564019665256,0.9005774392133897
106.69776368141174,0.7794453108751958,0.2651984062736169,1.4626483267080326,1.4626483267080326,0.914940669316787
106.79759073257446,0.7794453108751958,0.2651984062736169,1.4626483267080326,1.4626483267080326,0.914940669316787
106.90356087684631,0.7751961738227963,0.2606008225243585,1.4346427985054069,1.4346427985054069,0.9261428805978372
106.9978539943695,0.7669220965920538,0.2505082019468281,1.406021757372812,1.406021757372812,0.9375912970508752
107.09750437736511,0.760771917007895,0.24229526098947657,1.4086013780919553,1.4086013780919553,0.9365594487632178
107.20019245147705,0.760771917007895,0.24229526098947657,1.4086013780919553,1.4086013780919553,0.9365594487632178
107.29760360717773,0.7583656565284922,0.2389672070179094,1.4082711123912328,1.4082711123912328,0.9366915550435069
107.39769744873047,0.755785489650379,0.2352846912830709,1.4105370210245398,1.4105370210245398,0.935785191590184
107.50105357170105,0.753023281175187,0.23128192029566205,1.4261901713552183,1.4261901713552183,0.9295239314579127
107.59778690338135,0.7495304677859014,0.22606196337432233,1.4081314859406295,1.4081314859406295,0.9367474056237481
107.69770550727844,0.6971939971287447,0.09862801562897097,1.5330722030726394,1.5330722030726394,0.8867711187709442
107.797696352005,0.6921303407254941,0.07970506902882071,1.5588360881168688,1.5588360881168688,0.8764655647532524
107.90244507789612,0.690003435027956,0.07076514675861645,1.5728996201167578,1.5728996201167578,0.8708401519532969
107.99768376350403,0.690003435027956,0.07076514675861645,1.5728996201167578,1.5728996201167578,0.8708401519532969
108.10246062278748,0.6859166083910992,0.050883170376695985,1.5902302091174563,1.5902302091174563,0.8639079163530174
108.19772958755493,0.6842177548583228,0.04092128715990058,1.5998887465424105,1.5998887465424105,0.8600445013830358
108.29771661758423,0.6827447630972282,0.03091648685924153,1.6081514930776488,1.6081514930776488,0.8567394027689405
108.39862775802612,0.6827447630972282,0.03091648685924153,1.6081514930776488,1.6081514930776488,0.8567394027689405
108.49770998954773,0.6811016643334106,0.018336419835293036,1.6221624197041888,1.6221624197041888,0.8511350321183244
108.59771037101746,0.6804290400030211,0.011815543840282485,1.6383166995521907,1.6383166995521907,0.8446733201791237
108.70240640640259,0.6797873672618333,0.004712291732031049,1.6292215241691317,1.6292215241691317,0.8483113903323473
108.80639743804932,0.6793903456232971,-0.003288359011859009,1.611866691667127,1.611866691667127,0.8552533233331492
108.89808082580566,0.6792893395710773,-0.010417820631388033,1.601066417481219,1.601066417481219,0.8595734330075123
108.9977798461914,0.6799134278067749,-0.02662561795926918,1.57902488681706,1.57902488681706,0.868390045273176
109.09793901443481,0.6806350741391552,-0.03441603445322443,1.5672381391604004,1.5672381391604004,0.8731047443358397
109.19864320755005,0.6818149767401998,-0.04346771050824731,1.5590535563534633,1.5590535563534633,0.8763785774586146
109.29776525497437,0.6818149767401998,-0.04346771050824731,1.5590535563534633,1.5590535563534633,0.8763785774586146
109.39765691757202,0.6827994179521196,-0.049649441498851206,1.5527696882554805,1.5527696882554805,0.8788921246978078
109.4983594417572,0.6861400898896287,-0.06522824089604115,1.5316642129926403,1.5316642129926403,0.8873343148029438
109.60034847259521,0.6882295822560923,-0.07348068979131549,1.5451491223701823,1.5451491223701823,0.881940351051927
109.70244097709656,0.6906418866466202,-0.08186500781159685,1.527594119136071,1.527594119136071,0.8889623523455716
109.79770588874817,0.6934506722218694,-0.0903473899168695,1.5200638775885902,1.5200638775885902,0.8919744489645639
109.90246248245239,0.6999342514901168,-0.10681213138830856,1.5016433905424658,1.5016433905424658,0.8993426437830137
109.99767732620239,0.7042511812412066,-0.11624251714592557,1.4981572290270637,1.4981572290270637,0.9007371083891745
110.0976881980896,0.7082530665984276,-0.12423738379764936,1.4933096124803549,1.4933096124803549,0.902676155007858
110.19770789146423,0.7130141001216524,-0.1330192119820485,1.4910635844979803,1.4910635844979803,0.9035745662008079
110.29789710044861,0.7224334816795828,-0.14865590992712555,1.4887059739359867,1.4887059739359867,0.9045176104256053
110.39770674705505,0.7283786304578885,-0.15752545112357036,1.4891831848636192,1.4891831848636192,0.9043267260545523
110.4990508556366,0.7341571218695283,-0.1655801286180831,1.4924076685509107,1.4924076685509107,0.9030369325796357
110.59772944450378,0.7396419000205942,-0.17279421430872396,1.4928446293863695,1.4928446293863695,0.9028621482454522
110.69781613349915,0.752810702222325,-0.18864289505122236,1.5009395818254996,1.5009395818254996,0.8996241672698001
110.79754400253296,0.7599356021203881,-0.19651828401128577,1.510229890420025,1.510229890420025,0.89590804383199
110.89770460128784,0.7599356021203881,-0.19651828401128577,1.510229890420025,1.510229890420025,0.89590804383199
111.00423741340637,0.7651907566701036,-0.20213690080417793,1.5222817367532355,1.5222817367532355,0.8910873052987057
111.09842109680176,0.768906351099582,-0.20601629577264555,1.5243545781835484,1.5243545781835484,0.8902581687265806
111.19793629646301,0.7732328751618571,-0.21032747388300577,1.5197261603620333,1.5197261603620333,0.8921095358551866
111.29770421981812,0.7827666244829187,-0.2191770188221506,1.5155506260344755,1.5155506260344755,0.8937797495862098
111.39811420440674,0.7875371614283685,-0.22334152429186774,1.5216630373663018,1.5216630373663018,0.8913347850534792
111.4974958896637,0.7934174309154007,-0.22828735790136373,1.5252698935011388,1.5252698935011388,0.8898920425995445
111.59770178794861,0.7986664089369374,-0.23256905364314792,1.5325974851647244,1.5325974851647244,0.8869610059341102
111.69778084754944,0.8108260882390069,-0.24197884154088156,1.548304202714344,1.548304202714344,0.8806783189142623
111.7978127002716,0.8167558190472662,-0.24632368638308896,1.555543184582657,1.555543184582657,0.8777827261669371
111.89768576622009,0.8167558190472662,-0.24632368638308896,1.555543184582657,1.555543184582657,0.8777827261669371
111.99768924713135,0.8252625016759096,-0.25234739242606297,1.5915561093660924,1.5915561093660924,0.863377556253563
112.09770846366882,0.8291460926764942,-0.25511119273509,1.5958545263663289,1.5958545263663289,0.8616581894534684
112.19774580001831,0.8337458115220465,-0.2584118946030309,1.6430444860551734,1.6430444860551734,0.8427822055779306
112.29774355888367,0.8349218637414173,-0.259280363644472,1.636466061522855,1.636466061522855,0.8454135753908579
112.3976559638977,0.8359101597733751,-0.2599984996377245,1.632480161280153,1.632480161280153,0.8470079354879387
112.49787306785583,0.8421062520562659,-0.26445441012696286,1.6290623430276403,1.6290623430276403,0.8483750627889438
112.59769940376282,0.8516622580501744,-0.27039748746577846,1.58929906147563,1.58929906147563,0.864280375409748
112.69986391067505,0.8581807116770407,-0.2739516959536013,1.5720720994668553,1.5720720994668553,0.8711711602132578
112.7978343963623,0.8663553674011438,-0.2779529477766949,1.5543912285527544,1.5543912285527544,0.8782435085788982
112.89776420593262,0.871521115222414,-0.2802573523435162,1.5470572470294788,1.5470572470294788,0.8811771011882085
112.99746751785278,0.8840359267759207,-0.2851869825695348,1.5393351288131047,1.5393351288131047,0.884265948474758
113.09755182266235,0.8891439346438842,-0.287077394095903,1.5549971850911386,1.5549971850911386,0.8780011259635445
113.19768905639648,0.8891439346438842,-0.287077394095903,1.5549971850911386,1.5549971850911386,0.8780011259635445
113.29766964912415,0.8895454603822948,-0.28722517902057143,1.5455121147376452,1.5455121147376452,0.8817951541049419
113.40121793746948,0.8905891429189665,-0.2875891442294158,1.5287978007677703,1.5287978007677703,0.8884808796928918
113.49778151512146,0.8954033009444361,-0.2889028831837538,1.4573100074129668,1.4573100074129668,0.9170759970348132
113.59782934188843,0.8986457987106489,-0.2895887525192168,1.4197110093437484,1.4197110093437484,0.9321155962625006
113.6978018283844,0.8986457987106489,-0.2895887525192168,1.4197110093437484,1.4197110093437484,0.9321155962625006
113.80089783668518,0.9053789910352545,-0.29053485218182873,1.3530027404025757,1.3530027404025757,0.9587989038389697
113.89778733253479,0.9130972302229066,-0.29103061578695305,1.311999524607059,1.311999524607059,0.9752001901571764
113.99975442886353,0.9180893069599494,-0.29110641968247086,1.296256254120529,1.296256254120529,0.9814974983517885
114.09776735305786,0.9180893069599494,-0.29110641968247086,1.296256254120529,1.296256254120529,0.9814974983517885
114.19794011116028,0.9276534764756472,-0.2908334069736578,1.2730975864678369,1.2730975864678369,0.9907609654128652
114.29780316352844,0.9331776276907848,-0.29046539111445596,1.2659706766283945,1.2659706766283945,0.9936117293486422
114.3978021144867,0.9387855513078734,-0.2899713662702766,1.2626355213680867,1.2626355213680867,0.9949457914527653
114.49800944328308,0.9422281180038143,-0.28953556560562377,1.2289619969664183,1.2289619969664183,1.0084152012134326
114.5977554321289,0.9422281180038143,-0.28953556560562377,1.2289619969664183,1.2289619969664183,1.0084152012134326
114.70098543167114,0.9524499072282367,-0.28768066639101497,1.190275852026967,1.190275852026967,1.0238896591892133
114.79785704612732,0.9636470122704548,-0.28494211618793946,1.1849494664422355,1.1849494664422355,1.0260202134231058
114.89793086051941,0.9699520035546618,-0.28320658178938724,1.1864721720779192,1.1864721720779192,1.0254111311688323
114.99770927429199,0.9699520035546618,-0.28320658178938724,1.1864721720779192,1.1864721720779192,1.0254111311688323
115.09790229797363,0.9831657595846689,-0.2792358699362794,1.2040072871365428,1.2040072871365428,1.018397085145383
115.19764113426208,0.989967023815425,-0.2770573220134273,1.2195305892888784,1.2195305892888784,1.0121877642844486
115.29773306846619,0.9945086480382401,-0.2755918821617263,1.2469270925167488,1.2469270925167488,1.0012291629933006
115.39796328544617,0.9963681790187455,-0.27501428385250326,1.2610109777794802,1.2610109777794802,0.9955956088882079
115.4975197315216,1.0010983377847618,-0.27350010741615605,1.254913452197183,1.254913452197183,0.9980346191211268
115.59792566299438,1.0048898634794596,-0.27222242160281224,1.254700576208507,1.254700576208507,0.9981197695165972
115.69779777526855,1.015758479492378,-0.26807993664801055,1.2434835261808266,1.2434835261808266,1.0026065895276695
115.79791450500488,1.0217395050011078,-0.26557581712528916,1.2462288221770041,1.2462288221770041,1.0015084711291984
115.89785385131836,1.0217395050011078,-0.26557581712528916,1.2462288221770041,1.2462288221770041,1.0015084711291984
116.00697422027588,1.0343080525609882,-0.25987877695912026,1.2582023693645583,1.2582023693645583,0.9967190522541767
116.09801697731018,1.047088086517301,-0.2535456587931727,1.2787375015976628,1.2787375015976628,0.9885049993609348
116.20244765281677,1.0539820912048488,-0.2499223280135646,1.2914182612637652,1.2914182612637652,0.9834326954944939
116.29794311523438,1.0539820912048488,-0.2499223280135646,1.2914182612637652,1.2914182612637652,0.9834326954944939
116.40006828308105,1.0676191559764496,-0.24232238663511368,1.3196127268520552,1.3196127268520552,0.9721549092591779
116.49981999397278,1.0770416916501386,-0.23675296444750002,1.3371341577651796,1.3371341577651796,0.9651463368939281
116.59782838821411,1.0829760501985664,-0.23298333642556546,1.3315442974646778,1.3315442974646778,0.9673822810141288
116.69771647453308,1.0829760501985664,-0.23298333642556546,1.3315442974646778,1.3315442974646778,0.9673822810141288
116.79769349098206,1.0919834835016045,-0.22677091605154542,1.3362528841238501,1.3362528841238501,0.9654988463504599
116.89863848686218,1.0957614278437147,-0.224016410911796,1.3390493988700602,1.3390493988700602,0.9643802404519759
116.9976315498352,1.1073477040542783,-0.2147540697108979,1.329319392063761,1.329319392063761,0.9682722431744956
117.09768724441528,1.1073477040542783,-0.2147540697108979,1.329319392063761,1.329319392063761,0.9682722431744956
117.19774580001831,1.118641543407211,-0.20452700339553026,1.331469788475911,1.331469788475911,0.9674120846096356
117.30112934112549,1.1245070976222797,-0.1987474932199073,1.3396807055083206,1.3396807055083206,0.9641277177966717
117.39768981933594,1.135929501021306,-0.18662040045494013,1.3609677033226981,1.3609677033226981,0.9556129186709207
117.4977285861969,1.135929501021306,-0.18662040045494013,1.3609677033226981,1.3609677033226981,0.9556129186709207
117.60245037078857,1.147384811047224,-0.1732066216679514,1.3877085777478908,1.3877085777478908,0.9449165689008436
117.69774222373962,1.1526192639594577,-0.16661983481093537,1.4018846626235653,1.4018846626235653,0.9392461349505739
117.79807949066162,1.1639372066788782,-0.15127837078888146,1.436855392568111,1.436855392568111,0.9252578429727556
117.89770126342773,1.1639372066788782,-0.15127837078888146,1.436855392568111,1.436855392568111,0.9252578429727556
117.99771618843079,1.1750210057234605,-0.13458539244687256,1.4766897229987876,1.4766897229987876,0.9093241108004849
118.09775233268738,1.1804379412549606,-0.12572598611733138,1.4983016046302846,1.4983016046302846,0.9006793581478861
118.19771695137024,1.1857667852715035,-0.1165337922426518,1.527959532129346,1.527959532129346,0.8888161871482616
118.29782152175903,1.191016426481832,-0.10710076001752425,1.5622055517183422,1.5622055517183422,0.8751177793126631
118.39775061607361,1.1953634003966749,-0.09897738683976268,1.5790842520832802,1.5790842520832802,0.8683662991666878
118.49765753746033,1.1992719867447201,-0.09126933032261218,1.593426319131466,1.593426319131466,0.8626294723474136
118.59782648086548,1.2026878357235602,-0.08410353033957184,1.6095337238537923,1.6095337238537923,0.856186510458483
118.6978030204773,1.209608502044763,-0.06714267817768976,1.6068970327603265,1.6068970327603265,0.8572411868958694
118.79769659042358,1.209608502044763,-0.06714267817768976,1.6068970327603265,1.6068970327603265,0.8572411868958694
118.89808964729309,1.215003380939557,-0.050376562588091936,1.621410153979742,1.621410153979742,0.8514359384081032
119.00640487670898,1.2175199395287097,-0.04116972104950486,1.6366396489275794,1.6366396489275794,0.8453441404289682
119.09835886955261,1.2217672304428648,-0.02268322419736484,1.6679503189573635,1.6679503189573635,0.8328198724170546
119.19780254364014,1.2217672304428648,-0.02268322419736484,1.6679503189573635,1.6679503189573635,0.8328198724170546
119.29765033721924,1.22526556570689,-0.002151835308515098,1.6995380837296994,1.6995380837296994,0.8201847665081202
119.39783072471619,1.2263878060473268,0.0067988921008489325,1.7118607490566904,1.7118607490566904,0.8152557003773238
119.4977080821991,1.2273694849417882,0.016830280710086198,1.7301179661400268,1.7301179661400268,0.8079528135439893
119.59779834747314,1.2281587942720429,0.027382279836644534,1.7558073373250933,1.7558073373250933,0.7976770650699626
119.6974184513092,1.2286507757477423,0.036154584076663124,1.775037845648866,1.775037845648866,0.7899848617404536
119.79773426055908,1.2286507757477423,0.036154584076663124,1.775037845648866,1.775037845648866,0.7899848617404536
119.89788699150085,1.2290118733669877,0.055138463371645664,1.7852769980962464,1.7852769980962464,0.7858892007615014
119.99791097640991,1.2278570844328682,0.07316719056788712,1.781234103879916,1.781234103879916,0.7875063584480335
120.09780955314636,1.2278570844328682,0.07316719056788712,1.781234103879916,1.781234103879916,0.7875063584480335
120.20241379737854,1.2266399673277029,0.08332739128078823,1.7857705607005487,1.7857705607005487,0.7856917757197804
120.29769563674927,1.2235985594143668,0.10115581715664287,1.7949468178384207,1.7949468178384207,0.7820212728646316
120.39767575263977,1.2192416974742923,0.11944128739931695,1.8022100537047765,1.8022100537047765,0.7791159785180893
120.4977457523346,1.2192416974742923,0.11944128739931695,1.8022100537047765,1.8022100537047765,0.7791159785180893
120.59768009185791,1.2166189364236422,0.12842015501469042,1.8048261402002324,1.8048261402002324,0.778069543919907
120.69755721092224,1.2104781948664116,0.14606799224502814,1.8087111253004402,1.8087111253004402,0.7765155498798239
120.79783034324646,1.2104781948664116,0.14606799224502814,1.8087111253004402,1.8087111253004402,0.7765155498798239
120.89783692359924,1.203489372843932,0.16329469917596484,1.8205818521650656,1.8205818521650656,0.7717672591339737
120.99777865409851,1.203489372843932,0.16329469917596484,1.8205818521650656,1.8205818521650656,0.7717672591339737
121.0976836681366,1.1995515147289966,0.1716855383513714,1.8289839538109354,1.8289839538109354,0.7684064184756259
121.1977550983429,1.1906489164824667,0.18787008868677998,1.7976779935335119,1.7976779935335119,0.7809288025865952
121.30242824554443,1.180720718256107,0.20277129178641307,1.7921349589237805,1.7921349589237805,0.7831460164304878
121.39783382415771,1.180720718256107,0.20277129178641307,1.7921349589237805,1.7921349589237805,0.7831460164304878
121.49779343605042,1.1751023502248708,0.21029809513119938,1.7887477507100418,1.7887477507100418,0.7845008997159832
121.59784078598022,1.1636251941870333,0.22419052299278375,1.7887103900815104,1.7887103900815104,0.7845158439673958
121.69770836830139,1.150166487628002,0.23844584273853517,1.7887278402538203,1.7887278402538203,0.7845088638984719
121.79844832420349,1.1431761385893306,0.24513283660125645,1.7894139962169897,1.7894139962169897,0.7842344015132041
121.89778566360474,1.1431761385893306,0.24513283660125645,1.7894139962169897,1.7894139962169897,0.7842344015132041
121.9976122379303,1.1297449095702867,0.25717021306843235,1.8060792214555639,1.8060792214555639,0.7775683114177744
122.0978512763977,1.121921210605128,0.26362695956080684,1.8121703942357839,1.8121703942357839,0.7751318423056864
122.20046019554138,1.1152106123949126,0.268942590864021,1.8299057903461542,1.8299057903461542,0.7680376838615383
122.29870939254761,1.1078847882512024,0.27460673450803047,1.8488420596227624,1.8488420596227624,0.760463176150895
122.39769172668457,1.100435874559997,0.27999148249383365,1.8298281469758735,1.8298281469758735,0.7680687412096505
122.49780797958374,1.092892956659287,0.28508783621893996,1.842751553744246,1.842751553744246,0.7628993785023015
122.5979311466217,1.0859347169858975,0.28961077058442813,1.8521777611584656,1.8521777611584656,0.7591288955366138
122.69962882995605,1.0781861835010056,0.2943626151040588,1.835288185176861,1.835288185176861,0.7658847259292556
122.79764986038208,1.0694647731858011,0.2991383835601885,1.8238259280913536,1.8238259280913536,0.7704696287634585
122.89780521392822,1.052810138055845,0.30710918628122097,1.8069273416585434,1.8069273416585434,0.7772290633365826
123.00085473060608,1.0442091309632546,0.31065384209037344,1.804611419723399,1.804611419723399,0.7781554321106404
123.09771537780762,1.0354752756937298,0.31393913459806533,1.802324722413726,1.802324722413726,0.7790701110345095
123.19771957397461,1.0273647222941902,0.31671787139116914,1.8005297570942889,1.8005297570942889,0.7797880971622844
123.29824376106262,1.0094075388400439,0.3219767426833642,1.7955372879388014,1.7955372879388014,0.7817850848244794
123.3995008468628,1.0002968560032668,0.32419190202333903,1.7928879593924762,1.7928879593924762,0.7828448162430095
123.4976897239685,0.9922997355502876,0.32589653545801905,1.797027536151303,1.797027536151303,0.7811889855394787
123.59768509864807,0.9922997355502876,0.32589653545801905,1.797027536151303,1.797027536151303,0.7811889855394787
123.69758796691895,0.9809394741196846,0.32796135913009206,1.7821786114015359,1.7821786114015359,0.7871285554393856
123.79768323898315,0.9743420074966749,0.32897505092993307,1.7876131268084718,1.7876131268084718,0.7849547492766112
123.89998865127563,0.9679161757382576,0.32980692718883836,1.7890888789202475,1.7890888789202475,0.784364448431901
124.00243401527405,0.961876710336588,0.3303738132205381,1.7538007690247464,1.7538007690247464,0.7984796923901014
124.09777402877808,0.9550403067152813,0.33071233259733895,1.7374220734390182,1.7374220734390182,0.8050311706243927
124.1985399723053,0.9412790629637203,0.3306039712853344,1.7028942523437376,1.7028942523437376,0.8188422990625049
124.2977728843689,0.9337593275883721,0.33014308387866115,1.690213648703469,1.690213648703469,0.8239145405186123
124.39970064163208,0.9260177778426641,0.3293972804267045,1.6787717643643019,1.6787717643643019,0.8284912942542793
124.4978449344635,0.9187461376052929,0.32845660760516876,1.6689660020158144,1.6689660020158144,0.8324135991936742
124.60245418548584,0.902264916931215,0.32544283855009,1.6481192968962446,1.6481192968962446,0.8407522812415021
124.69813632965088,0.8937376219601882,0.3234446983676002,1.6424518610546075,1.6424518610546075,0.8430192555781569
124.80262923240662,0.8850278786183591,0.3211162091736418,1.6381785197844947,1.6381785197844947,0.8447285920862021
124.89770770072937,0.8761448946483471,0.3184506433682248,1.6353781639486014,1.6353781639486014,0.8458487344205594
125.00248217582703,0.8577049034653814,0.3120220913940317,1.634391997761123,1.634391997761123,0.8462432008955507
125.09778785705566,0.8483997676132089,0.30832086637912254,1.635474653459654,1.635474653459654,0.8458101386161383
125.19775533676147,0.8382728117165055,0.30395065994126247,1.6372862647345041,1.6372862647345041,0.8450854941061983
125.2978241443634,0.829790353367097,0.30001373470939624,1.640134640117006,1.640134640117006,0.8439461439531976
125.39775967597961,0.8206612725807731,0.2954893690444297,1.6430927045261592,1.6430927045261592,0.8427629181895363
125.49771451950073,0.8027855454679198,0.285743072600718,1.6500365952142826,1.6500365952142826,0.839985361914287
125.60243916511536,0.7940592921378881,0.2805437335900981,1.653834766733244,1.653834766733244,0.8384660933067023
125.69767594337463,0.7855020521877829,0.27514787735620816,1.6576130444278827,1.6576130444278827,0.8369547822288469
125.79785561561584,0.7771020760437463,0.26955253672725094,1.6614358071019861,1.6614358071019861,0.8354256771592055
125.89781022071838,0.7614448336537365,0.2582885776451859,1.669794912248602,1.669794912248602,0.8320820351005591
125.9976315498352,0.7535291403711056,0.25214896826778754,1.6733530326055197,1.6733530326055197,0.830658786957792
126.09781789779663,0.7535291403711056,0.25214896826778754,1.6733530326055197,1.6733530326055197,0.830658786957792
126.19782567024231,0.7451335974546613,0.24534647710547391,1.675254796644014,1.675254796644014,0.8298980813423943
126.29780387878418,0.7416099873008303,0.2423448932363134,1.6779329755312222,1.6779329755312222,0.8288268097875111
126.39856457710266,0.7383493436033455,0.23942654506852418,1.6430507567841288,1.6430507567841288,0.8427796972863484
126.49788498878479,0.7341962046971506,0.23533087082350546,1.6166754803456254,1.6166754803456254,0.8533298078617498
126.59780883789062,0.731297624559796,0.23224295245756404,1.59546023269177,1.59546023269177,0.861815906923292
126.69773364067078,0.7275740720060068,0.2279821213332007,1.5735180526884558,1.5735180526884558,0.8705927789246176
126.79779958724976,0.7214496303988523,0.22018400389893789,1.535201781912205,1.535201781912205,0.8859192872351179
126.89805126190186,0.7182592561396376,0.21568401948741914,1.5176827727467659,1.5176827727467659,0.8929268909012936
126.99773216247559,0.7182592561396376,0.21568401948741914,1.5176827727467659,1.5176827727467659,0.8929268909012936
127.09766435623169,0.7157179668627958,0.21189988385048214,1.519704769093982,1.519704769093982,0.8921180923624071
127.19774174690247,0.7134738689925728,0.2084891942833414,1.5239745577263455,1.5239745577263455,0.8904101769094618
127.29769897460938,0.7082251442673398,0.19982611202968512,1.4858148630319683,1.4858148630319683,0.9056740547872126
127.39770793914795,0.7059544399774605,0.19564148391559041,1.471170465112488,1.471170465112488,0.9115318139550048
127.49766874313354,0.703249316525806,0.19045919958139063,1.4806525130705168,1.4806525130705168,0.9077389947717932
127.5976812839508,0.6985688869491703,0.18099753014630143,1.4748544411655342,1.4748544411655342,0.9100582235337863
127.69767451286316,0.693657980946007,0.1700791064084815,1.4662897182961903,1.4662897182961903,0.9134841126815239
127.79782581329346,0.693657980946007,0.1700791064084815,1.4662897182961903,1.4662897182961903,0.9134841126815239
127.89781069755554,0.689259501143657,0.1589267544822359,1.448896829568713,1.448896829568713,0.9204412681725148
127.99780559539795,0.6848300939294337,0.1457420965230778,1.4363158224383228,1.4363158224383228,0.9254736710246708
128.09767723083496,0.6831104299106924,0.13994515165250695,1.4326738760069848,1.4326738760069848,0.926930449597206
128.19768118858337,0.6831104299106924,0.13994515165250695,1.4326738760069848,1.4326738760069848,0.926930449597206
128.29779601097107,0.6796899104199078,0.12683561034736845,1.4274254393297492,1.4274254393297492,0.9290298242681003
128.39824724197388,0.6766095995963074,0.11260157515499918,1.4282314938500116,1.4282314938500116,0.9287074024599954
128.4978506565094,0.6753222212684962,0.10569456218431186,1.4318203750162661,1.4318203750162661,0.9272718499934935
128.59774541854858,0.6753222212684962,0.10569456218431186,1.4318203750162661,1.4318203750162661,0.9272718499934935
128.69777464866638,0.6728998978932444,0.08994328645708727,1.4315178901392547,1.4315178901392547,0.9273928439442981
128.8010823726654,0.6710363056316445,0.07394079742874941,1.4476097953680196,1.4476097953680196,0.9209560818527921
128.89776182174683,0.6702976478180034,0.06526269655832599,1.4503710026567254,1.4503710026567254,0.9198515989373098
128.99765825271606,0.6702976478180034,0.06526269655832599,1.4503710026567254,1.4503710026567254,0.9198515989373098
129.0977087020874,0.6693468079335809,0.0464582632735281,1.4569256304751776,1.4569256304751776,0.9172297478099289
129.19771003723145,0.6692164937932583,0.027510523086851004,1.475010840488126,1.475010840488126,0.9099956638047496
129.2979633808136,0.6694061130679466,0.018549070205480942,1.484798357563851,1.484798357563851,0.9060806569744596
129.39776420593262,0.6694061130679466,0.018549070205480942,1.484798357563851,1.484798357563851,0.9060806569744596
129.49830746650696,0.670445304438708,-0.0017105855334694684,1.5036531848811903,1.5036531848811903,0.8985387260475238
129.59778833389282,0.6713198258438207,-0.012184549869078833,1.513205314183563,1.513205314183563,0.8947178743265747
129.6977620124817,0.672137725525503,-0.0201751390723899,1.528532817860362,1.528532817860362,0.8885868728558551
129.79788613319397,0.6729217173749459,-0.028627892246979723,1.5647770324809267,1.5647770324809267,0.8740891870076293
129.89767360687256,0.6729217173749459,-0.028627892246979723,1.5647770324809267,1.5647770324809267,0.8740891870076293
129.99768233299255,0.6743757421595781,-0.04362905716235115,1.598987395022328,1.598987395022328,0.8604050419910688
130.09781694412231,0.676811251203126,-0.05990165487924825,1.5717018211949216,1.5717018211949216,0.8713192715220313
130.1977343559265,0.6783524708396974,-0.06766667475631354,1.5684962251221801,1.5684962251221801,0.872601509951128
130.29769158363342,0.6783524708396974,-0.06766667475631354,1.5684962251221801,1.5684962251221801,0.872601509951128
130.3979034423828,0.6826443915601652,-0.08518722890258935,1.5619272743729915,1.5619272743729915,0.8752290902508033
130.4977433681488,0.6853089309486295,-0.09421637910486019,1.558744449225355,1.558744449225355,0.8765022203098579
130.5976996421814,0.6882235935144518,-0.10306950132881262,1.5600634152847728,1.5600634152847728,0.8759746338860909
130.69765853881836,0.6908859829984467,-0.11061442012032438,1.5746411635622097,1.5746411635622097,0.8701435345751161
130.7978081703186,0.6908859829984467,-0.11061442012032438,1.5746411635622097,1.5746411635622097,0.8701435345751161
130.89775919914246,0.6956579660493108,-0.1234666506714269,1.5798229770751058,1.5798229770751058,0.8680708091699576
131.00073528289795,0.6986989975589402,-0.13084681180305488,1.5717275234199135,1.5717275234199135,0.8713089906320346
131.09781670570374,0.7057770404787622,-0.1456911375231495,1.5535479489488593,1.5535479489488593,0.8785808204204563
131.19770646095276,0.7057770404787622,-0.1456911375231495,1.5535479489488593,1.5535479489488593,0.8785808204204563
131.29799818992615,0.714266911660963,-0.16089050752434647,1.5423289713501909,1.5423289713501909,0.8830684114599237
131.3977551460266,0.7186522293255926,-0.16794069183360205,1.5369990234648458,1.5369990234648458,0.8852003906140616
131.49766159057617,0.724232982730133,-0.17629991935953523,1.536347020916394,1.536347020916394,0.8854611916334423
131.59833145141602,0.7284888073373467,-0.18235240953317733,1.551012508635036,1.551012508635036,0.8795949965459856
131.697607755661,0.7284888073373467,-0.18235240953317733,1.551012508635036,1.551012508635036,0.8795949965459856
131.797749042511,0.7327929653452566,-0.18849298891357574,1.5791320184134299,1.5791320184134299,0.868347192634628
131.897714138031,0.7380253731857821,-0.19589980558718428,1.5832617829125057,1.5832617829125057,0.8666952868349976
131.9977581501007,0.745950811190647,-0.20602826473845054,1.5561786227856413,1.5561786227856413,0.8775285508857434
132.09780144691467,0.745950811190647,-0.20602826473845054,1.5561786227856413,1.5561786227856413,0.8775285508857434
132.20241284370422,0.7555512880089074,-0.21672702012940798,1.5327824138495418,1.5327824138495418,0.8868870344601832
132.2976779937744,0.7610399186088468,-0.22229001073641524,1.5274102548948156,1.5274102548948156,0.8890358980420737
132.39779114723206,0.7721039497518821,-0.23259632759795176,1.5180167381848357,1.5180167381848357,0.8927933047260657
132.4976933002472,0.7721039497518821,-0.23259632759795176,1.5180167381848357,1.5180167381848357,0.8927933047260657
132.59776258468628,0.7849711415031205,-0.24329803851809328,1.5126942784453248,1.5126942784453248,0.8949222886218701
132.69772148132324,0.7919168887303341,-0.24859610800051996,1.5116024512311546,1.5116024512311546,0.8953590195075382
132.797691822052,0.7992008393093186,-0.2538526934477815,1.5161976934744161,1.5161976934744161,0.8935209226102335
132.89795660972595,0.8061474822101827,-0.25865740014544375,1.5255111804766388,1.5255111804766388,0.8897955278093445
132.99756574630737,0.8100556514939138,-0.26134981070861996,1.5406418548643035,1.5406418548643035,0.8837432580542786
133.09788918495178,0.812176380245756,-0.262797523947496,1.5624439544822206,1.5624439544822206,0.8750224182071117
133.19898748397827,0.8159997718593125,-0.26558218334329287,1.597446259336658,1.597446259336658,0.8610214962653367
133.29779171943665,0.8245261816294944,-0.2712378400361649,1.550332090425004,1.550332090425004,0.8798671638299984
133.39764857292175,0.8245261816294944,-0.2712378400361649,1.550332090425004,1.550332090425004,0.8798671638299984
133.49859809875488,0.8322388456208385,-0.2756133820250004,1.5102622600671136,1.5102622600671136,0.8958950959731545
133.59767031669617,0.8370785131660469,-0.27806004269501916,1.4925999493318476,1.4925999493318476,0.902960020267261
133.69773197174072,0.8476587574128802,-0.28279487674908116,1.4678433455086386,1.4678433455086386,0.9128626617965445
133.79750084877014,0.8476587574128802,-0.28279487674908116,1.4678433455086386,1.4678433455086386,0.9128626617965445
133.89774346351624,0.8529131287089509,-0.28485302612769486,1.446657042490024,1.446657042490024,0.9213371830039904
133.9977045059204,0.8599839272288342,-0.2873203067881818,1.4287201500844895,1.4287201500844895,0.9285119399662042
134.0977623462677,0.8662334566657058,-0.2890650200201377,1.3732260115658348,1.3732260115658348,0.9507095953736661
134.1977550983429,0.8662334566657058,-0.2890650200201377,1.3732260115658348,1.3732260115658348,0.9507095953736661
134.29792475700378,0.8678348977901906,-0.2894294534681778,1.355496484997826,1.355496484997826,0.9578014060008696
134.40250968933105,0.8731816826016233,-0.29027139223779697,1.266341019627839,1.266341019627839,0.9934635921488644
134.49772453308105,0.8797937508060896,-0.29076562050491866,1.2220358288174449,1.2220358288174449,1.011185668473022
134.59766912460327,0.8797937508060896,-0.29076562050491866,1.2220358288174449,1.2220358288174449,1.011185668473022
134.69789695739746,0.8835850777981512,-0.2908751451318047,1.2047351904620176,1.2047351904620176,1.018105923815193
134.79940509796143,0.89224584315162,-0.29076702877888827,1.1792127385828877,1.1792127385828877,1.028314904566845
134.89781379699707,0.8971390319335999,-0.29053017193441916,1.1712925473215194,1.1712925473215194,1.0314829810713921
134.99832797050476,0.9019890929861799,-0.2902037454732369,1.1743228370250685,1.1743228370250685,1.0302708651899726
135.09779858589172,0.9076409286533776,-0.28975154398537745,1.173866607593328,1.173866607593328,1.0304533569626688
135.19764733314514,0.9134135560452462,-0.28921464620175674,1.1793394690773733,1.1793394690773733,1.0282642123690506
135.29794597625732,0.9183669898976382,-0.28869192513819586,1.1773335993682523,1.1773335993682523,1.0290665602526992
135.3977825641632,0.9259945013435054,-0.28763489639397993,1.1620530420829174,1.1620530420829174,1.035178783166833
135.49784398078918,0.9259945013435054,-0.28763489639397993,1.1620530420829174,1.1620530420829174,1.035178783166833
135.5977907180786,0.9318334485283992,-0.2866264302823337,1.1542242890891183,1.1542242890891183,1.0383102843643526
135.69770574569702,0.9424389777320376,-0.2845123473369612,1.1609222711986338,1.1609222711986338,1.0356310915205464
135.79806399345398,0.9492031940846408,-0.28300544928350857,1.1652323431013358,1.1652323431013358,1.0339070627594658
135.89767169952393,0.9553363207362556,-0.2815519250123437,1.1785484939804718,1.1785484939804718,1.0285806024078112
135.99785256385803,0.9622063290350392,-0.27988425800239725,1.1965503345119617,1.1965503345119617,1.0213798661952154
136.09768795967102,0.9646387509549991,-0.27930100186583456,1.2091459894175052,1.2091459894175052,1.016341604232998
136.19770908355713,0.9693015397597915,-0.2781693543655032,1.216912581476534,1.216912581476534,1.0132349674093863
136.30130434036255,0.9796828498125583,-0.2752506070380163,1.1960961923073858,1.1960961923073858,1.0215615230770456
136.39783120155334,0.9848660467422539,-0.2735758734298111,1.1935369601050057,1.1935369601050057,1.0225852159579978
136.49780440330505,0.9848660467422539,-0.2735758734298111,1.1935369601050057,1.1935369601050057,1.0225852159579978
136.59777522087097,0.9965096473543189,-0.2694296261992368,1.1961174596942565,1.1961174596942565,1.0215530161222974
136.69773149490356,1.0028047232621269,-0.26698261109017857,1.2019988568969087,1.2019988568969087,1.0192004572412365
136.79776692390442,1.0093196532343558,-0.2643238514761712,1.210209998208264,1.210209998208264,1.0159160007166945
136.89779615402222,1.0093196532343558,-0.2643238514761712,1.210209998208264,1.210209998208264,1.0159160007166945
136.9974775314331,1.0189739079130384,-0.26012519372770815,1.2149612317721625,1.2149612317721625,1.014015507291135
137.09757924079895,1.0243561621099344,-0.2576181745918812,1.2130474700260132,1.2130474700260132,1.0147810119895948
137.1976249217987,1.0296279007323992,-0.2549562780354874,1.204448094699769,1.204448094699769,1.0182207621200923
137.29788160324097,1.0354628169678584,-0.25180125917041296,1.205550345360869,1.205550345360869,1.0177798618556524
137.39778876304626,1.041447254275397,-0.24838271281655594,1.2074512065598668,1.2074512065598668,1.0170195173760532
137.49765539169312,1.0522931683991372,-0.24175767873190687,1.2100054020285858,1.2100054020285858,1.0159978391885658
137.59768080711365,1.0580067427315767,-0.2379268081159158,1.2013277510932863,1.2013277510932863,1.0194688995626855
137.69777083396912,1.0641911385399783,-0.2334863087865855,1.2004377107189654,1.2004377107189654,1.0198249157124137
137.79773688316345,1.0689176112716265,-0.22988127162888797,1.1973206349600776,1.1973206349600776,1.021071746015969
137.8999388217926,1.0799162774442421,-0.22086881437943928,1.2034251029228868,1.2034251029228868,1.0186299588308452
137.99774146080017,1.085516601034152,-0.21592945263347685,1.2202562049054317,1.2202562049054317,1.0118975180378273
138.09786128997803,1.0900570583929872,-0.21175773994951563,1.2172646348738647,1.2172646348738647,1.0130941460504541
138.1976637840271,1.0984860808306511,-0.20337728833990032,1.2038757461254077,1.2038757461254077,1.0184497015498368
138.29745745658875,1.10559178872465,-0.1956374212056476,1.195105855789855,1.195105855789855,1.0219576576840579
138.39797377586365,1.1104349338862392,-0.1897824642548368,1.190916321084294,1.190916321084294,1.0236334715662825
138.60187911987305,1.1593720055704388,-0.009469393631272381,-1.5120335211248332,-1.5120335211248332,0.8951865915500666
138.69769597053528,1.1600946518602357,0.001376413782815566,-1.4839874416073837,-1.4839874416073837,0.9064050233570465
138.7976381778717,1.1612773892211328,0.012312408059649605,-1.4577554633194896,-1.4577554633194896,0.9168978146722041
138.89886450767517,1.1629252627434852,0.02283426220332262,-1.4234487956184187,-1.4234487956184187,0.9306204817526325
138.9977626800537,1.1659903420465787,0.040034295820423546,-1.447688491635699,-1.447688491635699,0.9209246033457205
139.09817004203796,1.1655381548731514,0.03762142345455961,-1.4188573278757963,-1.4188573278757963,0.9324570688496815
139.1975920200348,1.1655381548731514,0.03762142345455961,-1.4188573278757963,-1.4188573278757963,0.9324570688496815
139.29773783683777,1.1685903506664301,0.05484707356721048,-1.4862640085993255,-1.4862640085993255,0.9054943965602698
139.39766693115234,1.1685903506664301,0.05484707356721048,-1.4862640085993255,-1.4862640085993255,0.9054943965602698
139.49966168403625,1.1714364021494057,0.07686799614514704,-1.5239700878436102,-1.5239700878436102,0.8904119648625559
139.60309267044067,1.1729859491279857,0.08653279476241804,-1.49811615399773,-1.49811615399773,0.900753538400908
139.69899153709412,1.1746468178492981,0.09595212043337861,-1.5375892834480427,-1.5375892834480427,0.8849642866207829
139.7976906299591,1.1757263174332382,0.10524424422818068,-1.6153743417914879,-1.6153743417914879,0.8538502632834049
139.8976435661316,1.1762146552208237,0.11463980597259087,-1.6817647009601535,-1.6817647009601535,0.8272941196159386
139.99760031700134,1.1762033381292196,0.124248654958287,-1.7321745344752828,-1.7321745344752828,0.8071301862098869
140.09899950027466,1.1759737377532447,0.13402132419203708,-1.7543292288315726,-1.7543292288315726,0.798268308467371
140.19765782356262,1.1759675316531353,0.1436578185624938,-1.722585814966627,-1.722585814966627,0.8109656740133491
140.2976291179657,1.1761026104892498,0.15258820509875573,-1.7445342508615698,-1.7445342508615698,0.802186299655372
140.4023323059082,1.1769992309777728,0.17204621494080027,-1.6974880233811325,-1.6974880233811325,0.821004790647547
140.49762892723083,1.1779051953082993,0.18179727287276953,-1.6823915099715692,-1.6823915099715692,0.8270433960113723
140.59761357307434,1.1779051953082993,0.18179727287276953,-1.6823915099715692,-1.6823915099715692,0.8270433960113723
140.69762921333313,1.1792141139428547,0.20039920508277206,-1.7558302775349222,-1.7558302775349222,0.7976678889860311
140.7975959777832,1.179351034644991,0.21845232134866982,-1.8770373477913935,-1.8770373477913935,0.7491850608834425
140.89781403541565,1.178598008226418,0.2278471554392508,-1.9541759611674248,-1.9541759611674248,0.7183296155330301
140.9976625442505,1.178598008226418,0.2278471554392508,-1.9541759611674248,-1.9541759611674248,0.7183296155330301
141.09785890579224,1.177643233498392,0.23599321354192085,-1.9621853714374247,-1.9621853714374247,0.71512585142503
141.19768929481506,1.1764539974437038,0.24460389954442238,-2.0056297229990165,-2.0056297229990165,0.6977481108003933
141.30129981040955,1.1743760342365597,0.2580005700738791,-2.007295640689649,-2.007295640689649,0.6970817437241403
141.39762115478516,1.1735384234404134,0.265627522593987,-1.9696750237288576,-1.9696750237288576,0.7121299905084569
141.49811625480652,1.1735384234404134,0.265627522593987,-1.9696750237288576,-1.9696750237288576,0.7121299905084569
141.59969878196716,1.172692890657681,0.2819841398747789,-1.913236939366136,-1.913236939366136,0.7347052242535456
141.69765949249268,1.1729734370127596,0.2972674536823613,-1.8732053819089454,-1.8732053819089454,0.7507178472364218
141.79763841629028,1.1732211255832792,0.3040132594294551,-1.908330859570836,-1.908330859570836,0.7366676561716656
141.8977153301239,1.1732211255832792,0.3040132594294551,-1.908330859570836,-1.908330859570836,0.7366676561716656
141.99763822555542,1.1723319806976022,0.32201976306746255,-2.056367552236652,-2.056367552236652,0.6774529791053392
142.0975842475891,1.1709770496557,0.3310781945427252,-2.131915635205549,-2.131915635205549,0.6472337459177804
142.19779562950134,1.1691645988981978,0.33983924116311237,-2.1655124899656433,-2.1655124899656433,0.6337950040137427
142.297753572464,1.167678906620432,0.34672181704109534,-2.1834651611850444,-2.1834651611850444,0.6266139355259822
142.3975167274475,1.166704843703968,0.35098853062958263,-2.1863828717490654,-2.1863828717490654,0.6254468513003738
142.49857091903687,1.1654465791817488,0.35673033928913317,-2.191941895134213,-2.191941895134213,0.6232232419463148
142.59758687019348,1.1639357843600036,0.3633586094140351,-2.1895651690313094,-2.1895651690313094,0.6241739323874762
142.69971585273743,1.1625671050483097,0.3701270479948589,-2.15811413733231,-2.15811413733231,0.6367543450670761
142.79760670661926,1.1625671050483097,0.3701270479948589,-2.15811413733231,-2.15811413733231,0.6367543450670761
142.89813232421875,1.1605985625952042,0.38851956553541406,-2.0404257027308406,-2.0404257027308406,0.6838297189076638
142.99971222877502,1.160810713618912,0.40636928395755645,-1.9764146485003444,-1.9764146485003444,0.7094341405998622
143.09762811660767,1.1609959598199975,0.40961927743191295,-1.9514015945236456,-1.9514015945236456,0.7194393621905417
143.19777965545654,1.1609959598199975,0.40961927743191295,-1.9514015945236456,-1.9514015945236456,0.7194393621905417
143.297696352005,1.1615434450206354,0.41619927492921127,-1.9655249090056368,-1.9655249090056368,0.7137900363977452
143.39772820472717,1.1613758616558836,0.43191004913309344,-2.1326970229030078,-2.1326970229030078,0.6469211908387968
143.4977045059204,1.1613758616558836,0.43191004913309344,-2.1326970229030078,-2.1326970229030078,0.6469211908387968
143.59761810302734,1.160240702563526,0.4410907313360002,-2.1958887377428176,-2.1958887377428176,0.6216445049028729
143.69749689102173,1.159170573019561,0.44784484619746795,-2.2311915921293295,-2.2311915921293295,0.6075233631482682
143.79770588874817,1.1582111444509593,0.4531816199628555,-2.254850603192493,-2.254850603192493,0.5980597587230028
143.89779615402222,1.1571746314401743,0.4590433286498544,-2.216873518456098,-2.216873518456098,0.6132505926175607
143.99776339530945,1.1555360957378042,0.47434216879951385,-2.1479820643036263,-2.1479820643036263,0.6408071742785495
144.09780287742615,1.1555360957378042,0.47434216879951385,-2.1479820643036263,-2.1479820643036263,0.6408071742785495
144.19785332679749,1.1549378889705688,0.4829184267072058,-2.1896124939595847,-2.1896124939595847,0.6241550024161661
144.2976143360138,1.1534238642705354,0.49328933620256915,-2.292231359117131,-2.292231359117131,0.5831074563531476
144.39780569076538,1.1489792408542794,0.5095901212375338,-2.448511162405377,-2.448511162405377,0.5205955350378492
144.49776077270508,1.1489792408542794,0.5095901212375338,-2.448511162405377,-2.448511162405377,0.5205955350378492
144.5979323387146,1.143864869015362,0.5219868473967516,-2.5732074679173196,-2.5732074679173196,0.4707170128330722
144.6987075805664,1.1431871510464084,0.5233607774682375,-2.5861952018063246,-2.5861952018063246,0.4655219192774702
144.79760003089905,1.1409792965450678,0.5273685247125212,-2.64574070674205,-2.64574070674205,0.4417037173031799
144.8978033065796,1.1373821396901629,0.5331331409710015,-2.7032813971043597,-2.7032813971043597,0.4186874411582562
144.99760556221008,1.1358600124187561,0.5353889715075341,-2.7359648190406767,-2.7359648190406767,0.4056140723837294
145.09770703315735,1.1337403269019986,0.5383316906550145,-2.7576419373210013,-2.7576419373210013,0.3969432250715994
145.19782137870789,1.1306244972025303,0.5427953778249902,-2.733411995483399,-2.733411995483399,0.40663520180664037
145.30386400222778,1.1299963935434623,0.5437285382520193,-2.6825147110885847,-2.6825147110885847,0.426994115564566
145.39760160446167,1.1299963935434623,0.5437285382520193,-2.6825147110885847,-2.6825147110885847,0.426994115564566
145.49970269203186,1.125541571426045,0.5520702995568277,-2.565345656648999,-2.565345656648999,0.4738617373404004
145.59770703315735,1.1226644153605112,0.5589772060052474,-2.4900196897103797,-2.4900196897103797,0.503992124115848
145.7038152217865,1.120548161038432,0.5662806814352112,-2.382822820627237,-2.382822820627237,0.5468708717491052
145.79785823822021,1.120548161038432,0.5662806814352112,-2.382822820627237,-2.382822820627237,0.5468708717491052
145.8995020389557,1.1186016376710655,0.5770422533786648,-2.2694499351627657,-2.2694499351627657,0.5922200259348936
145.99777102470398,1.1182521848814453,0.580619408016612,-2.2314866594283824,-2.2314866594283824,0.607405336228647
146.09828162193298,1.1182912238523086,0.5800481649700809,-2.222074462877196,-2.222074462877196,0.6111702148491216
146.19755673408508,1.1182912238523086,0.5800481649700809,-2.222074462877196,-2.222074462877196,0.6111702148491216
146.29759311676025,1.1177541487359581,0.5856570583392365,-2.284072138850143,-2.284072138850143,0.5863711444599428
146.39768981933594,1.1167681284858517,0.5929561158202864,-2.3071798656955,-2.3071798656955,0.5771280537218
146.49990248680115,1.1154174881921977,0.6017280241463777,-2.319131358750785,-2.319131358750785,0.5723474564996859
146.60380268096924,1.1141551840239916,0.6104189141237771,-2.2919410182132776,-2.2919410182132776,0.5832235927146889
146.6976637840271,1.1141551840239916,0.6104189141237771,-2.2919410182132776,-2.2919410182132776,0.5832235927146889
146.7978277206421,1.113357708170954,0.6190791077221915,-2.248754964166659,-2.248754964166659,0.6004980143333364
146.89801907539368,1.1124292316325797,0.6308504387633117,-2.300309729163062,-2.300309729163062,0.5798761083347752
147.00082182884216,1.1124292316325797,0.6308504387633117,-2.300309729163062,-2.300309729163062,0.5798761083347752
147.09974718093872,1.111230978852081,0.6417121097460338,-2.273442567491924,-2.273442567491924,0.5906229730032304
147.19772267341614,1.111230978852081,0.6417121097460338,-2.273442567491924,-2.273442567491924,0.5906229730032304
147.29842281341553,1.1108373670338592,0.6486093852973667,-2.244465059355325,-2.244465059355325,0.60221397625787
147.39802742004395,1.1109005414243072,0.6476750765155037,-2.2890599243961502,-2.2890599243961502,0.5843760302415398
147.4997522830963,1.1089262660525152,0.6642673770239161,-2.3874313896297554,-2.3874313896297554,0.5450274441480978
147.59774041175842,1.1089262660525152,0.6642673770239161,-2.3874313896297554,-2.3874313896297554,0.5450274441480978
147.69971823692322,1.1091244708443022,0.6632158989740708,-2.4046597886835017,-2.4046597886835017,0.5381360845265992
147.7977752685547,1.1079577016640476,0.6697242412857679,-2.39821022080251,-2.39821022080251,0.540715911678996
147.8978328704834,1.1067979201517497,0.674349775032664,-2.498070092095494,-2.498070092095494,0.5007719631618023
147.9983594417572,1.1067979201517497,0.674349775032664,-2.498070092095494,-2.498070092095494,0.5007719631618023
148.09767031669617,1.1062313300359536,0.6761736676101168,-2.539327458094554,-2.539327458094554,0.4842690167621784
148.19770646095276,1.1049519121732863,0.6798482251452841,-2.554192037852384,-2.554192037852384,0.47832318485904635
148.297616481781,1.103647475704327,0.6833869329830475,-2.576337152415045,-2.576337152415045,0.4694651390339819
148.39762949943542,1.1021321529678705,0.6873738710610477,-2.593208749635252,-2.593208749635252,0.46271650014589927
148.49774837493896,1.1021321529678705,0.6873738710610477,-2.593208749635252,-2.593208749635252,0.46271650014589927
148.59771847724915,1.1003927286216146,0.6916371904532181,-2.6079654505109024,-2.6079654505109024,0.45681381979563906
148.69772815704346,1.0991322733278712,0.6946948534533218,-2.6107916954945924,-2.6107916954945924,0.455683321802163
148.79974365234375,1.0979232208159886,0.6980857854991677,-2.5552215029465435,-2.5552215029465435,0.47791139882138256
148.89783573150635,1.0963548636890033,0.7030914191265404,-2.5371784943251,-2.5371784943251,0.4851286022699599
148.99759721755981,1.0963548636890033,0.7030914191265404,-2.5371784943251,-2.5371784943251,0.4851286022699599
149.09770822525024,1.093520830727407,0.7133184992761683,-2.4823140348633226,-2.4823140348633226,0.5070743860546709
149.19761443138123,1.0913888964550154,0.7218400908109773,-2.431232363439118,-2.431232363439118,0.5275070546243528
149.2975332736969,1.0911367283128197,0.723204988128073,-2.418869353545233,-2.418869353545233,0.5324522585819067
149.39777374267578,1.0911367283128197,0.723204988128073,-2.418869353545233,-2.418869353545233,0.5324522585819067
149.49763131141663,1.0911367283128197,0.723204988128073,-2.418869353545233,-2.418869353545233,0.5324522585819067
149.59967851638794,1.090154780042817,0.7289830721409073,-2.397372897686941,-2.397372897686941,0.5410508409252235
149.69973826408386,1.0892254233956944,0.7367088590294903,-2.339429120793492,-2.339429120793492,0.5642283516826031
149.79769015312195,1.0888402879204937,0.7426896503179867,-2.3050363935967364,-2.3050363935967364,0.5779854425613054
149.89769864082336,1.0886769455389045,0.7489236453722319,-2.262572073967311,-2.262572073967311,0.5949711704130756
149.9977355003357,1.089189085103986,0.7611420044622167,-2.185208937027048,-2.185208937027048,0.6259164251891807
150.0997474193573,1.0898703699648922,0.7671789466070189,-2.123633310382572,-2.123633310382572,0.6505466758469711
150.19766640663147,1.091113844517419,0.7742142752118881,-2.072072063719119,-2.072072063719119,0.6711711745123524
150.2976233959198,1.0921754198964442,0.7789337416908076,-2.030478442099702,-2.030478442099702,0.687808623160119
150.39770531654358,1.0946889555980142,0.7877443499735962,-1.979420305710471,-1.979420305710471,0.7082318777158116
150.49756479263306,1.095848814742481,0.7912502935954842,-1.9591310863311695,-1.9591310863311695,0.7163475654675322
150.5975856781006,1.0958603361263268,0.7912848352932756,-1.9709506027993942,-1.9709506027993942,0.7116197588802423
