time,x,y,heading_error,omega,linear_x
0.0,1.5176008827536207,-0.1298010146638991,1.8051903902057564,2.707785585308635,0.7779238439176974
0.10001754760742188,1.5176008827536207,-0.1298010146638991,1.8051903902057564,2.707785585308635,0.7779238439176974
0.20312118530273438,1.52085339085822,-0.11964990429023493,1.7897623157353453,2.684643473603018,0.7840950737058618
0.3001730442047119,1.52085339085822,-0.11964990429023493,1.7897623157353453,2.684643473603018,0.7840950737058618
0.4047713279724121,1.5256035947552262,-0.1023474519871945,1.7413319322084144,2.6119978983126217,0.8034672271166342
0.49993157386779785,1.5276902775011931,-0.09306497834044003,1.7147866427805292,2.5721799641707936,0.8140853428877883
0.5999634265899658,1.531048359569653,-0.07371194714083773,1.6704163497880382,2.5056245246820574,0.8318334600847846
0.7001972198486328,1.531048359569653,-0.07371194714083773,1.6704163497880382,2.5056245246820574,0.8318334600847846
0.7999706268310547,1.5336636749455062,-0.05334432137297869,1.642457661417067,2.4636864921256003,0.8430169354331731
0.8996636867523193,1.5345821810457276,-0.04359676975471626,1.6240473218821607,2.436070982823241,0.8503810712471357
0.9998276233673096,1.5345821810457276,-0.04359676975471626,1.6240473218821607,2.436070982823241,0.8503810712471357
1.1028695106506348,1.535557212545054,-0.022694786572564535,1.5650878404958586,2.3476317607437878,0.8739648638016565
1.1999764442443848,1.535557212545054,-0.022694786572564535,1.5650878404958586,2.3476317607437878,0.8739648638016565
1.300006628036499,1.5349419192244347,-0.0015048542984295275,1.5039687137385238,2.2559530706077857,0.8984125145045905
1.3998589515686035,1.5341108123371516,0.008295206682833522,1.4741632058180525,2.211244808727079,0.910334717672779
1.4998886585235596,1.5312888691564344,0.028986176000474387,1.4284865313301902,2.1427297969952854,0.9286053874679239
1.6002473831176758,1.5312888691564344,0.028986176000474387,1.4284865313301902,2.1427297969952854,0.9286053874679239
1.7000267505645752,1.5271247857229995,0.05137683532982678,1.3948847971978433,2.092327195796765,0.9420460811208626
1.799975872039795,1.5271247857229995,0.05137683532982678,1.3948847971978433,2.092327195796765,0.9420460811208626
1.89990234375,1.522019816587043,0.0725135681546568,1.3482993382557569,2.0224490073836354,0.9606802646976972
1.9999005794525146,1.518974743831448,0.0829444751307144,1.324462171829267,1.9866932577439007,0.9702151312682932
2.099857807159424,1.5156066196625624,0.09332439400729278,1.3055736820493078,1.9583605230739618,0.9777705271802769
2.2000956535339355,1.5080429981695098,0.11386349834970601,1.268394811695343,1.9025922175430146,0.9926420753218628
2.2999119758605957,1.5080429981695098,0.11386349834970601,1.268394811695343,1.9025922175430146,0.9926420753218628
2.399885416030884,1.4997734825844289,0.13333816080660088,1.2325733369814584,1.8488600054721878,1.0069706652074166
2.4999520778656006,1.4997734825844289,0.13333816080660088,1.2325733369814584,1.8488600054721878,1.0069706652074166
2.600198745727539,1.4899642730547311,0.15362676167555042,1.1993747699923942,1.7990621549885915,1.0202500920030424
2.700018882751465,1.4840746833557328,0.16476382825685207,1.1829668800914492,1.774450320137174,1.0268132479634202
2.803640842437744,1.4720957464001665,0.185706659338614,1.1568164460716572,1.735224669107486,1.037273421571337
2.899829387664795,1.4720957464001665,0.185706659338614,1.1568164460716572,1.735224669107486,1.037273421571337
3.000591516494751,1.4588048380733656,0.20700816702099692,1.1369558014437129,1.7054337021655694,1.0452176794225148
3.1002159118652344,1.4512308141497394,0.21847258712832113,1.1273685797499768,1.6910528696249654,1.0490525681000094
3.199904441833496,1.43738254949068,0.23849563335524576,1.1237613972914338,1.6856420959371508,1.0504954410834264
3.2998738288879395,1.43738254949068,0.23849563335524576,1.1237613972914338,1.6856420959371508,1.0504954410834264
3.40035080909729,1.4308025637236548,0.2478611753864868,1.1254023024692563,1.6881034537038846,1.0498390790122976
3.5012526512145996,1.4181809810568686,0.2656355717236841,1.140590585102027,1.7108858776530407,1.0437637659591892
3.604773998260498,1.405366872552601,0.28344445120747985,1.1424331243793155,1.7136496865689734,1.0430267502482737
3.6998839378356934,1.405366872552601,0.28344445120747985,1.1424331243793155,1.7136496865689734,1.0430267502482737
3.7999064922332764,1.3984244069938079,0.29288247174516574,1.1365841385790747,1.7048762078686122,1.04536634456837
3.9006528854370117,1.3849561527390564,0.3105423565629416,1.129905186368026,1.6948577795520392,1.0480379254527896
3.999800443649292,1.3710694383269337,0.3280529039994002,1.1304043311290874,1.6956064966936313,1.047838267548365
4.100027799606323,1.3710694383269337,0.3280529039994002,1.1304043311290874,1.6956064966936313,1.047838267548365
4.202727556228638,1.364726590802462,0.3359828316649186,1.1401976769942117,1.7102965154913177,1.0439209292023153
4.299954891204834,1.364726590802462,0.3359828316649186,1.1401976769942117,1.7102965154913177,1.0439209292023153
4.39994215965271,1.3525584600534024,0.3509500751031808,1.1314340352603376,1.6971510528905065,1.047426385895865
4.499885320663452,1.3388958210138286,0.3669212196165098,1.1170587649339938,1.6755881474009908,1.0531764940264026
4.599865674972534,1.3388958210138286,0.3669212196165098,1.1170587649339938,1.6755881474009908,1.0531764940264026
4.699963092803955,1.331794515529066,0.3749108466471072,1.1112888642475822,1.6669332963713734,1.0554844543009672
4.79986047744751,1.3182907263822097,0.38965688130309045,1.1053101659913696,1.6579652489870544,1.0578759336034522
4.899948358535767,1.3182907263822097,0.38965688130309045,1.1053101659913696,1.6579652489870544,1.0578759336034522
4.99972939491272,1.3050643502112864,0.4032762255656577,1.0814912552404456,1.6222368828606686,1.0674034979038218
5.099878787994385,1.3050643502112864,0.4032762255656577,1.0814912552404456,1.6222368828606686,1.0674034979038218
5.204858303070068,1.297668407852436,0.4104733635890846,1.0678917337055707,1.6018376005583561,1.0728433065177718
5.3000969886779785,1.2816013450541435,0.42518705904311227,1.0466611674047395,1.5699917511071093,1.0813355330381043
5.4001147747039795,1.2746753132843374,0.43119534776910046,1.0291787920468807,1.5437681880703211,1.0883284831812476
5.499960899353027,1.2669550108860717,0.4375748855260125,1.0108724382482672,1.516308657372401,1.0956510247006932
5.604859828948975,1.2588956259684911,0.44390884950566895,0.9930537133316337,1.4895805699974507,1.1027785146673466
5.6999733448028564,1.2588956259684911,0.44390884950566895,0.9930537133316337,1.4895805699974507,1.1027785146673466
5.8003528118133545,1.2417123473126042,0.45639098700761604,0.9556021626757689,1.4334032440136535,1.1177591349296925
5.8995747566223145,1.2340376825375643,0.46156180714213313,0.9424798201687674,1.4137197302531512,1.123008071932493
6.0000529289245605,1.2263347837987804,0.46650009503832185,0.9187990769418077,1.3781986154127117,1.132480369223277
6.0999085903167725,1.2183174047956893,0.4713230681007575,0.8978603882832827,1.3467905824249242,1.140855844686687
6.199954509735107,1.2183174047956893,0.4713230681007575,0.8978603882832827,1.3467905824249242,1.140855844686687
6.300049543380737,1.200729774892146,0.48098775548141603,0.8574168692067679,1.2861253038101519,1.1570332523172928
6.3999388217926025,1.1924388373208126,0.4851679719661544,0.8420145757602155,1.2630218636403234,1.1631941696959138
6.500215768814087,1.1924388373208126,0.4851679719661544,0.8420145757602155,1.2630218636403234,1.1631941696959138
6.5999367237091064,1.1856977702921456,0.4883485046040696,0.8186936782157963,1.2280405173236946,1.1725225287136816
6.69952392578125,1.170883277312012,0.4946877502690212,0.7781451107119246,1.167217666067887,1.1887419557152301
6.799860715866089,1.1627343443747995,0.4978198072086772,0.7594619591837903,1.1391929387756856,1.1962152163264839
6.9000160694122314,1.1455752670062096,0.5037112652593065,0.7224014093667102,1.0836021140500653,1.211039436253316
6.999858856201172,1.1455752670062096,0.5037112652593065,0.7224014093667102,1.0836021140500653,1.211039436253316
7.099982976913452,1.137360180574327,0.5062383310144698,0.7073841028326255,1.0610761542489384,1.2170463588669498
7.202330589294434,1.1184466910243864,0.5114536485819615,0.6790108882701651,1.0185163324052477,1.228395644691934
7.300447463989258,1.1085211629748697,0.5139064491156686,0.6685663716305783,1.0028495574458676,1.2325734513477686
7.399860620498657,1.098283321544405,0.5162733801981115,0.6594681174565606,0.989202176184841,1.2362127530173757
7.4996702671051025,1.087729404700576,0.5185608586323551,0.6519493142898053,0.9779239714347079,1.2392202742840779
7.5998454093933105,1.0656920688789269,0.5229222121796784,0.6409250914206803,0.9613876371310205,1.2436299634317278
7.707119941711426,1.0542160678107366,0.5250092423779126,0.6375212232693441,0.9562818349040162,1.2449915106922624
7.799838066101074,1.0424439743465168,0.5270438008418915,0.6354046613241524,0.9531069919862286,1.245838135470339
7.899869203567505,1.030895662945687,0.528952469215572,0.636540814761075,0.9548112221416125,1.24538367409557
8.004850387573242,1.018381878787116,0.5309850788253698,0.636291557892719,0.9544373368390784,1.2454833768429123
8.099868535995483,1.012315500337469,0.5319367807164741,0.6395468040643879,0.9593202060965819,1.2441812783742447
8.199843406677246,1.0058757338839934,0.5329578500877913,0.6454452658425656,0.9681678987638483,1.2418218936629737
8.29984450340271,0.9999445507103739,0.5339497963082065,0.6543007219208657,0.9814510828812986,1.2382797112316537
8.400925397872925,0.9878896914203608,0.5358963495529896,0.6568351315007741,0.9852526972511612,1.2372659473996903
8.504745244979858,0.9818934542654331,0.5368537595912719,0.6569661806448325,0.9854492709672487,1.237213527742067
8.600288152694702,0.9761270597010517,0.5377956166459034,0.6630514290709313,0.9945771436063969,1.2347794283716276
8.699835538864136,0.970783259941152,0.5386608978015947,0.6726182938548199,1.0089274407822297,1.230952682458072
8.800075769424438,0.9598129568388777,0.5404779906066598,0.6797669834286728,1.0196504751430093,1.2280932066285308
8.900059938430786,0.9542137119502111,0.5414222396331603,0.6816963828568243,1.0225445742852366,1.2273214468572702
8.99988079071045,0.94919426957156,0.5422831168417003,0.6915806231210182,1.0373709346815274,1.2233677507515928
9.09970474243164,0.94919426957156,0.5422831168417003,0.6915806231210182,1.0373709346815274,1.2233677507515928
9.19994854927063,0.938155536466375,0.544129601060565,0.6907745818678406,1.036161872801761,1.2236901672528637
9.299820899963379,0.9330713260188203,0.5449402774946728,0.6800767087824797,1.0201150631737197,1.227969316487008
9.399967670440674,0.9266852576339646,0.5458507459747677,0.664846360733135,0.9972695410997025,1.234061455706746
9.499978303909302,0.9210954604785516,0.5465742371380791,0.6587839149920927,0.988175872488139,1.236486434003163
9.600121974945068,0.9146864455978714,0.5473374756043676,0.6534141848616672,0.9801212772925009,1.2386343260553332
9.699965000152588,0.9079879371398812,0.548071475095454,0.6472274246646442,0.9708411369969663,1.2411090301341423
9.79995608329773,0.8937053342254266,0.5494003560463188,0.632243283454182,0.948364925181273,1.2471026866183272
9.899892568588257,0.8867466393290571,0.5499232374829408,0.6238490682533436,0.9357736023800154,1.2504603726986625
9.999772071838379,0.8812423708049089,0.5502564414993769,0.6062358724464156,0.9093538086696235,1.2575056510214337
10.100297927856445,0.8757125101411091,0.5504735710462749,0.59506689661629,0.892600344924435,1.261973241353484
10.199766874313354,0.8656625702747088,0.5506289772458801,0.5570336108819909,0.8355504163229863,1.2771865556472037
10.299833536148071,0.8656625702747088,0.5506289772458801,0.5570336108819909,0.8355504163229863,1.2771865556472037
10.399836540222168,0.8601784072517241,0.5505073566135157,0.5354938817509773,0.803240822626466,1.285802447299609
10.499922513961792,0.8540199383777832,0.5502457791099665,0.5218088407059955,0.7827132610589933,1.2912764637176017
10.599875688552856,0.8480793063393932,0.5498716141593902,0.502533961050724,0.753800941576086,1.2989864155797104
10.70049238204956,0.8356071762559154,0.548746138093309,0.4730495238695336,0.7095742858043004,1.3107801904521865
10.805311441421509,0.829076584130658,0.5479779862362469,0.4582690202693813,0.687403530404072,1.3166923918922475
10.902344226837158,0.8223571214990246,0.5470634898176364,0.44384774655370807,0.6657716198305621,1.3224609013785167
10.999700546264648,0.8160392204868722,0.546091877572701,0.42894336324094473,0.6434150448614171,1.3284226547036222
11.099920511245728,0.8017416316091157,0.5435163102685562,0.4013402526741414,0.6020103790112121,1.3394638989303433
11.19995665550232,0.7972286054093259,0.5426055780265547,0.40095478852110084,0.6014321827816512,1.3396180845915597
11.302928447723389,0.7936529795614824,0.541882562522322,0.3938833287295691,0.5908249930943537,1.3424466685081724
11.400059223175049,0.7899579783080373,0.5410860412079346,0.38148707455141695,0.5722306118271254,1.3474051701794332
11.500643730163574,0.7830862664990431,0.5395146258630578,0.36927423048674957,0.5539113457301243,1.3522903078053001
11.60058879852295,0.779573257840671,0.5386638142212843,0.3623790959958347,0.543568643993752,1.3550483616016662
11.69990062713623,0.779573257840671,0.5386638142212843,0.3623790959958347,0.543568643993752,1.3550483616016662
11.800523042678833,0.7721233537994376,0.5367486669441603,0.34727668022930436,0.5209150203439565,1.3610893279082783
11.900947332382202,0.7630615187842055,0.5342580329057371,0.3358108005122524,0.5037162007683786,1.365675679795099
11.999867677688599,0.7597427291738222,0.533312602398948,0.3319130585951897,0.49786958789278457,1.3672347765619242
12.099759101867676,0.6801327619936293,0.5097677234797182,0.3583129267692291,0.5374693901538437,1.3566748292923083
12.199713945388794,0.6732464703065504,0.5077045142811519,0.3520586585969188,0.5280879878953783,1.3591765365612325
12.29969573020935,0.6594703432018084,0.5034778714012494,0.3524107203903584,0.5286160805855377,1.3590357118438567
12.399697303771973,0.6519388129568814,0.5011433303866312,0.3540500273942029,0.5310750410913043,1.358379989042319
12.500155210494995,0.6519388129568814,0.5011433303866312,0.3540500273942029,0.5310750410913043,1.358379989042319
12.601162910461426,0.6368565356979111,0.4964186917036634,0.3562200786094701,0.5343301179142051,1.357511968556212
12.70767617225647,0.6201482067913799,0.4910620497408035,0.3550721599616842,0.5326082399425263,1.3579711360153264
12.799724102020264,0.6114310836524899,0.4881977593349594,0.353499303254603,0.5302489548819045,1.3586002786981588
12.89966869354248,0.6114310836524899,0.4881977593349594,0.353499303254603,0.5302489548819045,1.3586002786981588
13.000202894210815,0.6062653770469939,0.4864431565546163,0.3401390889624154,0.5102086334436231,1.3639443644150337
13.099695205688477,0.6032869671970409,0.48536754629154455,0.31988271759599485,0.47982407639399227,1.372046912961602
13.19975757598877,0.600406821253742,0.4842528673696698,0.3010950438161064,0.4516425657241596,1.3795619824735574
13.30185341835022,0.5970695151046432,0.482898248850338,0.2890570837972697,0.43358562569590453,1.3843771664810922
13.399668216705322,0.5970695151046432,0.482898248850338,0.2890570837972697,0.43358562569590453,1.3843771664810922
13.501002788543701,0.5900295437913257,0.47991307465238303,0.2719564824696268,0.40793472370444017,1.3912174070121492
13.599708557128906,0.5860700749873571,0.47816400544834287,0.2629386522292534,0.3944079783438801,1.3948245391082987
13.70636773109436,0.5784645727338762,0.47465363820983836,0.23667315672450817,0.35500973508676226,1.4053307373101966
13.799676418304443,0.5784645727338762,0.47465363820983836,0.23667315672450817,0.35500973508676226,1.4053307373101966
13.89972710609436,0.5721973398984838,0.47143398640345346,0.1896155312791001,0.28442329691865015,1.4241537874883599
13.999802350997925,0.5692454131924961,0.46976687741700196,0.16254313031302425,0.24381469546953638,1.4349827478747903
14.099778175354004,0.566185693534719,0.46793318982247684,0.14169843008225014,0.2125476451233752,1.4433206279671
14.200051546096802,0.56241203891141,0.46557119524599394,0.12577255375376328,0.18865883063064492,1.4496909784984946
14.299699306488037,0.56241203891141,0.46557119524599394,0.12577255375376328,0.18865883063064492,1.4496909784984946
14.404852151870728,0.5549552627027532,0.46073630466432686,0.10938262036366275,0.16407393054549413,1.456246951854535
14.49999737739563,0.5513279232398389,0.45831577036014354,0.10128694635292668,0.15193041952939002,1.4594852214588294
14.60123062133789,0.5432528035752247,0.45279192785154965,0.0876160666719037,0.13142410000785557,1.4649535733312384
14.699954271316528,0.5432528035752247,0.45279192785154965,0.0876160666719037,0.13142410000785557,1.4649535733312384
14.799915552139282,0.534089140652302,0.4463434279346099,0.0775432899923616,0.1163149349885424,1.4689826840030553
14.899787187576294,0.5292197593307638,0.4428583830518132,0.07369737625892281,0.11054606438838421,1.470521049496431
14.999727487564087,0.5193321841047388,0.43569645500224297,0.06834670384144603,0.10252005576216905,1.4726613184634216
15.099852323532104,0.5138981165428381,0.43166014767737104,0.05032622093811501,0.07548933140717251,1.479869511624754
15.19973087310791,0.5087942223682623,0.42772439081928815,0.03821009233799888,0.05731513850699832,1.4847159630648004
15.299756526947021,0.5023587541203767,0.4227202752524308,0.038728432536679236,0.058092648805018854,1.4845086269853283
15.400136947631836,0.4901999660466781,0.41329492369788956,0.042510248075212864,0.0637653721128193,1.482995900769915
15.499868869781494,0.4901999660466781,0.41329492369788956,0.042510248075212864,0.0637653721128193,1.482995900769915
15.601161479949951,0.47770842545743597,0.4037035956832741,0.04985903293685955,0.07478854940528933,1.480056386825256
15.700791597366333,0.4714395250173848,0.39893890659603265,0.05494929061043984,0.08242393591565976,1.478020283755824
15.803610563278198,0.4571661754931582,0.3882369590458126,0.06580386994580545,0.09870580491870817,1.473678452021678
15.899823427200317,0.4571661754931582,0.3882369590458126,0.06580386994580545,0.09870580491870817,1.473678452021678
16.002110242843628,0.4420379364022285,0.37713056254776334,0.0783795981559181,0.11756939723387716,1.4686481607376327
16.10257315635681,0.434153436753301,0.37144182548490134,0.08507756325060667,0.12761634487591,1.4659689746997573
16.203599452972412,0.41845999908880394,0.36030907472525986,0.10005062731465397,0.15007594097198096,1.4599797490741384
16.299936532974243,0.41845999908880394,0.36030907472525986,0.10005062731465397,0.15007594097198096,1.4599797490741384
16.39968776702881,0.4099708199324477,0.3543871910782837,0.10709236250697973,0.1606385437604696,1.457163054997208
16.49967908859253,0.39304752035728496,0.34276649369638135,0.11610366409456184,0.17415549614184275,1.4535585343621753
16.599807500839233,0.39089235462818117,0.34127931711594767,0.10764660496254708,0.16146990744382062,1.4569413580149813
16.699934720993042,0.3871586438224933,0.3386101528802506,0.09388108738562904,0.14082163107844356,1.4624475650457485
16.79969048500061,0.3871586438224933,0.3386101528802506,0.09388108738562904,0.14082163107844356,1.4624475650457485
16.904595613479614,0.38351659204426125,0.3359865793278712,0.09534697050766729,0.14302045576150094,1.4618612117969332
16.999690532684326,0.37563784776034137,0.3303151087286744,0.09714764968473721,0.14572147452710582,1.461140940126105
17.099780559539795,0.3678244911990901,0.32464572198904684,0.07991816785370398,0.11987725178055597,1.4680327328585183
17.199840784072876,0.3678244911990901,0.32464572198904684,0.07991816785370398,0.11987725178055597,1.4680327328585183
17.29975152015686,0.3646727508458339,0.32222761389910287,0.05810505635399865,0.08715758453099798,1.4767579774584005
17.39979124069214,0.3610900484372431,0.31937219221792457,0.04724457623719625,0.07086686435579438,1.4811021695051214
17.503618001937866,0.3573494417152033,0.3163060214543387,0.0340311448612165,0.05104671729182475,1.4863875420555135
17.599758625030518,0.34912355596285005,0.30947273087169386,0.029753223945525598,0.044629835918288396,1.4880987104217898
17.699747800827026,0.34912355596285005,0.30947273087169386,0.029753223945525598,0.044629835918288396,1.4880987104217898
17.79986572265625,0.34485121246630573,0.30589533706886046,0.027089437855075005,0.04063415678261251,1.48916422485797
17.902223348617554,0.3376679026591913,0.2997834442065766,0.005317652722759636,0.007976479084139454,1.4978729389108962
17.999724864959717,0.3345558416143548,0.2969802375792014,-0.02021700742537602,-0.030325511138064032,1.4919131970298496
18.0997257232666,0.33114070296065695,0.2937375281951481,-0.044343537025729234,-0.06651530553859385,1.4822625851897082
18.199795722961426,0.33114070296065695,0.2937375281951481,-0.044343537025729234,-0.06651530553859385,1.4822625851897082
18.29981827735901,0.32762757443453644,0.2902519209640563,-0.06651716789010909,-0.09977575183516363,1.4733931328439565
18.399824857711792,0.3205172198553163,0.28300293182441116,-0.07528449143528837,-0.11292673715293255,1.4698862034258846
18.500035285949707,0.3125050214285848,0.27472593822173413,-0.08347719104736973,-0.1252157865710546,1.466609123581052
18.600592374801636,0.3089496698410448,0.2710133272117297,-0.09509015034899804,-0.14263522552349706,1.4619639398604007
18.699899673461914,0.3089496698410448,0.2710133272117297,-0.09509015034899804,-0.14263522552349706,1.4619639398604007
18.79974627494812,0.30529621626313863,0.2670205593291335,-0.1255468594497522,-0.18832028917462829,1.4497812562200991
18.9035427570343,0.30214165837473045,0.26342216180969147,-0.13585352179004406,-0.2037802826850661,1.4456585912839823
18.999829530715942,0.29481368010042874,0.2550127179240215,-0.14187369281862372,-0.21281053922793558,1.4432505228725505
19.103429555892944,0.290915749067151,0.2505272687585063,-0.14446932825413447,-0.2167039923812017,1.4422122686983463
19.19992423057556,0.2868645945144236,0.2458488683389035,-0.15550241079750204,-0.23325361619625307,1.437799035680999
19.29961085319519,0.27884218280638223,0.2361944945648952,-0.18823650194019947,-0.2823547529102992,1.4247053992239203
19.399962902069092,0.2745073352131031,0.23079818001676838,-0.1941367126110678,-0.2912050689166017,1.422345314955573
19.499722480773926,0.2714178137705359,0.22687218324435487,-0.21909420217066078,-0.32864130325599117,1.4123623191317356
19.599684953689575,0.2648907094776251,0.21812457659087942,-0.25659703965431646,-0.3848955594814747,1.3973611841382734
19.69984745979309,0.26167973500257824,0.2136349315364431,-0.2690582737333309,-0.40358741059999637,1.3923766905066677
19.799821853637695,0.25876005437469285,0.20943207750417772,-0.292780841982673,-0.43917126297400955,1.382887663206931
19.899698495864868,0.25558234531197277,0.2047438948042606,-0.30762572462280513,-0.4614385869342077,1.3769497101508779
20.00346302986145,0.24920514738818925,0.19502767579669808,-0.3335717946201942,-0.5003576919302913,1.3665712821519223
20.099692583084106,0.24628042087912141,0.19049929526344372,-0.3351004619265101,-0.5026506928897652,1.365959815229396
20.199961185455322,0.24343048742554305,0.18605365149756298,-0.35612921634911693,-0.5341938245236754,1.3575483134603532
20.30020761489868,0.2403020861183725,0.18111762552461189,-0.36247430753179266,-0.543711461297689,1.355010276987283
20.400012493133545,0.23403122773295676,0.17110836273280003,-0.3778901707908542,-0.5668352561862813,1.3488439316836582
20.5030415058136,0.23122645289104116,0.16664908193430789,-0.38607148664311763,-0.5791072299646765,1.345571405342753
20.599682092666626,0.2282051805911295,0.1617436291724421,-0.41140708253303115,-0.6171106237995467,1.3354371669867875
20.699676513671875,0.2282051805911295,0.1617436291724421,-0.41140708253303115,-0.6171106237995467,1.3354371669867875
20.799772024154663,0.22233531822257413,0.15189549743424427,-0.4382556615272169,-0.6573834922908254,1.3246977353891132
20.90010643005371,0.21934227185364072,0.14671774885031394,-0.46173611133338266,-0.692604167000074,1.3153055554666468
20.999752044677734,0.2165487662637138,0.14176530245853877,-0.48304015090734126,-0.7245602263610119,1.3067839396370635
21.099813222885132,0.21310885931924345,0.13567731154103932,-0.48342142641159297,-0.7251321396173894,1.3066314294353627
21.199668169021606,0.21003022017491113,0.13038209719385854,-0.48297778900786303,-0.7244666835117946,1.3068088843968548
21.300745964050293,0.20306002078442054,0.11885063491045718,-0.4861793750960328,-0.7292690626440492,1.3055282499615868
21.403568744659424,0.19878917548131553,0.11205168580315608,-0.490930865206757,-0.7363962978101355,1.3036276539172973
21.50358557701111,0.19499582309306693,0.10615727396034395,-0.49547908364923776,-0.7432186254738566,1.3018083665403049
21.59984016418457,0.1906569699750568,0.09956307649029787,-0.5024142354741663,-0.7536213532112495,1.2990343058103335
21.69977355003357,0.18390696808995713,0.08958951390741497,-0.5149708878284449,-0.7724563317426674,1.294011644868622
21.899778842926025,0.17776975980200896,0.08064431194000007,2.057497998401741,3.0862469976026112,0.6770008006393036
21.999802589416504,0.17482231650182528,0.0760679848510197,2.0383989703044514,3.0575984554566773,0.6846404118782194
22.09973978996277,0.1721194931440949,0.07160270479202538,2.0117062782581376,3.0175594173872065,0.6953174886967449
22.201112747192383,0.16659522998668505,0.061548243099327736,1.97397956634254,2.96096934951381,0.710408173462984
22.299684286117554,0.16412522357941928,0.05661870060034585,1.9556866184116966,2.9335299276175446,0.7177253526353213
22.399713039398193,0.16412522357941928,0.05661870060034585,1.9556866184116966,2.9335299276175446,0.7177253526353213
22.49965190887451,0.159039911573665,0.0453442352981384,1.9127276869351102,2.8690915304026654,0.7349089252259559
22.599672317504883,0.1568621496881504,0.03994101359503828,1.8936304442762295,2.840445666414344,0.7425478222895081
22.699815034866333,0.15437911625051023,0.033258925969911556,1.8713700467937133,2.80705507019057,0.7514519812825147
22.799790143966675,0.15221980397780407,0.026777461059663214,1.8466081149009599,2.76991217235144,0.761356754039616
22.899889707565308,0.15037347771842474,0.020577125806761108,1.8186207931964713,2.727931189794707,0.7725516827214114
23.000770092010498,0.14852624872775988,0.013539516306170278,1.7951885450355891,2.6927828175533834,0.7819245819857643
23.102102518081665,0.1454534806155818,-0.0014011443172222931,1.7390557865203218,2.608583679780483,0.8043776853918713
23.20356512069702,0.14436556587191085,-0.008618893180877022,1.7136206025743699,2.570430903861555,0.814551758970252
23.29978919029236,0.14342048268636082,-0.016760708006617504,1.688283732698987,2.5324255990484805,0.8246865069204051
23.401143312454224,0.14273906053520824,-0.025168596333013053,1.6639073001363436,2.4958609502045155,0.8344370799454626
23.502423763275146,0.14221449200144606,-0.042753812258010546,1.6176331167159264,2.4264496750738895,0.8529467533136295
23.599750518798828,0.1423659149757775,-0.05113508020820768,1.5973680439811588,2.3960520659717384,0.8610527824075365
23.69981336593628,0.142872012323476,-0.0613163689905633,1.5761027465769435,2.3641541198654155,0.8695589013692225
23.80235767364502,0.14358117069210125,-0.07012930423096797,1.5583898117932509,2.337584717689876,0.8766440752826996
23.90011954307556,0.14562914492816337,-0.08752690918284835,1.5348721126998757,2.3023081690498133,0.8860511549200497
23.999754667282104,0.1468963461399555,-0.09607201756350306,1.5270866694982532,2.29063000424738,0.8891653322006987
24.0997576713562,0.1481918503149383,-0.10395329721632206,1.5215542193587697,2.2823313290381546,0.8913783122564921
24.200565338134766,0.14985259187380642,-0.11292562905356723,1.5102881072073089,2.2654321608109633,0.8958847571170764
24.299729824066162,0.1535946223279071,-0.13031821462749113,1.4933922907202715,2.2400884360804074,0.9026430837118914
24.40037441253662,0.15593538436681814,-0.1398515730934915,1.4826244010726368,2.2239366016089552,0.9069502395709452
24.49982476234436,0.15593538436681814,-0.1398515730934915,1.4826244010726368,2.2239366016089552,0.9069502395709452
24.603571891784668,0.1606248133070502,-0.1567126196722126,1.4637438552935385,2.195615782940308,0.9145024578825846
24.699742555618286,0.166288127422093,-0.1745198715298219,1.450444963181177,2.175667444771766,0.9198220147275291
24.803622722625732,0.16909477769360873,-0.1826138615463091,1.4443687866501078,2.166553179975162,0.9222524853399569
24.89980125427246,0.16909477769360873,-0.1826138615463091,1.4443687866501078,2.166553179975162,0.9222524853399569
25.00030517578125,0.1763202207838377,-0.20145830261877226,1.4215976562944594,2.1323964844416894,0.9313609374822162
25.099873304367065,0.18434399336886423,-0.21993212673923726,1.4061401742420219,2.1092102613630326,0.9375439303031913
25.19970202445984,0.18841798829973147,-0.22870184670227967,1.4042077692705504,2.1063116539058253,0.9383168922917798
25.29980444908142,0.18841798829973147,-0.22870184670227967,1.4042077692705504,2.1063116539058253,0.9383168922917798
25.40287947654724,0.19668101971009322,-0.2456204090634837,1.400560336649863,2.1008405049747942,0.9397758653400549
25.499695777893066,0.20115144447140468,-0.2543517042743439,1.4001780424344772,2.1002670636517156,0.9399287830262091
25.59976601600647,0.20578855456594686,-0.2631406726080783,1.39863004552965,2.097945068294475,0.9405479817881399
25.699729681015015,0.21067406350632742,-0.27207053074017606,1.3942879403809667,2.0914319105714503,0.9422848238476133
25.799667358398438,0.2153817075176869,-0.28036154165356336,1.3892360731566802,2.0838541097350203,0.9443055707373279
25.899801015853882,0.22078435728659596,-0.28953403453182136,1.3861455111026997,2.0792182666540495,0.9455417955589202
25.999839782714844,0.2325337423414756,-0.30817405648064544,1.3679107190469066,2.05186607857036,0.9528357123812373
26.103562355041504,0.23892345997243009,-0.3175825084502669,1.3577596572263249,2.0366394858394874,0.9568961371094701
26.199987649917603,0.23892345997243009,-0.3175825084502669,1.3577596572263249,2.0366394858394874,0.9568961371094701
26.299823999404907,0.2524878778822286,-0.33609436310202634,1.3366802556207802,2.0050203834311704,0.9653278977516879
26.40362572669983,0.26768003562136367,-0.35478595375988253,1.3136578998092863,1.9704868497139294,0.9745368400762855
26.503578186035156,0.2747482188456434,-0.36284472342085733,1.3030909760839842,1.9546364641259761,0.9787636095664063
26.599661588668823,0.2747482188456434,-0.36284472342085733,1.3030909760839842,1.9546364641259761,0.9787636095664063
26.703571319580078,0.291782136473929,-0.3808444222288405,1.2797661029730811,1.9196491544596217,0.9880935588107675
26.803585529327393,0.3082424340733936,-0.3965213472670394,1.2563381018072417,1.8845071527108626,0.9974647592771033
26.899798154830933,0.31721632830913377,-0.40443813999909695,1.244483737390376,1.8667256060855641,1.0022065050438496
26.999591827392578,0.31721632830913377,-0.40443813999909695,1.244483737390376,1.8667256060855641,1.0022065050438496
27.10055160522461,0.3350746664270134,-0.41906612184431685,1.2230802556627856,1.8346203834941783,1.0107678977348857
27.19966149330139,0.3534973550851696,-0.43279171390943705,1.2106381852798869,1.8159572779198303,1.0157447258880452
27.299742937088013,0.36301441002707024,-0.4394723508454188,1.2074061248261154,1.8111091872391731,1.0170375500695539
27.399718046188354,0.36301441002707024,-0.4394723508454188,1.2074061248261154,1.8111091872391731,1.0170375500695539
27.49970531463623,0.3826287894934216,-0.45244186312087986,1.1982768899827831,1.7974153349741746,1.0206892440068867
27.59983205795288,0.3927962289719196,-0.4587649882220779,1.1943801314494564,1.7915701971741846,1.0222479474202175
27.699979543685913,0.40327210662145424,-0.464994192755052,1.1862711453923098,1.7794067180884647,1.0254915418430761
27.803451538085938,0.4139540839539415,-0.4710092858282484,1.1774604238986566,1.7661906358479849,1.0290158304405375
27.900098085403442,0.42480724192739194,-0.4768024232915072,1.1727315701039698,1.7590973551559546,1.030907371958412
27.999712467193604,0.446798432125097,-0.48771830384833714,1.1639968221332455,1.7459952331998683,1.0344012711467019
28.09975004196167,0.4580143068996125,-0.4928939433626043,1.1602397237823614,1.740359585673542,1.0359041104870554
28.19970393180847,0.4693475697719389,-0.4978790941976632,1.159978939605948,1.7399684094089218,1.0360084241576208
28.299694776535034,0.4816959974633463,-0.5030846951095094,1.16289870056109,1.744348050841635,1.034840519775564
28.399816036224365,0.5047799597117021,-0.5122115386520041,1.1636441811053313,1.745466271657997,1.0345423275578676
28.501620292663574,0.5281638938020549,-0.5206428776762644,1.1662969454499077,1.7494454181748615,1.0334812218200369
28.600128650665283,0.5281638938020549,-0.5206428776762644,1.1662969454499077,1.7494454181748615,1.0334812218200369
28.699766159057617,0.5528167571509136,-0.5285938888041356,1.16493178359083,1.747397675386245,1.034027286563668
28.80358600616455,0.564751837671372,-0.5321280131457471,1.163620358316928,1.745430537475392,1.0345518566732288
28.900299787521362,0.5878099644915223,-0.5384656218902389,1.1748048906667403,1.7622073360001105,1.030078043733304
29.0000102519989,0.5878099644915223,-0.5384656218902389,1.1748048906667403,1.7622073360001105,1.030078043733304
29.099838972091675,0.6119202352051496,-0.5443645408045114,1.1773969649920075,1.7660954474880113,1.029041214003197
29.203672409057617,0.624022498790041,-0.5470546754177613,1.178950253247393,1.7684253798710894,1.028419898701043
29.29972219467163,0.6483068679205508,-0.5518891046551905,1.1842954770876126,1.776443215631419,1.026281809164955
29.39985680580139,0.6483068679205508,-0.5518891046551905,1.1842954770876126,1.776443215631419,1.026281809164955
29.50009846687317,0.6726381440656953,-0.5560229349510123,1.1971467870258228,1.7957201805387342,1.0211412851896708
29.59965705871582,0.683751930340394,-0.5577628122621876,1.2072178618023084,1.8108267927034625,1.0171128552790767
29.699714422225952,0.6958511169703667,-0.559549460889557,1.2148990704862475,1.8223486057293712,1.014040371805501
29.799720525741577,0.7089181791381594,-0.5613250128995775,1.2185524911435224,1.8278287367152837,1.012579003542591
29.90006732940674,0.7089181791381594,-0.5613250128995775,1.2185524911435224,1.8278287367152837,1.012579003542591
30.000094890594482,0.7319967910298898,-0.5639436014172315,1.2246895016403512,1.8370342524605268,1.0101241993438594
30.099735498428345,0.7440382109435955,-0.5650067462932258,1.2242349803861103,1.8363524705791656,1.010306007845556
30.199668169021606,0.7681672721682568,-0.5664461751251065,1.2226162666041762,1.8339243999062642,1.0109534933583295
30.299699068069458,0.7681672721682568,-0.5664461751251065,1.2226162666041762,1.8339243999062642,1.0109534933583295
30.400160789489746,0.7802604851674767,-0.5668141876678747,1.221434252222682,1.8321513783340229,1.0114262991109273
30.49971866607666,0.804482927071919,-0.5668209024236374,1.2208908827172371,1.8313363240758558,1.0116436469131052
30.599700212478638,0.8290047106965438,-0.5661174108306786,1.2353529165811608,1.853029374871741,1.0058588333675358
30.699713468551636,0.8290047106965438,-0.5661174108306786,1.2353529165811608,1.853029374871741,1.0058588333675358
30.799737215042114,0.8410583092387877,-0.5655193762916019,1.2396874026001254,1.859531103900188,1.0041250389599499
30.899901390075684,0.8530972603787705,-0.5647224913006386,1.2399277471688854,1.859891620753328,1.004028901132446
30.99979066848755,0.8651182132625987,-0.5636976100036452,1.2404170240819514,1.8606255361229271,1.0038331903672195
31.099783420562744,0.8890883334201823,-0.560816597675498,1.231687336603514,1.847531004905271,1.0073250653585943
31.200092554092407,0.8890883334201823,-0.560816597675498,1.231687336603514,1.847531004905271,1.0073250653585943
31.30361008644104,0.9000677042593929,-0.559097432400351,1.2269178738313449,1.8403768107470173,1.0092328504674621
31.399787187576294,0.9238880347137863,-0.5544727868122659,1.2169600486247651,1.8254400729371478,1.013215980550094
31.49976348876953,0.9475703790641696,-0.5487135949130089,1.2182228690042,1.8273343035063,1.01271085239832
31.59982705116272,0.9475703790641696,-0.5487135949130089,1.2182228690042,1.8273343035063,1.01271085239832
31.70009207725525,0.9603084034622291,-0.5452540137513507,1.2241132187841828,1.8361698281762742,1.0103547124863268
31.800049304962158,0.9719866685734608,-0.5418513554722952,1.2264267557392272,1.8396401336088408,1.0094292977043091
31.89988660812378,0.983564999134735,-0.53823762571077,1.2268713515331746,1.840307027299762,1.00925145938673
31.999635934829712,1.0054489975683063,-0.5305388557614134,1.2171344044541736,1.8257016066812604,1.0131462382183305
32.10010576248169,1.0054489975683063,-0.5305388557614134,1.2171344044541736,1.8257016066812604,1.0131462382183305
32.20180344581604,1.0167292536696777,-0.5260800749074797,1.2126930632506732,1.8190395948760099,1.0149227746997307
32.29983997344971,1.0398653144871817,-0.5158502758955085,1.2053644580809149,1.8080466871213723,1.017854216767634
32.399712324142456,1.0606795908027231,-0.5053507223951503,1.1990848858646506,1.7986273287969758,1.0203660456541397
32.50355648994446,1.0713679881409603,-0.4994654173075162,1.1971252219517519,1.7956878329276278,1.0211499112192992
32.59969425201416,1.0713679881409603,-0.4994654173075162,1.1971252219517519,1.7956878329276278,1.0211499112192992
32.69972038269043,1.0931961666781636,-0.4863711695021625,1.195409878451253,1.7931148176768796,1.0218360486194988
32.79972839355469,1.1127203164983133,-0.47338294588968133,1.1957117609666432,1.7935676414499648,1.0217152956133426
32.89989399909973,1.1235248405281533,-0.46567300499438224,1.198543614200613,1.7978154213009194,1.0205825543197549
32.99968075752258,1.132527219924621,-0.45895198246590263,1.2022299631226525,1.8033449446839787,1.019108014750939
33.09978175163269,1.1527667213378303,-0.44303758825033146,1.2199008850876436,1.8298513276314654,1.0120396459649426
33.19994759559631,1.1621483618408526,-0.43527529478508914,1.226198039745893,1.8392970596188394,1.009520784101643
33.299792528152466,1.1621483618408526,-0.43527529478508914,1.226198039745893,1.8392970596188394,1.009520784101643
33.39964723587036,1.179678847597362,-0.4199741937745527,1.241167645569767,1.8617514683546506,1.003532941772093
33.49960136413574,1.1973475507537577,-0.40352007567572823,1.2612436774303415,1.8918655161455122,0.9955025290278634
33.60039448738098,1.2066303351706944,-0.3944456686755608,1.269078303147765,1.9036174547216476,0.992368678740894
33.69993305206299,1.2150378141955755,-0.3859654429528258,1.283115308691929,1.9246729630378934,0.9867538765232284
33.799768686294556,1.2314537541316688,-0.36878912277565434,1.311792184588195,1.9676882768822925,0.975283126164722
33.901299476623535,1.2394582090525956,-0.3601620666740389,1.3305856862246452,1.9958785293369679,0.9677657255101418
33.99969959259033,1.247332885922133,-0.35151262620485135,1.3453392314606654,2.0180088471909983,0.9618643074157338
34.09973382949829,1.247332885922133,-0.35151262620485135,1.3453392314606654,2.0180088471909983,0.9618643074157338
34.19975566864014,1.2549670058002451,-0.34285524005318496,1.3515447747449674,2.027317162117451,0.959382090102013
34.30072617530823,1.2696982760633322,-0.32517341824473384,1.3674074947953785,2.051111242193068,0.9530370020818486
34.40354299545288,1.2767498554797423,-0.31618362430777863,1.3732637567260508,2.0598956350890765,0.9506944973095797
34.49982690811157,1.2830330920648123,-0.3078362654070536,1.3792179013691688,2.0688268520537534,0.9483128394523325
34.59983730316162,1.2897315347305676,-0.2986604989103036,1.3953530628213437,2.0930295942320156,0.9418587748714625
34.69967794418335,1.3026452847624626,-0.2801600499131412,1.4204437552759779,2.130665632913967,0.9318224978896088
34.799808740615845,1.3088487101716875,-0.27088011039488097,1.4325784049885488,2.1488676074828232,0.9269686380045804
34.89971995353699,1.3148829356066873,-0.2615350014484406,1.441375856083944,2.162063784125916,0.9234496575664224
34.99963688850403,1.3148829356066873,-0.2615350014484406,1.441375856083944,2.162063784125916,0.9234496575664224
35.099769115448,1.3202017806954152,-0.2529103806056265,1.4437812492024413,2.165671873803662,0.9224875003190235
35.20305681228638,1.331587959788097,-0.23287382869105488,1.449423326772819,2.1741349901592284,0.9202306692908724
35.2999587059021,1.3362544673615704,-0.22388816269168493,1.4503464330345355,2.175519649551803,0.9198614267861858
35.399754762649536,1.3411436027054529,-0.21396135973087757,1.4619186694687378,2.1928780042031066,0.9152325322125049
35.499852657318115,1.3411436027054529,-0.21396135973087757,1.4619186694687378,2.1928780042031066,0.9152325322125049
35.599828481674194,1.3458164155673946,-0.20399521827995853,1.4625732555085167,2.193859883262775,0.9149706977965933
35.70270848274231,1.354753340435443,-0.18260033331151587,1.4622531843575253,2.193379776536288,0.9150987262569898
35.799715518951416,1.3582482435941525,-0.17312561439012736,1.46076446380056,2.19114669570084,0.9156942144797761
35.900410175323486,1.3617734097998158,-0.16268999079974525,1.4593294888843813,2.188994233326572,0.9162682044462475
35.99960446357727,1.3617734097998158,-0.16268999079974525,1.4593294888843813,2.188994233326572,0.9162682044462475
36.0998911857605,1.3669533622413013,-0.1440042577855714,1.4256054370457063,2.1384081555685595,0.9297578251817175
36.19971227645874,1.3669533622413013,-0.1440042577855714,1.4256054370457063,2.1384081555685595,0.9297578251817175
36.30036973953247,1.370596402736307,-0.125433818427518,1.4070686772018437,2.1106030158027655,0.9371725291192625
36.39968919754028,1.3722152299879626,-0.11449586132886225,1.4038560018221877,2.1057840027332815,0.9384575992711249
36.50253415107727,1.3734366534982028,-0.10411432255148519,1.4079137281951386,2.111870592292708,0.9368345087219445
36.599679708480835,1.3743967127318977,-0.0943761738221873,1.408714675855343,2.1130720137830146,0.9365141296578627
36.69967031478882,1.3757900937276406,-0.0728400705731136,1.4164503037914264,2.1246754556871394,0.9334198784834294
36.79961848258972,1.3759649719271803,-0.06241390549749721,1.4028466816117353,2.104270022417603,0.9388613273553058
36.8997688293457,1.3759649719271803,-0.06241390549749721,1.4028466816117353,2.104270022417603,0.9388613273553058
36.99992394447327,1.3757653997210968,-0.0518021937042492,1.4003782769163484,2.1005674153745226,0.9398486892334607
37.09985089302063,1.3742931653501835,-0.030182657675461386,1.3908396341121325,2.086259451168199,0.943664146355147
37.199801206588745,1.3713476733421932,-0.008384299897720443,1.3809804973681903,2.0714707460522854,0.9476078010527239
37.29989314079285,1.3692797733069655,0.0026521292162922003,1.3750467463842304,2.0625701195763457,0.9499813014463078
37.39981722831726,1.3668704805171619,0.013736554640847776,1.3836819627997798,2.07552294419967,0.9465272148800881
37.49982047080994,1.3614431448787492,0.0348599690675581,1.3967582179010078,2.095137326851512,0.9412967128395968
37.599687337875366,1.3582425597284526,0.045781823369276414,1.4021180499289427,2.103177074893414,0.9391527800284228
37.699872970581055,1.354585176875872,0.05747665540681058,1.4151998277929414,2.122799741689412,0.9339200688828234
37.799704790115356,1.3509693312614601,0.06811261241163816,1.4290977060068555,2.1436465590102833,0.9283609175972578
37.89971327781677,1.3435260256998014,0.08827977355899712,1.4543895583735298,2.181584337560295,0.9182441766505881
37.99970459938049,1.3393869963265785,0.09861078621357341,1.4650364637146522,2.1975546955719785,0.9139854145141391
38.09976601600647,1.335124825647011,0.10877180745604303,1.4825217301749583,2.2237825952624375,0.9069913079300167
38.1998336315155,1.3307339721834737,0.11878601954228121,1.490391465514309,2.2355871982714635,0.9038434137942765
38.29985952377319,1.3213959511100652,0.1384992974973154,1.5137853960769958,2.270678094115494,0.8944858415692016
38.40357828140259,1.3169445257622827,0.1473756244597,1.532672758697838,2.299009138046757,0.8869308965208648
38.49995732307434,1.3169445257622827,0.1473756244597,1.532672758697838,2.299009138046757,0.8869308965208648
38.60355854034424,1.3067658756232823,0.1661368817465115,1.546524947800224,2.3197874217003362,0.8813900208799104
38.69974184036255,1.2962588465167468,0.18354586085872052,1.5603387638891724,2.3405081458337587,0.875864494444331
38.79967999458313,1.2905591406276795,0.19245781528997796,1.584737558209181,2.3771063373137715,0.8661049767163276
38.89967703819275,1.2905591406276795,0.19245781528997796,1.584737558209181,2.3771063373137715,0.8661049767163276
38.99983811378479,1.2788398335520963,0.20981214338481846,1.6001710574833707,2.400256586225056,0.8599315770066517
39.0995934009552,1.2727113518453608,0.21825849490130317,1.6062032870443146,2.409304930566472,0.8575186851822741
39.200461864471436,1.266465433947327,0.22644325462537124,1.6105912032844627,2.415886804926694,0.8557635186862149
39.29977250099182,1.2600459903377617,0.23442312443000649,1.6139049562807168,2.4208574344210754,0.8544380174877132
39.399805784225464,1.2600459903377617,0.23442312443000649,1.6139049562807168,2.4208574344210754,0.8544380174877132
39.499799966812134,1.247196462205504,0.24920180762614802,1.6193193436878526,2.428979015531779,0.8522722625248589
39.59971785545349,1.2323927629953213,0.2644827623767411,1.6222369282817157,2.4333553924225737,0.8511052286873136
39.699735164642334,1.2256516895282434,0.2709777744109205,1.6392560677562484,2.4588841016343728,0.8442975728975006
39.79968452453613,1.2256516895282434,0.2709777744109205,1.6392560677562484,2.4588841016343728,0.8442975728975006
39.89982724189758,1.2099922746350542,0.28550318199729685,1.6657274104390736,2.4985911156586105,0.8337090358243705
39.9996612071991,1.2029065004774944,0.29169626317464753,1.670430532874031,2.5056457993110466,0.8318277868503876
40.09968090057373,1.1949897435072656,0.2983011767791151,1.6729658865100066,2.50944882976501,0.8308136453959973
40.199766635894775,1.1864535941982846,0.3050136669302433,1.6734112997557402,2.5101169496336104,0.8306354800977038
40.299712896347046,1.179081791596434,0.3104635177117581,1.6707124284225447,2.5060686426338172,0.831715028630982
40.39983677864075,1.1708591491065283,0.31619772180735606,1.6683361264546337,2.5025041896819507,0.8326655494181465
40.50540781021118,1.153886454263238,0.3268456271895575,1.6581195329881189,2.4871792994821784,0.8367521868047524
40.60356116294861,1.1451102647874407,0.33176389416844165,1.652724991785263,2.4790874876778948,0.8389100032858947
40.699668645858765,1.1451102647874407,0.33176389416844165,1.652724991785263,2.4790874876778948,0.8389100032858947
40.8035671710968,1.1270341124914707,0.3407394089271987,1.6414812879300842,2.4622219318951264,0.8434074848279662
40.89976477622986,1.1092275076652478,0.34819709872532695,1.6449163200105865,2.46737448001588,0.8420334719957654
40.99985456466675,1.1024486745532742,0.35078569347185923,1.6444988306608572,2.466748245991286,0.842200467735657
41.099788188934326,1.1024486745532742,0.35078569347185923,1.6444988306608572,2.466748245991286,0.842200467735657
41.19990158081055,1.087961355415185,0.3559058544299726,1.6484831887432574,2.472724783114886,0.840606724502697
41.299800395965576,1.0808083031144269,0.35822518907934525,1.6557052771529464,2.4835579157294196,0.8377178891388214
41.40037298202515,1.0735392746117833,0.3604515333982571,1.6561990598705532,2.48429858980583,0.8375203760517786
41.503621101379395,1.0666292623249265,0.3623729070604828,1.6444605176183071,2.466690776427461,0.8422157929526771
41.599658250808716,1.0666292623249265,0.3623729070604828,1.6444605176183071,2.466690776427461,0.8422157929526771
41.70079946517944,1.050665815595982,0.3659892778420057,1.623563022376133,2.4353445335641997,0.8505747910495467
41.79968857765198,1.0422446696418082,0.36747259585984593,1.6147993028197984,2.4221989542296978,0.8540802788720806
41.899765968322754,1.0245447818782578,0.36973077821516853,1.600855816242498,2.401283724363747,0.8596576735030008
41.999828815460205,1.0245447818782578,0.36973077821516853,1.600855816242498,2.401283724363747,0.8596576735030008
42.09980654716492,1.0057515241651198,0.37104441457105786,1.5979367231308415,2.3969050846962623,0.8608253107476633
42.19967174530029,0.9867555883712992,0.371456996919577,1.6049421214499653,2.407413182174948,0.8580231514200138
42.29983139038086,0.9762390769867639,0.37138413356911615,1.618071110641358,2.427106665962037,0.8527715557434568
42.39970874786377,0.9650420662994172,0.3711334439669385,1.6382546080651097,2.4573819120976648,0.8446981567739561
42.499791860580444,0.9445423707577479,0.3703316704064184,1.668359291327246,2.5025389369908693,0.8326562834691016
42.599682569503784,0.9251958135155417,0.36903846881552543,1.6942952616426368,2.541442892463955,0.8222818953429453
42.70038199424744,0.9251958135155417,0.36903846881552543,1.6942952616426368,2.541442892463955,0.8222818953429453
42.79976272583008,0.9104544187428737,0.36776117503551625,1.7129826137619355,2.569473920642903,0.8148069544952258
42.900115728378296,0.9051796576725768,0.3672001796931332,1.7110861752278193,2.5666292628417287,0.8155655299088722
42.999669313430786,0.7946517478198784,0.35176901762495827,1.9271457486868144,2.8907186230302218,0.7291417005252742
43.099727392196655,0.7946517478198784,0.35176901762495827,1.9271457486868144,2.8907186230302218,0.7291417005252742
43.19974493980408,0.7867729372902583,0.35027004821351154,1.9135854477219074,2.8703781715828613,0.734565820911237
43.302276372909546,0.7687315278274875,0.3458296015920166,1.8825733396384083,2.8238600094576123,0.7469706641446366
43.39997053146362,0.7532799587542671,0.340871769968075,1.859336643547087,2.789004965320631,0.7562653425811652
43.49976992607117,0.7532799587542671,0.340871769968075,1.859336643547087,2.789004965320631,0.7562653425811652
43.59980249404907,0.7505938705566103,0.3398901987426013,1.8438811029463262,2.765821654419489,0.7624475588214694
43.699949979782104,0.7429118852257478,0.3369003580294236,1.8426898178215485,2.764034726732323,0.7629240728713805
43.79998278617859,0.7429118852257478,0.3369003580294236,1.8426898178215485,2.764034726732323,0.7629240728713805
43.90218687057495,0.7349527963950249,0.3333654490437399,1.7873890477906293,2.681083571685944,0.7850443808837482
43.99979019165039,0.7349527963950249,0.3333654490437399,1.7873890477906293,2.681083571685944,0.7850443808837482
44.10228204727173,0.7307841465550537,0.3312231575153111,1.760154092969366,2.640231139454049,0.7959383628122536
44.20003890991211,0.7217663717219109,0.32590365624793627,1.7071739794066298,2.560760969109945,0.8171304082373481
44.29979133605957,0.7140756941513433,0.32061124252482465,1.6689992207011,2.50349883105165,0.83240031171956
44.40019106864929,0.7140756941513433,0.32061124252482465,1.6689992207011,2.50349883105165,0.83240031171956
44.50231146812439,0.7114278699589389,0.3186111817404786,1.6438348119372708,2.465752217905906,0.8424660752250916
44.60225701332092,0.7055833622971899,0.313749141511959,1.5988383408579105,2.398257511286866,0.8604646636568357
44.70012712478638,0.6996977811592381,0.30818445465943467,1.5559933575136926,2.333990036270539,0.8776026569945229
44.799750328063965,0.6996977811592381,0.30818445465943467,1.5559933575136926,2.333990036270539,0.8776026569945229
44.89988398551941,0.6964926841842076,0.3048679365342579,1.5366809640236618,2.305021446035493,0.8853276143905352
45.00241470336914,0.6898690105230447,0.2973751539910079,1.5023692726528508,2.253553908979276,0.8990522909388596
45.10231614112854,0.6830337728815999,0.2887196511129617,1.474343788025715,2.2115156820385726,0.9102624847897139
45.20232391357422,0.679554219665479,0.28394470853928316,1.4628757403425388,2.194313610513808,0.9148497038629845
45.2997510433197,0.679554219665479,0.28394470853928316,1.4628757403425388,2.194313610513808,0.9148497038629845
45.399842500686646,0.6736103118758873,0.27517897357899923,1.443590118922571,2.1653851783838567,0.9225639524309716
45.50494074821472,0.6678406179613985,0.265798858750138,1.426844775007285,2.1402671625109275,0.9292620899970859
45.602381467819214,0.6648097518669511,0.260505019012505,1.4196700600360874,2.1295050900541312,0.932131975985565
45.69995856285095,0.6617595759157259,0.25494246789543507,1.427595886289948,2.141393829434922,0.9289616454840207
45.799789905548096,0.6586082999619931,0.2491641236950831,1.4294696640038058,2.1442044960057087,0.9282121343984776
45.89973855018616,0.6524087015893993,0.23742012700197607,1.4446796222536227,2.167019433380434,0.922128151098551
46.00224804878235,0.6524087015893993,0.23742012700197607,1.4446796222536227,2.167019433380434,0.922128151098551
46.099735260009766,0.6460643874516205,0.2248193704180127,1.469987452201402,2.204981178302103,0.9120050191194392
46.199780225753784,0.6425736651590027,0.2179700078747389,1.4900326258815986,2.235048938822398,0.9039869496473606
46.30050611495972,0.639047304879106,0.21088125598184584,1.4954985379146335,2.2432478068719504,0.9018005848341466
46.39990854263306,0.6358479182907041,0.20415611331055017,1.4949287732390963,2.2423931598586444,0.9020284907043614
46.499866008758545,0.632411592212634,0.19653963158072724,1.4932503639441195,2.2398755459161794,0.9026998544223522
46.602136850357056,0.6257710090053291,0.18043654282396138,1.4906333427534002,2.2359500141301005,0.9037466628986399
46.7023549079895,0.6225938939358179,0.17194051417317693,1.4896154005127795,2.2344231007691695,0.9041538397948882
46.802292823791504,0.6197866020554991,0.1638997446345569,1.4894292402083527,2.234143860312529,0.9042283039166589
46.89975905418396,0.6166004426123707,0.15403471225264806,1.4879190074189659,2.231878511128449,0.9048323970324136
46.99968194961548,0.6128696188039395,0.14100188614827167,1.4755920770696345,2.2133881156044515,0.9097631691721462
47.10229992866516,0.6112315851429458,0.13434416516316394,1.466523878930573,2.1997858183958594,0.9133904484277707
47.19974231719971,0.6098327238005717,0.12798169840208737,1.458242018882808,2.187363028324212,0.9167031924468768
47.29974579811096,0.6083052135387872,0.12005958924992532,1.4520346495083567,2.178051974262535,0.9191861401966573
47.404240131378174,0.6060326317538386,0.10674467598460294,1.4518281655061729,2.177742248259259,0.9192687337975308
47.499823808670044,0.6049869929066592,0.09876954730776223,1.4410397137655735,2.16155957064836,0.9235841144937705
47.60005569458008,0.6042755916837951,0.0921195344123632,1.4412779221240006,2.161916883186001,0.9234888311503997
47.69969987869263,0.6035798242959608,0.08479889228989232,1.4628437950313267,2.19426569254699,0.9148624819874693
47.7998206615448,0.6022036094520743,0.06986459922279575,1.4741851939492085,2.2112777909238126,0.9103259224203165
47.89971351623535,0.6017262984678163,0.06309491728563991,1.4876028005760562,2.2314042008640844,0.9049588797695775
47.99969220161438,0.6010573543918751,0.055520937081730275,1.5344417089877507,2.301662563481626,0.8862233164048997
48.099809885025024,0.6010573543918751,0.055520937081730275,1.5344417089877507,2.301662563481626,0.8862233164048997
48.1997504234314,0.6003904529276076,0.04771219646535086,1.5208851947766635,2.281327792164995,0.8916459220893346
48.29992961883545,0.5994354017959047,0.03208289778682821,1.5312314876556163,2.2968472314834245,0.8875074049377534
48.40083456039429,0.5991814487565258,0.02286971311039425,1.5246119715463415,2.2869179573195124,0.8901552113814634
48.50233054161072,0.5992387772835644,0.01412612738747465,1.5132383334021835,2.2698575001032752,0.8947046666391265
48.60027456283569,0.5995525954297101,0.005926202081676366,1.5025453534784663,2.2538180302176993,0.8989818586086135
48.69979786872864,0.6001900619682129,-0.0032287834125894546,1.4930518500983063,2.2395777751474597,0.9027792599606774
48.79983615875244,0.6024354409705902,-0.02215188882904354,1.477108430232673,2.2156626453490094,0.9091566279069309
48.89991784095764,0.6039099184171116,-0.031067669740316384,1.4704405073660356,2.2056607610490535,0.9118237970535857
48.99973654747009,0.6060330945951657,-0.04183756155776275,1.4660195028523368,2.1990292542785053,0.9135921988590653
49.09991383552551,0.6097972648666011,-0.05923252930904843,1.4954015065130637,2.2431022597695955,0.9018393973947745
49.19974708557129,0.6137074881636041,-0.07696472866606374,1.550859385529321,2.326289078293981,0.8796562457882716
49.29989767074585,0.6137074881636041,-0.07696472866606374,1.550859385529321,2.326289078293981,0.8796562457882716
49.399733543395996,0.6168128042198988,-0.09324196110346004,1.6185793550024723,2.4278690325037084,0.852568257999011
49.49974799156189,0.6195022183642683,-0.1094904069832213,1.6969884843393552,2.5454827265090327,0.8212046062642578
49.59979200363159,0.6206507407376035,-0.11765016024440005,1.7270041107821952,2.590506166173293,0.8091983556871218
49.70008444786072,0.6218219680368556,-0.12510944962620757,1.7266541573933445,2.5899812360900167,0.8093383370426621
49.80229949951172,0.6232437874560417,-0.1338016826657033,1.736791533120689,2.6051872996810332,0.8052833867517244
49.902318239212036,0.6263359553677549,-0.14932803217145463,1.730086207231404,2.5951293108471063,0.8079655171074384
50.0006947517395,0.6280727974611954,-0.15677448371321168,1.7303690027646947,2.595553504147042,0.8078523988941221
50.09977960586548,0.6301631193566611,-0.16491919618522852,1.7319425255281176,2.5979137882921766,0.807222989788753
50.19982075691223,0.6324159327511775,-0.1730597521923291,1.7283120359511592,2.592468053926739,0.8086751856195362
50.300293922424316,0.6368704669723813,-0.18801286253071903,1.7442542883467564,2.616381432520135,0.8022982846612974
50.399778604507446,0.6396691369193624,-0.19649264933649976,1.736767656165512,2.6051514842482684,0.8052929375337952
50.49977087974548,0.6419524731026192,-0.20324473413135868,1.7839600013260573,2.675940001989086,0.7864159994695771
50.599777936935425,0.6442395377262566,-0.21040721322600678,1.787233460487606,2.680850190731409,0.7851066158049576
50.69981026649475,0.6487060248868444,-0.224652519854599,1.8650555438091647,2.797583315713747,0.7539777824763341
50.799888134002686,0.650373331259778,-0.2312486390951151,1.9338658613026065,2.9007987919539096,0.7264536554789573
50.899760007858276,0.650373331259778,-0.2312486390951151,1.9338658613026065,2.9007987919539096,0.7264536554789573
50.999812841415405,0.6535289750482375,-0.2462019961987095,2.004069744906669,3.0061046173600037,0.6983721020373324
51.0999014377594,0.6547086696239511,-0.2531550491214116,2.0478039695715133,3.0717059543572702,0.6808784121713947
51.19977116584778,0.6558657696536887,-0.2615536246622745,2.078789825326144,3.118184737989216,0.6684840698695425
51.30243802070618,0.6570088903264267,-0.2687557806867587,2.0620202765447266,3.0930304148170897,0.6751918893821093
51.39976644515991,0.6570088903264267,-0.2687557806867587,2.0620202765447266,3.0930304148170897,0.6751918893821093
51.502299547195435,0.660356017597263,-0.2845295237575358,2.0230533113637876,3.0345799670456817,0.6907786754544849
51.60233020782471,0.6649938329333753,-0.30052630670145364,1.9835569464580063,2.9753354196870094,0.7065772214167975
51.69993472099304,0.6677639440111498,-0.30843073116923553,1.9636302359932931,2.94544535398994,0.7145479056026827
51.79975128173828,0.6677639440111498,-0.30843073116923553,1.9636302359932931,2.94544535398994,0.7145479056026827
51.899734020233154,0.6740570650175562,-0.32368398885587113,1.9251799912819914,2.887769986922987,0.7299280034872034
51.99981498718262,0.6818995859762369,-0.3392985278928234,1.8903888210540865,2.8355832315811296,0.7438444715783654
52.10107946395874,0.684533308962965,-0.3441201699787551,1.8892079832037219,2.833811974805583,0.7443168067185112
52.19976830482483,0.684533308962965,-0.3441201699787551,1.8892079832037219,2.833811974805583,0.7443168067185112
52.299877643585205,0.688820047351077,-0.3517762664149125,1.9106000336423619,2.8659000504635426,0.7357599865430552
52.39976263046265,0.6886121778754924,-0.3513920238010514,1.9309227767261312,2.896384165089197,0.7276308893095474
52.49978733062744,0.691480089854516,-0.35726969191738495,1.968212832275679,2.9523192484135183,0.7127148670897284
52.601364612579346,0.6951116633233003,-0.36469721016685264,1.9941524124284973,2.991228618642746,0.7023390350286011
52.700008153915405,0.6948136046404488,-0.364068752827193,2.0099134948040454,3.014870242206068,0.6960346020783819
52.7998104095459,0.6945280196501213,-0.3634391110986788,2.025726452146026,3.038589678219039,0.6897094191415896
52.90239143371582,0.7021336980840952,-0.3786703099311909,1.9641870643532107,2.946280596529816,0.7143251742587157
52.999714851379395,0.707923937952263,-0.38831292662661526,1.926621701044024,2.8899325515660363,0.7293513195823903
53.100035429000854,0.707923937952263,-0.38831292662661526,1.926621701044024,2.8899325515660363,0.7293513195823903
53.19981813430786,0.717935207522452,-0.4027957855997468,1.9053569474262297,2.858035421139345,0.737857221029508
53.29987335205078,0.717935207522452,-0.4027957855997468,1.9053569474262297,2.858035421139345,0.737857221029508
53.402305364608765,0.725937335320619,-0.41417140881865605,1.9063828173184858,2.859574225977729,0.7374468730726056
53.499924182891846,0.7317003527607266,-0.4212906431085218,1.8646050791732485,2.7969076187598727,0.7541579683307006
53.599968671798706,0.7317003527607266,-0.4212906431085218,1.8646050791732485,2.7969076187598727,0.7541579683307006
53.70088052749634,0.7357206215770685,-0.4259381127968998,1.8851240732725207,2.827686109908781,0.7459503706909917
53.799986600875854,0.7352129657464538,-0.42532730992990575,1.8986359138106255,2.847953870715938,0.7405456344757497
53.90110206604004,0.734268873933155,-0.42414664025676413,1.9160157007383907,2.874023551107586,0.7335937197046437
54.00230407714844,0.7343802703085842,-0.42428789784115245,1.914645190854558,2.871967786281837,0.7341419236581768
54.099859952926636,0.7343802703085842,-0.42428789784115245,1.914645190854558,2.871967786281837,0.7341419236581768
54.19977903366089,0.7407529864653841,-0.4317986162792898,1.8618054400921116,2.7927081601381674,0.7552778239631553
54.299708127975464,0.7444483768000195,-0.4357768223575641,1.860951813600935,2.7914277204014026,0.755619274559626
54.4003221988678,0.7444483768000195,-0.4357768223575641,1.860951813600935,2.7914277204014026,0.755619274559626
54.50230145454407,0.7485164546335963,-0.43985884122505153,1.8147635880201327,2.722145382030199,0.7740945647919468
54.599791288375854,0.7485164546335963,-0.43985884122505153,1.8147635880201327,2.722145382030199,0.7740945647919468
54.70004487037659,0.7556854088071818,-0.44623275445036986,1.7611120454484142,2.6416680681726215,0.7955551818206343
54.79994034767151,0.7599746741225407,-0.44965346014552227,1.7404059757140162,2.6106089635710243,0.8038376097143934
54.89974880218506,0.7606521158792608,-0.4501836796202253,1.7436479784826102,2.6154719677239155,0.8025408086069559
54.999879360198975,0.7605996754487832,-0.4501427513864986,1.744329627772435,2.616494441658652,0.8022681488910259
55.09994435310364,0.7605996754487832,-0.4501427513864986,1.744329627772435,2.616494441658652,0.8022681488910259
55.20012950897217,0.7660221082254864,-0.45407226195895956,1.6920106647937243,2.5380159971905867,0.8231957340825102
55.29983615875244,0.7694028412310937,-0.456296634094408,1.6724375625049106,2.508656343757366,0.8310249749980357
55.39978647232056,0.7694028412310937,-0.456296634094408,1.6724375625049106,2.508656343757366,0.8310249749980357
55.50155234336853,0.7728286361472833,-0.4585059829540671,1.6669061524710242,2.5003592287065364,0.8332375390115903
55.599756717681885,0.7728286361472833,-0.4585059829540671,1.6669061524710242,2.5003592287065364,0.8332375390115903
55.70643877983093,0.7801404632508109,-0.46267199476429444,1.6071823548655457,2.4107735322983186,0.8571270580537816
55.79985594749451,0.7835001098352307,-0.46435488211823095,1.5868787866360161,2.380318179954024,0.8652484853455935
55.89959502220154,0.784928564033599,-0.46503920395252835,1.5574357488080657,2.3361536232120983,0.8770257004767736
56.0012583732605,0.7875606921851581,-0.46614877727667187,1.525090481028962,2.287635721543443,0.8899638075884151
56.09995651245117,0.7875606921851581,-0.46614877727667187,1.525090481028962,2.287635721543443,0.8899638075884151
56.20230031013489,0.793998642761522,-0.46844055049928124,1.4604910029319353,2.1907365043979032,0.9158035988272258
56.2998731136322,0.7977049250099124,-0.4695232895111694,1.4304458599660168,2.145668789949025,0.9278216560135932
56.40006613731384,0.8058252590704273,-0.4714143548536429,1.3748738592781102,2.0623107889171655,0.9500504562887558
56.4998517036438,0.8058252590704273,-0.4714143548536429,1.3748738592781102,2.0623107889171655,0.9500504562887558
56.59979200363159,0.8058252590704273,-0.4714143548536429,1.3748738592781102,2.0623107889171655,0.9500504562887558
56.702364921569824,0.808732931871259,-0.47180701707340345,1.307265679871734,1.9608985198076008,0.9770937280513065
56.80244016647339,0.8127794665433616,-0.47222266587380574,1.2771098039577042,1.9156647059365564,0.9891560784169183
56.900116205215454,0.8199603688520234,-0.4726123247475974,1.228062653358607,1.8420939800379106,1.0087749386565572
56.99982738494873,0.8199603688520234,-0.4726123247475974,1.228062653358607,1.8420939800379106,1.0087749386565572
57.0997154712677,0.8243464910959714,-0.47255128123657014,1.1613776756230327,1.742066513434549,1.035448929750787
57.20009255409241,0.8283018353594985,-0.4722366778991807,1.1305121164631182,1.6957681746946773,1.0477951534147527
57.29982018470764,0.8331594532043357,-0.4716975915469792,1.1071451056983088,1.6607176585474632,1.0571419577206764
57.39981484413147,0.84355383194127,-0.4701325761794315,1.0771911217023455,1.6157866825535183,1.0691235513190618
57.499876976013184,0.84355383194127,-0.4701325761794315,1.0771911217023455,1.6157866825535183,1.0691235513190618
57.599899768829346,0.8502195952425965,-0.46889453977403794,1.0671408421236386,1.6007112631854579,1.0731436631505447
57.69970178604126,0.8606740709959225,-0.46670233259747906,1.0572095062666353,1.5858142593999531,1.0771161974933459
57.79961109161377,0.8620828270014723,-0.46634828657751626,1.0334497053351703,1.5501745580027555,1.0866201178659318
57.899946212768555,0.869277848021978,-0.46435108731831937,1.011791881325755,1.5176878219886323,1.095283247469698
57.9998733997345,0.869277848021978,-0.46435108731831937,1.011791881325755,1.5176878219886323,1.095283247469698
58.10026502609253,0.8747526056236359,-0.4626961714714113,1.0069630321515273,1.5104445482272908,1.0972147871393891
58.199891090393066,0.8881397379449523,-0.45831939569687846,0.9946168951080788,1.4919253426621182,1.1021532419567683
58.29978013038635,0.8881397379449523,-0.45831939569687846,0.9946168951080788,1.4919253426621182,1.1021532419567683
58.402289152145386,0.8990848202733076,-0.4542445565083472,0.9798298449716104,1.4697447674574156,1.1080680620113559
58.499807357788086,0.8990848202733076,-0.4542445565083472,0.9798298449716104,1.4697447674574156,1.1080680620113559
58.59988522529602,0.9058242990670151,-0.45154267161678646,0.9756248061583224,1.4634372092374837,1.109750077536671
58.69966983795166,0.9142929799311825,-0.4479778966726283,0.977807883533227,1.4667118252998406,1.1088768465867092
58.800514459609985,0.9142929799311825,-0.4479778966726283,0.977807883533227,1.4667118252998406,1.1088768465867092
58.904918909072876,0.927461440846878,-0.4419578601902438,0.9625551893882925,1.4438327840824388,1.114977924244683
58.99975895881653,0.927461440846878,-0.4419578601902438,0.9625551893882925,1.4438327840824388,1.114977924244683
59.099727630615234,0.934633132253329,-0.43847029577748,0.9635290831015273,1.445293624652291,1.114588366759389
59.1998176574707,0.9488858519046981,-0.4312862408929247,0.9797356806257977,1.4696035209386966,1.1081057277496809
59.30024552345276,0.9493782635601431,-0.4310360662814149,0.9868651827482278,1.4802977741223415,1.105253926900709
59.39981412887573,0.9569343490386666,-0.427122551298138,0.9819399954949348,1.4729099932424021,1.107224001802026
59.49994158744812,0.9569343490386666,-0.427122551298138,0.9819399954949348,1.4729099932424021,1.107224001802026
59.59982228279114,0.9636964169010621,-0.4234563077119975,0.9803742889549278,1.4705614334323918,1.107850284418029
59.69969367980957,0.9758391269402017,-0.41658247140131965,0.9883969398152775,1.4825954097229164,1.104641224073889
59.799888610839844,0.9758391269402017,-0.41658247140131965,0.9883969398152775,1.4825954097229164,1.104641224073889
59.902278900146484,0.9871866335735182,-0.4097822427083632,0.9845295028439272,1.4767942542658907,1.1061881988624291
59.999757528305054,0.9939887330257658,-0.4054890647659104,0.985665699760456,1.4784985496406842,1.1057337200958175
60.09989285469055,0.9939887330257658,-0.4054890647659104,0.985665699760456,1.4784985496406842,1.1057337200958175
60.20002460479736,1.0084459078476813,-0.39595121308597686,0.9974736084841073,1.4962104127261608,1.101010556606357
60.29984521865845,1.0160946610124963,-0.39078562751173657,1.0176259574160327,1.5264389361240491,1.0929496170335868
60.39981508255005,1.018671922880377,-0.3890471920287605,1.0322035913604255,1.5483053870406382,1.0871185634558298
60.49990510940552,1.02403044320614,-0.38538503031761157,1.0254780043432268,1.5382170065148402,1.0898087982627094
60.60011649131775,1.02403044320614,-0.38538503031761157,1.0254780043432268,1.5382170065148402,1.0898087982627094
60.699867486953735,1.037314873145771,-0.37584685736963747,1.0341930165974096,1.5512895248961143,1.0863227933610362
60.79979681968689,1.0442658040018558,-0.3706529243248765,1.0425152034200433,1.563772805130065,1.0829939186319826
60.89975547790527,1.0514075431836927,-0.365200402230588,1.053364264775003,1.5800463971625045,1.0786542940899988
60.999818086624146,1.0531425212714396,-0.363866217521721,1.070094309450686,1.605141464176029,1.0719622762197256
61.09994912147522,1.0573158041081374,-0.3606718121671715,1.0704626064690517,1.6056939097035774,1.0718149574123794
61.19979214668274,1.0632820748515488,-0.3558393727385097,1.0512308587689156,1.5768462881533734,1.0795076564924337
61.30228900909424,1.0688439961534977,-0.3511208971713175,1.0534985414212028,1.5802478121318042,1.0786005834315189
61.39989900588989,1.0755304840765163,-0.34525779736893486,1.0574924803173396,1.5862387204760093,1.0770030078730641
61.49972462654114,1.079751910470507,-0.341477821771053,1.061482004434463,1.5922230066516945,1.0754071982262148
61.59965133666992,1.0918725027964054,-0.329667666675424,1.037826610400257,1.5567399156003854,1.0848693558398972
61.69992399215698,1.0918725027964054,-0.329667666675424,1.037826610400257,1.5567399156003854,1.0848693558398972
61.80009317398071,1.0970511401768934,-0.32405426078337857,1.016116896603203,1.5241753449048046,1.0935532413587188
61.902292013168335,1.1026639226900736,-0.3176244828313185,1.02393495767403,1.535902436511045,1.090426016930388
61.9997136592865,1.1083665484467122,-0.31091766841934354,1.0340797164764968,1.551119574714745,1.0863681134094012
62.10233736038208,1.119559212590621,-0.2972916319363768,1.0607584448279133,1.59113766724187,1.0756966220688347
62.202287435531616,1.1259545036431982,-0.2892487209130302,1.0757837571865148,1.6136756357797721,1.069686497125394
62.29981970787048,1.1319615285060658,-0.2815562129401294,1.0977528465681892,1.6466292698522838,1.0608988613727244
62.39994025230408,1.1375440175918812,-0.2743002967451002,1.1167005782859805,1.6750508674289706,1.0533197686856077
62.50231957435608,1.1502718434506285,-0.2572563138291631,1.1605124945702454,1.7407687418553681,1.0357950021719018
62.59980249404907,1.15743504148886,-0.24729915806762878,1.1820488340307684,1.7730732510461527,1.0271804663876927
62.70089340209961,1.1630661063658216,-0.2392664716233175,1.2052697308785056,1.8079045963177585,1.0178921076485978
62.79981064796448,1.1630661063658216,-0.2392664716233175,1.2052697308785056,1.8079045963177585,1.0178921076485978
62.8999228477478,1.1679443141789734,-0.23208035358445905,1.2139440431363862,1.8209160647045792,1.0144223827454455
63.00089359283447,1.177023615359506,-0.21763261224881775,1.2214804710293328,1.8322207065439993,1.011407811588267
63.1023006439209,1.1810889989964206,-0.2107393426620379,1.2363319793716008,1.8544979690574013,1.0054672082513596
63.20048975944519,1.1855429359995502,-0.20293338874669764,1.251512666570707,1.8772689998560605,0.9993949333717171
63.29965257644653,1.1896639836793355,-0.19527239606737154,1.2440798506368467,1.8661197759552701,1.0023680597452613
63.40024399757385,1.193254244161712,-0.18812757021664672,1.2621055285775304,1.8931582928662958,0.9951577885689878
63.499958753585815,1.1973724401576427,-0.17944947765761254,1.255167130575619,1.8827506958634284,0.9979331477697524
63.602346658706665,1.2006114984800156,-0.17188465926287047,1.2529142438179612,1.879371365726942,0.9988343024728155
63.70233488082886,1.2040505580365044,-0.16328018464133737,1.2659699623495124,1.8989549435242687,0.993612015060195
63.800063133239746,1.2074060301859657,-0.15434443050525382,1.279388958190182,1.919083437285273,0.9882444167239272
63.89981389045715,1.2106860110797713,-0.1450822186639098,1.2972781257038986,1.945917188555848,0.9810887497184405
63.99998211860657,1.2165726655950024,-0.126578889565818,1.3267048641041386,1.9900572961562077,0.9693180543583445
64.09964847564697,1.21926112453275,-0.11649997685115308,1.3189070188668763,1.9783605283003145,0.9724371924532494
64.20634365081787,1.21926112453275,-0.11649997685115308,1.3189070188668763,1.9783605283003145,0.9724371924532494
64.30015397071838,1.2212662540755497,-0.10767586912413249,1.328355636386625,1.9925334545799374,0.96865774544535
64.40059185028076,1.2232930388205885,-0.09778665501763484,1.3485850307536211,2.022877546130432,0.9605659876985515
64.49985408782959,1.2251145651887652,-0.0877608548854533,1.3589516420400314,2.038427463060047,0.9564193431839875
64.59973549842834,1.2264978630842058,-0.07774706940880971,1.3587283041899798,2.0380924562849696,0.9565086783240081
64.69986653327942,1.2274775301261898,-0.06833996711766684,1.3673469260396993,2.051020389059549,0.9530612295841202
64.79975581169128,1.2282915075956737,-0.05701342839878363,1.3812984553884515,2.0719476830826773,0.9474806178446193
64.90147280693054,1.2286758825216193,-0.047158610099459146,1.3910514332687938,2.0865771499031904,0.9435794266924825
65.00183129310608,1.2284586027518947,-0.025088140226435234,1.418485459496704,2.127728189245056,0.9326058162013183
65.0999276638031,1.2278507101976346,-0.01479227142359344,1.430283403228117,2.1454251048421757,0.9278866387087531
65.19985222816467,1.226895771340874,-0.003816839847309504,1.448927421036968,2.173391131555452,0.9204290315852127
65.29975128173828,1.2255712851473768,0.007004725872679625,1.4691666169639748,2.2037499254459623,0.9123333532144101
65.39974403381348,1.2218919919468751,0.028539541512454095,1.4895128099393828,2.2342692149090744,0.9041948760242469
65.49988317489624,1.219672603372723,0.038129523465377874,1.496242348697279,2.2443635230459185,0.9015030605210884
65.59977269172668,1.219672603372723,0.038129523465377874,1.496242348697279,2.2443635230459185,0.9015030605210884
65.7001645565033,1.2136834884567413,0.05878064732304182,1.5217712419168674,2.2826568628753012,0.891291503233253
65.79990673065186,1.2063401194462147,0.07880728566033945,1.5500060828103488,2.3250091242155233,0.8799975668758604
65.89986157417297,1.2022407377316688,0.08847000486869068,1.566510188868514,2.349765283302771,0.8733959244525944
65.99991083145142,1.2022407377316688,0.08847000486869068,1.566510188868514,2.349765283302771,0.8733959244525944
66.09984302520752,1.1982630355161408,0.09711786814365377,1.5807635802858047,2.371145370428707,0.8676945678856781
66.19978904724121,1.1936370700673582,0.10644349593023522,1.597711304948769,2.3965669574231536,0.8609154780204924
66.30237913131714,1.1831802895083074,0.1253226061943742,1.6351701416082867,2.45275521241243,0.8459319433566853
66.39984822273254,1.1782683349765672,0.1333669463890284,1.652183733821204,2.478275600731806,0.8391265064715183
66.49972677230835,1.1782683349765672,0.1333669463890284,1.652183733821204,2.478275600731806,0.8391265064715183
66.59997296333313,1.1670887643438868,0.15039852469850695,1.7014383206128951,2.552157480919343,0.8194246717548419
66.69986748695374,1.1556483034385485,0.16675686787289343,1.7648607638641185,2.647291145796178,0.7940556944543525
66.799884557724,1.1556483034385485,0.16675686787289343,1.7648607638641185,2.647291145796178,0.7940556944543525
66.90060138702393,1.1501407023726737,0.17423960779514014,1.7870471708650408,2.6805707562975614,0.7851811316539836
66.99981951713562,1.1501407023726737,0.17423960779514014,1.7870471708650408,2.6805707562975614,0.7851811316539836
67.0999608039856,1.138226721138737,0.1893244239834146,1.8172989565356483,2.7259484348034726,0.7730804173857406
67.20074152946472,1.125799911140631,0.2035551848731595,1.8446637616393498,2.7669956424590247,0.76213449534426
67.30040383338928,1.1199781522092265,0.20976138274585468,1.8575302033770191,2.786295305065529,0.7569879186491923
67.39982318878174,1.1199781522092265,0.20976138274585468,1.8575302033770191,2.786295305065529,0.7569879186491923
67.50425624847412,1.1064744842238123,0.22309650079069732,1.8777501054127657,2.8166251581191486,0.7488999578348937
67.60170555114746,1.0930733559728116,0.23504020609247792,1.9095585383623546,2.864337807543532,0.7361765846550581
67.69978737831116,1.0863854117778844,0.24077089783890532,1.9273416595107442,2.8910124892661164,0.7290633361957023
67.79985475540161,1.0863854117778844,0.24077089783890532,1.9273416595107442,2.8910124892661164,0.7290633361957023
67.90353155136108,1.0802758270141088,0.24582213197795907,1.9357395597836577,2.9036093396754867,0.7257041760865368
68.00008535385132,1.0728526106607672,0.25172065178021646,1.949584078465245,2.9243761176978675,0.7201663686139019
68.1023302078247,1.0597314977406593,0.2613657717669005,1.951931470597603,2.9278972058964046,0.7192274117609587
68.19975566864014,1.0526766007777062,0.2660976143099484,1.950758332018472,2.926137498027708,0.7196966671926112
68.30031085014343,1.0526766007777062,0.2660976143099484,1.950758332018472,2.926137498027708,0.7196966671926112
68.40005326271057,1.0382267435600692,0.27517609794741854,1.9807370405458171,2.971105560818726,0.7077051837816731
68.50261044502258,1.0382267435600692,0.27517609794741854,1.9807370405458171,2.971105560818726,0.7077051837816731
68.59992790222168,1.0241537042324516,0.28322979260261194,1.9728157642376563,2.9592236463564845,0.7108736943049374
68.69978737831116,1.0241537042324516,0.28322979260261194,1.9728157642376563,2.9592236463564845,0.7108736943049374
68.80221843719482,1.016550166512965,0.28721444253453204,1.9872964022221782,2.9809446033332674,0.7050814391111286
68.89993405342102,1.016550166512965,0.28721444253453204,1.9872964022221782,2.9809446033332674,0.7050814391111286
68.9998128414154,1.0017735428693626,0.29414801483013137,1.967381977882891,2.9510729668243365,0.7130472088468436
69.09959959983826,0.9935067490588468,0.2975208736858196,1.972304836292458,2.958457254438687,0.7110780654830168
69.19988179206848,0.9865733167712851,0.30020954027649327,1.9759746439842447,2.963961965976367,0.709610142406302
69.29984450340271,0.9787215392618707,0.30301656930829013,1.964573098492701,2.9468596477390516,0.7141707606029195
69.39983129501343,0.9787215392618707,0.30301656930829013,1.964573098492701,2.9468596477390516,0.7141707606029195
69.50232243537903,0.9620939490636643,0.30783924515449396,1.9350373934473561,2.9025560901710343,0.7259850426210575
69.60004258155823,0.9455280732142148,0.311205332855504,1.9042781516789538,2.8564172275184307,0.7382887393284184
69.70129728317261,0.9378100858587991,0.31230869754743246,1.8956607184073138,2.8434910776109708,0.7417357126370745
69.79986524581909,0.9378100858587991,0.31230869754743246,1.8956607184073138,2.8434910776109708,0.7417357126370745
69.89981698989868,0.9250652766532123,0.3136945576008324,1.8874103288993755,2.8311154933490634,0.7450358684402497
69.99968409538269,0.9194130371557916,0.3141094502100146,1.8845454928384797,2.8268182392577197,0.7461818028646081
70.09974694252014,0.9131553186388323,0.3144439938211657,1.8788948010503985,2.818342201575598,0.7484420795798405
70.19977951049805,0.9066770540329192,0.314617537892425,1.8681832766574582,2.8022749149861874,0.7527266893370167
70.29975390434265,0.9066770540329192,0.314617537892425,1.8681832766574582,2.8022749149861874,0.7527266893370167
70.3997585773468,0.8936778194043635,0.31427206239060196,1.834017860963204,2.751026791444806,0.7663928556147184
70.49978542327881,0.8798994620175888,0.3131104524325535,1.8417074001171487,2.762561100175723,0.7633170399531405
70.59981274604797,0.8716875546995294,0.3122819232238445,1.8465417678910987,2.769812651836648,0.7613832928435604
70.6997504234314,0.8658385216815143,0.31148018060537086,1.8254898059514355,2.7382347089271533,0.7698040776194257
70.79963803291321,0.8591019315458145,0.3102196898863647,1.785526766314997,2.6782901494724953,0.7857892934740012
70.89993643760681,0.8591019315458145,0.3102196898863647,1.785526766314997,2.6782901494724953,0.7857892934740012
71.001549243927,0.8490243754362843,0.30751566769707533,1.72517678981404,2.58776518472106,0.8099292840743839
71.09987616539001,0.8490243754362843,0.30751566769707533,1.72517678981404,2.58776518472106,0.8099292840743839
71.20157432556152,0.8376417944574153,0.30349984701626503,1.687731005167244,2.531596507750866,0.8249075979331023
71.30232286453247,0.8321744312911808,0.30125162234307495,1.673458220043923,2.5101873300658846,0.8306167119824308
71.39976692199707,0.8195722249075665,0.29535598953241293,1.651413914801198,2.4771208722017968,0.8394344340795208
71.49988651275635,0.8195722249075665,0.29535598953241293,1.651413914801198,2.4771208722017968,0.8394344340795208
71.60039329528809,0.8150466618204038,0.29305968895271867,1.6595524071127947,2.489328610669192,0.8361790371548821
71.70232725143433,0.8127036700631238,0.2918342720038828,1.6554049080362865,2.4831073620544295,0.8378380367854854
71.79972648620605,0.8116645520553762,0.2912476980117687,1.6268394801154495,2.440259220173174,0.8492642079538202
71.89981365203857,0.8077311258255871,0.2888527109102447,1.5891354784258402,2.3837032176387605,0.8643458086296638
71.99983739852905,0.8077311258255871,0.2888527109102447,1.5891354784258402,2.3837032176387605,0.8643458086296638
72.10153436660767,0.8017296220314237,0.2847063736039526,1.544227132804536,2.316340699206804,0.8823091468781855
72.20230460166931,0.7982483489066348,0.2820593227806602,1.527183616633152,2.290775424949728,0.8891265533467392
72.29973602294922,0.7911437265818075,0.27618569921113856,1.5044929706894759,2.2567394560342136,0.8982028117242096
72.40215039253235,0.7911437265818075,0.27618569921113856,1.5044929706894759,2.2567394560342136,0.8982028117242096
72.4999783039093,0.785841389808623,0.27140283437958473,1.4921238381475248,2.238185757221287,0.90315046474099
72.59997940063477,0.7835739078630073,0.26929163949490253,1.4985564019665256,2.2478346029497884,0.9005774392133897
72.69989562034607,0.7835739078630073,0.26929163949490253,1.4985564019665256,2.2478346029497884,0.9005774392133897
72.79980897903442,0.7794453108751958,0.2651984062736169,1.4626483267080326,2.1939724900620488,0.914940669316787
72.89989280700684,0.7794453108751958,0.2651984062736169,1.4626483267080326,2.1939724900620488,0.914940669316787
73.00028347969055,0.7751961738227963,0.2606008225243585,1.4346427985054069,2.1519641977581103,0.9261428805978372
73.10235595703125,0.7669220965920538,0.2505082019468281,1.406021757372812,2.1090326360592178,0.9375912970508752
73.20009160041809,0.760771917007895,0.24229526098947657,1.4086013780919553,2.112902067137933,0.9365594487632178
73.29978799819946,0.760771917007895,0.24229526098947657,1.4086013780919553,2.112902067137933,0.9365594487632178
73.39981842041016,0.7583656565284922,0.2389672070179094,1.4082711123912328,2.112406668586849,0.9366915550435069
73.50010919570923,0.753023281175187,0.23128192029566205,1.4261901713552183,2.1392852570328276,0.9295239314579127
73.59968495368958,0.7519162865185016,0.22968130457615343,1.42109141947294,2.13163712920941,0.9315634322108239
73.70078611373901,0.7495304677859014,0.22606196337432233,1.4081314859406295,2.1121972289109445,0.9367474056237481
73.7997817993164,0.6945866087359556,0.08929060781929674,1.5496181491409526,2.324427223711429,0.8801527403436189
73.89999413490295,0.6921303407254941,0.07970506902882071,1.5588360881168688,2.338254132175303,0.8764655647532524
73.99956345558167,0.690003435027956,0.07076514675861645,1.5728996201167578,2.3593494301751368,0.8708401519532969
74.0997805595398,0.690003435027956,0.07076514675861645,1.5728996201167578,2.3593494301751368,0.8708401519532969
74.20118474960327,0.6859166083910992,0.050883170376695985,1.5902302091174563,2.3853453136761846,0.8639079163530174
74.30223941802979,0.6842177548583228,0.04092128715990058,1.5998887465424105,2.399833119813616,0.8600445013830358
74.39980554580688,0.6827447630972282,0.03091648685924153,1.6081514930776488,2.412227239616473,0.8567394027689405
74.4996645450592,0.6820751460973186,0.026080915088287696,1.6331439169125692,2.4497158753688537,0.8467424332349722
74.59987044334412,0.6804290400030211,0.011815543840282485,1.6383166995521907,2.457475049328286,0.8446733201791237
74.69981288909912,0.6797873672618333,0.004712291732031049,1.6292215241691317,2.4438322862536976,0.8483113903323473
74.79981851577759,0.6797873672618333,0.004712291732031049,1.6292215241691317,2.4438322862536976,0.8483113903323473
74.90526175498962,0.6793903456232971,-0.003288359011859009,1.611866691667127,2.4178000375006903,0.8552533233331492
75.00006294250488,0.6792893395710773,-0.010417820631388033,1.601066417481219,2.4015996262218287,0.8595734330075123
75.09990501403809,0.6799134278067749,-0.02662561795926918,1.57902488681706,2.36853733022559,0.868390045273176
75.19988059997559,0.6806350741391552,-0.03441603445322443,1.5672381391604004,2.350857208740601,0.8731047443358397
75.30049705505371,0.6818149767401998,-0.04346771050824731,1.5590535563534633,2.338580334530195,0.8763785774586146
75.39986228942871,0.6827994179521196,-0.049649441498851206,1.5527696882554805,2.3291545323832206,0.8788921246978078
75.49984931945801,0.6861400898896287,-0.06522824089604115,1.5316642129926403,2.2974963194889604,0.8873343148029438
75.59983444213867,0.6882295822560923,-0.07348068979131549,1.5451491223701823,2.3177236835552737,0.881940351051927
75.69977903366089,0.6906418866466202,-0.08186500781159685,1.527594119136071,2.2913911787041066,0.8889623523455716
75.7997887134552,0.6906418866466202,-0.08186500781159685,1.527594119136071,2.2913911787041066,0.8889623523455716
75.90028834342957,0.6934506722218694,-0.0903473899168695,1.5200638775885902,2.280095816382885,0.8919744489645639
75.9997456073761,0.6999342514901168,-0.10681213138830856,1.5016433905424658,2.2524650858136988,0.8993426437830137
76.1052474975586,0.7042511812412066,-0.11624251714592557,1.4981572290270637,2.2472358435405955,0.9007371083891745
76.19988012313843,0.7082530665984276,-0.12423738379764936,1.4933096124803549,2.2399644187205325,0.902676155007858
76.299800157547,0.7130141001216524,-0.1330192119820485,1.4910635844979803,2.2365953767469704,0.9035745662008079
76.40110778808594,0.7224334816795828,-0.14865590992712555,1.4887059739359867,2.23305896090398,0.9045176104256053
76.50111055374146,0.7283786304578885,-0.15752545112357036,1.4891831848636192,2.233774777295429,0.9043267260545523
76.60058999061584,0.7341571218695283,-0.1655801286180831,1.4924076685509107,2.238611502826366,0.9030369325796357
76.70001173019409,0.7396419000205942,-0.17279421430872396,1.4928446293863695,2.2392669440795543,0.9028621482454522
76.799968957901,0.752810702222325,-0.18864289505122236,1.5009395818254996,2.2514093727382494,0.8996241672698001
76.89987111091614,0.7599356021203881,-0.19651828401128577,1.510229890420025,2.265344835630038,0.89590804383199
76.99986243247986,0.7651907566701036,-0.20213690080417793,1.5222817367532355,2.283422605129853,0.8910873052987057
77.10022974014282,0.7651907566701036,-0.20213690080417793,1.5222817367532355,2.283422605129853,0.8910873052987057
77.19979667663574,0.768906351099582,-0.20601629577264555,1.5243545781835484,2.2865318672753228,0.8902581687265806
77.30110836029053,0.7732328751618571,-0.21032747388300577,1.5197261603620333,2.27958924054305,0.8921095358551866
77.39989352226257,0.7827666244829187,-0.2191770188221506,1.5155506260344755,2.2733259390517135,0.8937797495862098
77.50116348266602,0.7875371614283685,-0.22334152429186774,1.5216630373663018,2.2824945560494525,0.8913347850534792
77.59986400604248,0.7934174309154007,-0.22828735790136373,1.5252698935011388,2.2879048402517084,0.8898920425995445
77.70116186141968,0.7986664089369374,-0.23256905364314792,1.5325974851647244,2.2988962277470866,0.8869610059341102
77.80112886428833,0.8108260882390069,-0.24197884154088156,1.548304202714344,2.3224563040715163,0.8806783189142623
77.9069619178772,0.8167558190472662,-0.24632368638308896,1.555543184582657,2.3333147768739857,0.8777827261669371
77.9998836517334,0.824017147954959,-0.25145640223939714,1.5698727258474823,2.3548090887712236,0.8720509096610071
78.09982323646545,0.8252625016759096,-0.25234739242606297,1.5915561093660924,2.387334164049139,0.863377556253563
78.20071601867676,0.8337458115220465,-0.2584118946030309,1.6430444860551734,2.46456672908276,0.8427822055779306
78.29997873306274,0.8349218637414173,-0.259280363644472,1.636466061522855,2.4546990922842826,0.8454135753908579
78.39990854263306,0.8349218637414173,-0.259280363644472,1.636466061522855,2.4546990922842826,0.8454135753908579
78.49959254264832,0.8421062520562659,-0.26445441012696286,1.6290623430276403,2.4435935145414605,0.8483750627889438
78.60002970695496,0.8421062520562659,-0.26445441012696286,1.6290623430276403,2.4435935145414605,0.8483750627889438
78.70112872123718,0.8516622580501744,-0.27039748746577846,1.58929906147563,2.3839485922134447,0.864280375409748
78.79984259605408,0.8581807116770407,-0.2739516959536013,1.5720720994668553,2.358108149200283,0.8711711602132578
78.899977684021,0.8663553674011438,-0.2779529477766949,1.5543912285527544,2.3315868428291315,0.8782435085788982
79.00220918655396,0.871521115222414,-0.2802573523435162,1.5470572470294788,2.3205858705442184,0.8811771011882085
79.10001993179321,0.8840359267759207,-0.2851869825695348,1.5393351288131047,2.3090026932196572,0.884265948474758
79.20029544830322,0.8891439346438842,-0.287077394095903,1.5549971850911386,2.3324957776367077,0.8780011259635445
79.29991555213928,0.8891439346438842,-0.287077394095903,1.5549971850911386,2.3324957776367077,0.8780011259635445
79.39977860450745,0.8905891429189665,-0.2875891442294158,1.5287978007677703,2.2931967011516554,0.8884808796928918
79.49970602989197,0.8905891429189665,-0.2875891442294158,1.5287978007677703,2.2931967011516554,0.8884808796928918
79.59979438781738,0.8954033009444361,-0.2889028831837538,1.4573100074129668,2.18596501111945,0.9170759970348132
79.69983744621277,0.8986457987106489,-0.2895887525192168,1.4197110093437484,2.1295665140156226,0.9321155962625006
79.79991030693054,0.9021058838886898,-0.29014769395139023,1.3877787485076925,2.081668122761539,0.944888500596923
79.90001726150513,0.9053789910352545,-0.29053485218182873,1.3530027404025757,2.0295041106038636,0.9587989038389697
79.99971318244934,0.9130972302229066,-0.29103061578695305,1.311999524607059,1.9679992869105885,0.9752001901571764
80.09992861747742,0.9180893069599494,-0.29110641968247086,1.296256254120529,1.9443843811807935,0.9814974983517885
80.19987559318542,0.9180893069599494,-0.29110641968247086,1.296256254120529,1.9443843811807935,0.9814974983517885
80.30362272262573,0.9276534764756472,-0.2908334069736578,1.2730975864678369,1.9096463797017553,0.9907609654128652
80.40309858322144,0.9387855513078734,-0.2899713662702766,1.2626355213680867,1.8939532820521299,0.9949457914527653
80.4999897480011,0.9422281180038143,-0.28953556560562377,1.2289619969664183,1.8434429954496274,1.0084152012134326
80.59987711906433,0.9422281180038143,-0.28953556560562377,1.2289619969664183,1.8434429954496274,1.0084152012134326
80.69979667663574,0.947820050208357,-0.2886252054740394,1.2098782090180036,1.8148173135270054,1.0160487163927985
80.79991722106934,0.9524499072282367,-0.28768066639101497,1.190275852026967,1.7854137780404504,1.0238896591892133
80.90042781829834,0.9636470122704548,-0.28494211618793946,1.1849494664422355,1.7774241996633533,1.0260202134231058
80.99985957145691,0.9699520035546618,-0.28320658178938724,1.1864721720779192,1.7797082581168788,1.0254111311688323
81.10004711151123,0.9699520035546618,-0.28320658178938724,1.1864721720779192,1.7797082581168788,1.0254111311688323
81.19989728927612,0.9831657595846689,-0.2792358699362794,1.2040072871365428,1.8060109307048142,1.018397085145383
81.3003499507904,0.9945086480382401,-0.2755918821617263,1.2469270925167488,1.8703906387751232,1.0012291629933006
81.3998191356659,0.9963681790187455,-0.27501428385250326,1.2610109777794802,1.8915164666692204,0.9955956088882079
81.4997980594635,0.9963681790187455,-0.27501428385250326,1.2610109777794802,1.8915164666692204,0.9955956088882079
81.60002303123474,1.0048898634794596,-0.27222242160281224,1.254700576208507,1.8820508643127605,0.9981197695165972
81.6998724937439,1.0048898634794596,-0.27222242160281224,1.254700576208507,1.8820508643127605,0.9981197695165972
81.79987502098083,1.015758479492378,-0.26807993664801055,1.2434835261808266,1.86522528927124,1.0026065895276695
81.90112948417664,1.0217395050011078,-0.26557581712528916,1.2462288221770041,1.8693432332655062,1.0015084711291984
81.99984526634216,1.0217395050011078,-0.26557581712528916,1.2462288221770041,1.8693432332655062,1.0015084711291984
82.10089755058289,1.0343080525609882,-0.25987877695912026,1.2582023693645583,1.8873035540468375,0.9967190522541767
82.20250058174133,1.047088086517301,-0.2535456587931727,1.2787375015976628,1.9181062523964942,0.9885049993609348
82.30119776725769,1.0539820912048488,-0.2499223280135646,1.2914182612637652,1.9371273918956478,0.9834326954944939
82.3997642993927,1.0539820912048488,-0.2499223280135646,1.2914182612637652,1.9371273918956478,0.9834326954944939
82.49985265731812,1.07121163006246,-0.2402340997342647,1.3332664002860994,1.9998996004291492,0.9666934398855602
82.59978747367859,1.0770416916501386,-0.23675296444750002,1.3371341577651796,2.0057012366477696,0.9651463368939281
82.6998884677887,1.0829760501985664,-0.23298333642556546,1.3315442974646778,1.9973164461970168,0.9673822810141288
82.80002927780151,1.0919834835016045,-0.22677091605154542,1.3362528841238501,2.0043793261857754,0.9654988463504599
82.89982676506042,1.0957614278437147,-0.224016410911796,1.3390493988700602,2.0085740983050906,0.9643802404519759
82.99987745285034,1.1017650300910002,-0.2193817478958998,1.3290472334565808,1.9935708501848712,0.9683811066173676
83.09985971450806,1.1073477040542783,-0.2147540697108979,1.329319392063761,1.9939790880956414,0.9682722431744956
83.19983696937561,1.1129893380071556,-0.2098170528449638,1.3283780854921599,1.9925671282382398,0.9686487658031361
83.29991745948792,1.118641543407211,-0.20452700339553026,1.331469788475911,1.9972046827138665,0.9674120846096356
83.39998126029968,1.1245070976222797,-0.1987474932199073,1.3396807055083206,2.009521058262481,0.9641277177966717
83.50370216369629,1.135929501021306,-0.18662040045494013,1.3609677033226981,2.041451554984047,0.9556129186709207
83.59980821609497,1.135929501021306,-0.18662040045494013,1.3609677033226981,2.041451554984047,0.9556129186709207
83.70259141921997,1.147384811047224,-0.1732066216679514,1.3877085777478908,2.0815628666218364,0.9449165689008436
83.80125617980957,1.1526192639594577,-0.16661983481093537,1.4018846626235653,2.1028269939353477,0.9392461349505739
83.90004873275757,1.1639372066788782,-0.15127837078888146,1.436855392568111,2.1552830888521664,0.9252578429727556
83.99984693527222,1.1639372066788782,-0.15127837078888146,1.436855392568111,2.1552830888521664,0.9252578429727556
84.0999083518982,1.1750210057234605,-0.13458539244687256,1.4766897229987876,2.2150345844981816,0.9093241108004849
84.19982528686523,1.1804379412549606,-0.12572598611733138,1.4983016046302846,2.2474524069454267,0.9006793581478861
84.29982113838196,1.191016426481832,-0.10710076001752425,1.5622055517183422,2.343308327577513,0.8751177793126631
84.39984321594238,1.191016426481832,-0.10710076001752425,1.5622055517183422,2.343308327577513,0.8751177793126631
84.49979424476624,1.1992719867447201,-0.09126933032261218,1.593426319131466,2.390139478697199,0.8626294723474136
84.59970498085022,1.2026878357235602,-0.08410353033957184,1.6095337238537923,2.4143005857806887,0.856186510458483
84.69977569580078,1.20645119832168,-0.07539601754143584,1.608735584534967,2.41310337680245,0.8565057661860132
84.79985404014587,1.209608502044763,-0.06714267817768976,1.6068970327603265,2.41034554914049,0.8572411868958694
84.89981198310852,1.209608502044763,-0.06714267817768976,1.6068970327603265,2.41034554914049,0.8572411868958694
84.99988055229187,1.215003380939557,-0.050376562588091936,1.621410153979742,2.4321152309696132,0.8514359384081032
85.09989070892334,1.2175199395287097,-0.04116972104950486,1.6366396489275794,2.4549594733913693,0.8453441404289682
85.20121169090271,1.2217672304428648,-0.02268322419736484,1.6679503189573635,2.5019254784360454,0.8328198724170546
85.3000659942627,1.2217672304428648,-0.02268322419736484,1.6679503189573635,2.5019254784360454,0.8328198724170546
85.401127576828,1.22526556570689,-0.002151835308515098,1.6995380837296994,2.549307125594549,0.8201847665081202
85.49981713294983,1.2263878060473268,0.0067988921008489325,1.7118607490566904,2.5677911235850357,0.8152557003773238
85.60305333137512,1.2281587942720429,0.027382279836644534,1.7558073373250933,2.63371100598764,0.7976770650699626
85.69977164268494,1.2281587942720429,0.027382279836644534,1.7558073373250933,2.63371100598764,0.7976770650699626
85.79985165596008,1.2286507757477423,0.036154584076663124,1.775037845648866,2.662556768473299,0.7899848617404536
85.89975261688232,1.2290118733669877,0.055138463371645664,1.7852769980962464,2.6779154971443697,0.7858892007615014
85.99983334541321,1.2290118733669877,0.055138463371645664,1.7852769980962464,2.6779154971443697,0.7858892007615014
86.0998888015747,1.2278570844328682,0.07316719056788712,1.781234103879916,2.671851155819874,0.7875063584480335
86.19984102249146,1.2278570844328682,0.07316719056788712,1.781234103879916,2.671851155819874,0.7875063584480335
86.30081820487976,1.2266399673277029,0.08332739128078823,1.7857705607005487,2.678655841050823,0.7856917757197804
86.39993667602539,1.2235985594143668,0.10115581715664287,1.7949468178384207,2.692420226757631,0.7820212728646316
86.50010371208191,1.2192416974742923,0.11944128739931695,1.8022100537047765,2.703315080557165,0.7791159785180893
86.60003662109375,1.2192416974742923,0.11944128739931695,1.8022100537047765,2.703315080557165,0.7791159785180893
86.70425915718079,1.2166189364236422,0.12842015501469042,1.8048261402002324,2.7072392103003486,0.778069543919907
86.79981422424316,1.2104781948664116,0.14606799224502814,1.8087111253004402,2.7130666879506604,0.7765155498798239
86.89988970756531,1.203489372843932,0.16329469917596484,1.8205818521650656,2.7308727782475986,0.7717672591339737
86.99983644485474,1.203489372843932,0.16329469917596484,1.8205818521650656,2.7308727782475986,0.7717672591339737
87.09990549087524,1.1995515147289966,0.1716855383513714,1.8289839538109354,2.743475930716403,0.7684064184756259
87.19991683959961,1.1956565731623594,0.17921626078849123,1.8140528124254909,2.7210792186382364,0.7743788750298036
87.30012059211731,1.1906489164824667,0.18787008868677998,1.7976779935335119,2.696516990300268,0.7809288025865952
87.39998650550842,1.180720718256107,0.20277129178641307,1.7921349589237805,2.688202438385671,0.7831460164304878
87.49977540969849,1.180720718256107,0.20277129178641307,1.7921349589237805,2.688202438385671,0.7831460164304878
87.60095477104187,1.1751023502248708,0.21029809513119938,1.7887477507100418,2.6831216260650628,0.7845008997159832
87.69993829727173,1.1636251941870333,0.22419052299278375,1.7887103900815104,2.683065585122266,0.7845158439673958
87.79987454414368,1.150166487628002,0.23844584273853517,1.7887278402538203,2.6830917603807305,0.7845088638984719
87.89988231658936,1.1431761385893306,0.24513283660125645,1.7894139962169897,2.6841209943254847,0.7842344015132041
87.99987578392029,1.1431761385893306,0.24513283660125645,1.7894139962169897,2.6841209943254847,0.7842344015132041
88.09989738464355,1.1297449095702867,0.25717021306843235,1.8060792214555639,2.709118832183346,0.7775683114177744
88.19980001449585,1.1152106123949126,0.268942590864021,1.8299057903461542,2.7448586855192314,0.7680376838615383
88.29986262321472,1.1078847882512024,0.27460673450803047,1.8488420596227624,2.7732630894341437,0.760463176150895
88.40024065971375,1.1078847882512024,0.27460673450803047,1.8488420596227624,2.7732630894341437,0.760463176150895
88.49973821640015,1.092892956659287,0.28508783621893996,1.842751553744246,2.764127330616369,0.7628993785023015
88.59982514381409,1.0859347169858975,0.28961077058442813,1.8521777611584656,2.7782666417376984,0.7591288955366138
88.6999499797821,1.0781861835010056,0.2943626151040588,1.835288185176861,2.7529322777652916,0.7658847259292556
88.79994535446167,1.0781861835010056,0.2943626151040588,1.835288185176861,2.7529322777652916,0.7658847259292556
88.89975380897522,1.0612351600761525,0.30328532785419443,1.8222991534298683,2.7334487301448025,0.7710803386280527
88.99968242645264,1.052810138055845,0.30710918628122097,1.8069273416585434,2.710391012487815,0.7772290633365826
89.10278010368347,1.0442091309632546,0.31065384209037344,1.804611419723399,2.7069171295850984,0.7781554321106404
89.20114278793335,1.0354752756937298,0.31393913459806533,1.802324722413726,2.703487083620589,0.7790701110345095
89.29978156089783,1.0273647222941902,0.31671787139116914,1.8005297570942889,2.7007946356414334,0.7797880971622844
89.3998601436615,1.0094075388400439,0.3219767426833642,1.7955372879388014,2.6933059319082022,0.7817850848244794
89.49978971481323,1.0002968560032668,0.32419190202333903,1.7928879593924762,2.6893319390887145,0.7828448162430095
89.59992861747742,0.9922997355502876,0.32589653545801905,1.797027536151303,2.6955413042269547,0.7811889855394787
89.6999363899231,0.9867331029546773,0.32699937802648893,1.7949335315843442,2.6924002973765164,0.7820265873662623
89.80220556259155,0.9743420074966749,0.32897505092993307,1.7876131268084718,2.681419690212708,0.7849547492766112
89.90034103393555,0.9679161757382576,0.32980692718883836,1.7890888789202475,2.6836333183803713,0.784364448431901
89.99995827674866,0.961876710336588,0.3303738132205381,1.7538007690247464,2.6307011535371196,0.7984796923901014
90.10110592842102,0.961876710336588,0.3303738132205381,1.7538007690247464,2.6307011535371196,0.7984796923901014
90.19992470741272,0.9550403067152813,0.33071233259733895,1.7374220734390182,2.6061331101585274,0.8050311706243927
90.30291676521301,0.9412790629637203,0.3306039712853344,1.7028942523437376,2.5543413785156064,0.8188422990625049
90.39991974830627,0.9337593275883721,0.33014308387866115,1.690213648703469,2.5353204730552035,0.8239145405186123
90.49994230270386,0.9260177778426641,0.3293972804267045,1.6787717643643019,2.518157646546453,0.8284912942542793
90.59993147850037,0.9187461376052929,0.32845660760516876,1.6689660020158144,2.5034490030237215,0.8324135991936742
90.69984292984009,0.902264916931215,0.32544283855009,1.6481192968962446,2.4721789453443668,0.8407522812415021
90.80424356460571,0.8937376219601882,0.3234446983676002,1.6424518610546075,2.4636777915819112,0.8430192555781569
90.90017890930176,0.8850278786183591,0.3211162091736418,1.6381785197844947,2.457267779676742,0.8447285920862021
91.00002765655518,0.8761448946483471,0.3184506433682248,1.6353781639486014,2.453067245922902,0.8458487344205594
91.0998637676239,0.8577049034653814,0.3120220913940317,1.634391997761123,2.4515879966416847,0.8462432008955507
91.19988083839417,0.8483997676132089,0.30832086637912254,1.635474653459654,2.453211980189481,0.8458101386161383
91.3007960319519,0.8382728117165055,0.30395065994126247,1.6372862647345041,2.455929397101756,0.8450854941061983
91.39990377426147,0.829790353367097,0.30001373470939624,1.640134640117006,2.460201960175509,0.8439461439531976
91.50168108940125,0.8206612725807731,0.2954893690444297,1.6430927045261592,2.4646390567892387,0.8427629181895363
91.60115027427673,0.8027855454679198,0.285743072600718,1.6500365952142826,2.475054892821424,0.839985361914287
91.70121335983276,0.7940592921378881,0.2805437335900981,1.653834766733244,2.480752150099866,0.8384660933067023
91.79982709884644,0.7855020521877829,0.27514787735620816,1.6576130444278827,2.486419566641824,0.8369547822288469
91.89992451667786,0.7771020760437463,0.26955253672725094,1.6614358071019861,2.492153710652979,0.8354256771592055
91.99985313415527,0.7614448336537365,0.2582885776451859,1.669794912248602,2.504692368372903,0.8320820351005591
92.0999505519867,0.7535291403711056,0.25214896826778754,1.6733530326055197,2.5100295489082796,0.830658786957792
92.19979667663574,0.7535291403711056,0.25214896826778754,1.6733530326055197,2.5100295489082796,0.830658786957792
92.29990267753601,0.7416099873008303,0.2423448932363134,1.6779329755312222,2.5168994632968333,0.8288268097875111
92.39998626708984,0.7404153343756812,0.2413122048208243,1.67238248055444,2.5085737208316603,0.8310470077782239
92.49981713294983,0.7383493436033455,0.23942654506852418,1.6430507567841288,2.464576135176193,0.8427796972863484
92.60118651390076,0.7341962046971506,0.23533087082350546,1.6166754803456254,2.425013220518438,0.8533298078617498
92.6998884677887,0.731297624559796,0.23224295245756404,1.59546023269177,2.393190349037655,0.861815906923292
92.8011326789856,0.7275740720060068,0.2279821213332007,1.5735180526884558,2.3602770790326835,0.8705927789246176
92.89987063407898,0.7214496303988523,0.22018400389893789,1.535201781912205,2.3028026728683075,0.8859192872351179
93.00119638442993,0.7182592561396376,0.21568401948741914,1.5176827727467659,2.276524159120149,0.8929268909012936
93.10311627388,0.7157179668627958,0.21189988385048214,1.519704769093982,2.279557153640973,0.8921180923624071
93.19988322257996,0.7134738689925728,0.2084891942833414,1.5239745577263455,2.285961836589518,0.8904101769094618
93.29981756210327,0.7082251442673398,0.19982611202968512,1.4858148630319683,2.2287222945479526,0.9056740547872126
93.39986109733582,0.7059544399774605,0.19564148391559041,1.471170465112488,2.206755697668732,0.9115318139550048
93.49972009658813,0.703249316525806,0.19045919958139063,1.4806525130705168,2.2209787696057752,0.9077389947717932
93.59986972808838,0.700774402887985,0.1855421941796322,1.4711654224418234,2.2067481336627353,0.9115338310232707
93.70112538337708,0.6961778722909965,0.17579568309250007,1.4641403526556576,2.196210528983486,0.914343858937737
93.80113244056702,0.693657980946007,0.1700791064084815,1.4662897182961903,2.1994345774442854,0.9134841126815239
93.89980387687683,0.693657980946007,0.1700791064084815,1.4662897182961903,2.1994345774442854,0.9134841126815239
93.99967002868652,0.689259501143657,0.1589267544822359,1.448896829568713,2.1733452443530696,0.9204412681725148
94.09986686706543,0.6848300939294337,0.1457420965230778,1.4363158224383228,2.1544737336574844,0.9254736710246708
94.19993448257446,0.6831104299106924,0.13994515165250695,1.4326738760069848,2.1490108140104773,0.926930449597206
94.29995584487915,0.6831104299106924,0.13994515165250695,1.4326738760069848,2.1490108140104773,0.926930449597206
94.40005350112915,0.6796899104199078,0.12683561034736845,1.4274254393297492,2.141138158994624,0.9290298242681003
94.49978041648865,0.6766095995963074,0.11260157515499918,1.4282314938500116,2.1423472407750173,0.9287074024599954
94.60019779205322,0.6753222212684962,0.10569456218431186,1.4318203750162661,2.147730562524399,0.9272718499934935
94.6997606754303,0.6740263142306876,0.09794604730033886,1.433999141252618,2.150998711878927,0.9264003434989527
94.7999496459961,0.6718737086868043,0.08170327756077327,1.448670963604896,2.173006445407344,0.9205316145580416
94.90000629425049,0.6710363056316445,0.07394079742874941,1.4476097953680196,2.1714146930520295,0.9209560818527921
94.99981498718262,0.6702976478180034,0.06526269655832599,1.4503710026567254,2.175556503985088,0.9198515989373098
95.099769115448,0.669680326485937,0.05560275796723904,1.4543737331693498,2.181560599754025,0.91825050673226
95.19988989830017,0.6693468079335809,0.0464582632735281,1.4569256304751776,2.1853884457127664,0.9172297478099289
95.301504611969,0.6692164937932583,0.027510523086851004,1.475010840488126,2.2125162607321887,0.9099956638047496
95.40016055107117,0.6694061130679466,0.018549070205480942,1.484798357563851,2.2271975363457766,0.9060806569744596
95.49980306625366,0.6694061130679466,0.018549070205480942,1.484798357563851,2.2271975363457766,0.9060806569744596
95.60524892807007,0.670445304438708,-0.0017105855334694684,1.5036531848811903,2.2554797773217854,0.8985387260475238
95.69994902610779,0.672137725525503,-0.0201751390723899,1.528532817860362,2.2927992267905433,0.8885868728558551
95.80008506774902,0.6729217173749459,-0.028627892246979723,1.5647770324809267,2.34716554872139,0.8740891870076293
95.90037608146667,0.6729217173749459,-0.028627892246979723,1.5647770324809267,2.34716554872139,0.8740891870076293
96.00616431236267,0.6743757421595781,-0.04362905716235115,1.598987395022328,2.398481092533492,0.8604050419910688
96.0999231338501,0.675412751585945,-0.051654667692458356,1.5765535017757053,2.364830252663558,0.8693785992897178
96.19988775253296,0.676811251203126,-0.05990165487924825,1.5717018211949216,2.3575527317923823,0.8713192715220313
96.30534529685974,0.6783524708396974,-0.06766667475631354,1.5684962251221801,2.35274433768327,0.872601509951128
96.39986729621887,0.6783524708396974,-0.06766667475631354,1.5684962251221801,2.35274433768327,0.872601509951128
96.50527215003967,0.6826443915601652,-0.08518722890258935,1.5619272743729915,2.342890911559487,0.8752290902508033
96.59985589981079,0.6882235935144518,-0.10306950132881262,1.5600634152847728,2.340095122927159,0.8759746338860909
96.69997811317444,0.6908859829984467,-0.11061442012032438,1.5746411635622097,2.3619617453433146,0.8701435345751161
96.79983496665955,0.6908859829984467,-0.11061442012032438,1.5746411635622097,2.3619617453433146,0.8701435345751161
96.89989757537842,0.6956579660493108,-0.1234666506714269,1.5798229770751058,2.369734465612659,0.8680708091699576
96.99977564811707,0.6986989975589402,-0.13084681180305488,1.5717275234199135,2.35759128512987,0.8713089906320346
97.10007190704346,0.6986989975589402,-0.13084681180305488,1.5717275234199135,2.35759128512987,0.8713089906320346
97.19998168945312,0.7057770404787622,-0.1456911375231495,1.5535479489488593,2.330321923423289,0.8785808204204563
97.3016312122345,0.7057770404787622,-0.1456911375231495,1.5535479489488593,2.330321923423289,0.8785808204204563
97.40249967575073,0.714266911660963,-0.16089050752434647,1.5423289713501909,2.3134934570252863,0.8830684114599237
97.49983739852905,0.7186522293255926,-0.16794069183360205,1.5369990234648458,2.3054985351972688,0.8852003906140616
97.60026931762695,0.7284888073373467,-0.18235240953317733,1.551012508635036,2.3265187629525537,0.8795949965459856
97.70020246505737,0.7284888073373467,-0.18235240953317733,1.551012508635036,2.3265187629525537,0.8795949965459856
97.79979753494263,0.7327929653452566,-0.18849298891357574,1.5791320184134299,2.3686980276201446,0.868347192634628
97.89998507499695,0.7380253731857821,-0.19589980558718428,1.5832617829125057,2.3748926743687586,0.8666952868349976
97.999760389328,0.7416594756128917,-0.20072548174133323,1.5702843696079787,2.355426554411968,0.8718862521568085
98.09980463981628,0.745950811190647,-0.20602826473845054,1.5561786227856413,2.3342679341784622,0.8775285508857434
98.19986629486084,0.745950811190647,-0.20602826473845054,1.5561786227856413,2.3342679341784622,0.8775285508857434
98.30172085762024,0.7555512880089074,-0.21672702012940798,1.5327824138495418,2.2991736207743125,0.8868870344601832
98.40114140510559,0.7610399186088468,-0.22229001073641524,1.5274102548948156,2.2911153823422232,0.8890358980420737
98.50111985206604,0.7721039497518821,-0.23259632759795176,1.5180167381848357,2.277025107277254,0.8927933047260657
98.59990048408508,0.7721039497518821,-0.23259632759795176,1.5180167381848357,2.277025107277254,0.8927933047260657
98.70115566253662,0.7849711415031205,-0.24329803851809328,1.5126942784453248,2.269041417667987,0.8949222886218701
98.80011677742004,0.7919168887303341,-0.24859610800051996,1.5116024512311546,2.267403676846732,0.8953590195075382
98.90127372741699,0.8061474822101827,-0.25865740014544375,1.5255111804766388,2.288266770714958,0.8897955278093445
98.99995851516724,0.8061474822101827,-0.25865740014544375,1.5255111804766388,2.288266770714958,0.8897955278093445
99.10170006752014,0.812176380245756,-0.262797523947496,1.5624439544822206,2.343665931723331,0.8750224182071117
99.19984650611877,0.8159997718593125,-0.26558218334329287,1.597446259336658,2.396169389004987,0.8610214962653367
99.29980516433716,0.8159997718593125,-0.26558218334329287,1.597446259336658,2.396169389004987,0.8610214962653367
99.39979195594788,0.8245261816294944,-0.2712378400361649,1.550332090425004,2.325498135637506,0.8798671638299984
99.49984216690063,0.8245261816294944,-0.2712378400361649,1.550332090425004,2.325498135637506,0.8798671638299984
99.59985303878784,0.8322388456208385,-0.2756133820250004,1.5102622600671136,2.2653933901006704,0.8958950959731545
99.69984865188599,0.8370785131660469,-0.27806004269501916,1.4925999493318476,2.2388999239977716,0.902960020267261
99.80002880096436,0.8476587574128802,-0.28279487674908116,1.4678433455086386,2.201765018262958,0.9128626617965445
99.89981651306152,0.8476587574128802,-0.28279487674908116,1.4678433455086386,2.201765018262958,0.9128626617965445
99.99976444244385,0.8589713862838617,-0.2869856804148056,1.4384672692010114,2.1577009038015174,0.9246130923195954
100.09988760948181,0.8623483874289386,-0.2880550456155176,1.40479305777707,2.107189586665605,0.938082776889172
100.19991111755371,0.8662334566657058,-0.2890650200201377,1.3732260115658348,2.059839017348752,0.9507095953736661
100.29996180534363,0.8678348977901906,-0.2894294534681778,1.355496484997826,2.033244727496739,0.9578014060008696
100.399662733078,0.8702982862875994,-0.2898869043912131,1.3124989801008193,1.968748470151229,0.9750004079596722
100.49997782707214,0.8731816826016233,-0.29027139223779697,1.266341019627839,1.8995115294417586,0.9934635921488644
100.59988951683044,0.8797937508060896,-0.29076562050491866,1.2220358288174449,1.8330537432261673,1.011185668473022
100.6998827457428,0.8797937508060896,-0.29076562050491866,1.2220358288174449,1.8330537432261673,1.011185668473022
100.80037140846252,0.8835850777981512,-0.2908751451318047,1.2047351904620176,1.8071027856930264,1.018105923815193
100.89988875389099,0.89224584315162,-0.29076702877888827,1.1792127385828877,1.7688191078743314,1.028314904566845
100.99981212615967,0.9019890929861799,-0.2902037454732369,1.1743228370250685,1.7614842555376027,1.0302708651899726
101.09982204437256,0.9019890929861799,-0.2902037454732369,1.1743228370250685,1.7614842555376027,1.0302708651899726
101.19999146461487,0.9076409286533776,-0.28975154398537745,1.173866607593328,1.760799911389992,1.0304533569626688
101.29994821548462,0.9183669898976382,-0.28869192513819586,1.1773335993682523,1.7660003990523785,1.0290665602526992
101.39979434013367,0.919868336816106,-0.288513696177407,1.1768775523526798,1.7653163285290197,1.029248979058928
101.50008821487427,0.9259945013435054,-0.28763489639397993,1.1620530420829174,1.743079563124376,1.035178783166833
101.59990811347961,0.9259945013435054,-0.28763489639397993,1.1620530420829174,1.743079563124376,1.035178783166833
101.69986009597778,0.9318334485283992,-0.2866264302823337,1.1542242890891183,1.7313364336336776,1.0383102843643526
101.80113959312439,0.9424389777320376,-0.2845123473369612,1.1609222711986338,1.7413834067979508,1.0356310915205464
101.89982533454895,0.9553363207362556,-0.2815519250123437,1.1785484939804718,1.7678227409707077,1.0285806024078112
101.99978685379028,0.9622063290350392,-0.27988425800239725,1.1965503345119617,1.7948255017679426,1.0213798661952154
102.09988045692444,0.9622063290350392,-0.27988425800239725,1.1965503345119617,1.7948255017679426,1.0213798661952154
102.19998097419739,0.9693015397597915,-0.2781693543655032,1.216912581476534,1.825368872214801,1.0132349674093863
102.29972958564758,0.9733075393665419,-0.2771243427857404,1.209321346581758,1.813982019872637,1.0162714613672967
102.39997911453247,0.9796828498125583,-0.2752506070380163,1.1960961923073858,1.7941442884610788,1.0215615230770456
102.499835729599,0.9848660467422539,-0.2735758734298111,1.1935369601050057,1.7903054401575085,1.0225852159579978
102.60006189346313,0.9909175089830435,-0.27149269431638223,1.1922287614814429,1.7883431422221643,1.0231084954074228
102.70357584953308,0.9965096473543189,-0.2694296261992368,1.1961174596942565,1.7941761895413848,1.0215530161222974
102.80115604400635,1.0028047232621269,-0.26698261109017857,1.2019988568969087,1.802998285345363,1.0192004572412365
102.89981365203857,1.0093196532343558,-0.2643238514761712,1.210209998208264,1.8153149973123959,1.0159160007166945
102.99980115890503,1.01359097640127,-0.2625244077102087,1.2157021753864559,1.8235532630796838,1.0137191298454176
103.09975385665894,1.0243561621099344,-0.2576181745918812,1.2130474700260132,1.8195712050390198,1.0147810119895948
103.19984579086304,1.0296279007323992,-0.2549562780354874,1.204448094699769,1.8066721420496537,1.0182207621200923
103.2999210357666,1.0354628169678584,-0.25180125917041296,1.205550345360869,1.8083255180413034,1.0177798618556524
103.39988732337952,1.0354628169678584,-0.25180125917041296,1.205550345360869,1.8083255180413034,1.0177798618556524
103.499760389328,1.0465520825085848,-0.24535318842821172,1.2153072169969996,1.8229608254954994,1.0138771132012
103.59971714019775,1.0580067427315767,-0.2379268081159158,1.2013277510932863,1.8019916266399294,1.0194688995626855
103.69990921020508,1.0641911385399783,-0.2334863087865855,1.2004377107189654,1.8006565660784482,1.0198249157124137
103.79986238479614,1.0641911385399783,-0.2334863087865855,1.2004377107189654,1.8006565660784482,1.0198249157124137
103.89981651306152,1.0736895746229558,-0.2260816633078898,1.2085463022324645,1.8128194533486968,1.0165814791070142
103.99980473518372,1.085516601034152,-0.21592945263347685,1.2202562049054317,1.8303843073581476,1.0118975180378273
104.10013246536255,1.0900570583929872,-0.21175773994951563,1.2172646348738647,1.825896952310797,1.0130941460504541
104.19983792304993,1.0954375605238793,-0.20652669957290926,1.2124420237083844,1.8186630355625766,1.0150231905166462
104.30026960372925,1.1045482865253158,-0.19681076090653252,1.2171871938758672,1.8257807908138006,1.0131251224496531
104.40202522277832,1.10559178872465,-0.1956374212056476,1.195105855789855,1.7926587836847827,1.0219576576840579
104.59985518455505,1.1590768497529182,-0.01934187803447459,-1.5219164002596757,-2.2828746003895137,0.8912334398961297
104.69991731643677,1.1593720055704388,-0.009469393631272381,-1.5120335211248332,-2.26805028168725,0.8951865915500666
104.79975724220276,1.1600946518602357,0.001376413782815566,-1.4839874416073837,-2.2259811624110757,0.9064050233570465
104.89975810050964,1.1612773892211328,0.012312408059649605,-1.4577554633194896,-2.186633194979234,0.9168978146722041
105.00142645835876,1.1629252627434852,0.02283426220332262,-1.4234487956184187,-2.135173193427628,0.9306204817526325
105.1027934551239,1.1659903420465787,0.040034295820423546,-1.447688491635699,-2.1715327374535485,0.9209246033457205
105.20032215118408,1.1655381548731514,0.03762142345455961,-1.4188573278757963,-2.1282859918136943,0.9324570688496815
105.3003420829773,1.1675459732395432,0.04874791942410862,-1.4487328538250355,-2.1730992807375533,0.9205068584699858
105.39987802505493,1.1685903506664301,0.05484707356721048,-1.4862640085993255,-2.229396012898988,0.9054943965602698
105.49962759017944,1.1714364021494057,0.07686799614514704,-1.5239700878436102,-2.2859551317654154,0.8904119648625559
105.5998203754425,1.1714364021494057,0.07686799614514704,-1.5239700878436102,-2.2859551317654154,0.8904119648625559
105.70157480239868,1.1729859491279857,0.08653279476241804,-1.49811615399773,-2.247174230996595,0.900753538400908
105.79999113082886,1.1746468178492981,0.09595212043337861,-1.5375892834480427,-2.306383925172064,0.8849642866207829
105.90012550354004,1.1757263174332382,0.10524424422818068,-1.6153743417914879,-2.423061512687232,0.8538502632834049
105.9997889995575,1.1762033381292196,0.124248654958287,-1.7321745344752828,-2.5982618017129244,0.8071301862098869
106.10163187980652,1.1759737377532447,0.13402132419203708,-1.7543292288315726,-2.631493843247359,0.798268308467371
106.19990396499634,1.1759737377532447,0.13402132419203708,-1.7543292288315726,-2.631493843247359,0.798268308467371
106.29974842071533,1.1761026104892498,0.15258820509875573,-1.7445342508615698,-2.6168013762923548,0.802186299655372
106.39971232414246,1.1763966975626476,0.16238418122913445,-1.725626058762865,-2.5884390881442974,0.809749576494854
106.49979138374329,1.1769992309777728,0.17204621494080027,-1.6974880233811325,-2.5462320350716987,0.821004790647547
106.60278224945068,1.1779051953082993,0.18179727287276953,-1.6823915099715692,-2.523587264957354,0.8270433960113723
106.699786901474,1.1779051953082993,0.18179727287276953,-1.6823915099715692,-2.523587264957354,0.8270433960113723
106.79985737800598,1.1792141139428547,0.20039920508277206,-1.7558302775349222,-2.633745416302383,0.7976678889860311
106.90265035629272,1.179351034644991,0.21845232134866982,-1.8770373477913935,-2.8155560216870903,0.7491850608834425
106.99977469444275,1.178598008226418,0.2278471554392508,-1.9541759611674248,-2.931263941751137,0.7183296155330301
107.09984254837036,1.178598008226418,0.2278471554392508,-1.9541759611674248,-2.931263941751137,0.7183296155330301
107.1997766494751,1.1764539974437038,0.24460389954442238,-2.0056297229990165,-3.008444584498525,0.6977481108003933
107.30001997947693,1.1743760342365597,0.2580005700738791,-2.007295640689649,-3.0109434610344734,0.6970817437241403
107.39982056617737,1.1743760342365597,0.2580005700738791,-2.007295640689649,-3.0109434610344734,0.6970817437241403
107.49997973442078,1.1735384234404134,0.265627522593987,-1.9696750237288576,-2.9545125355932864,0.7121299905084569
107.59970808029175,1.1729832295652314,0.27338300561751344,-1.9489355891973783,-2.9234033837960673,0.7204257643210487
107.69975543022156,1.172692890657681,0.2819841398747789,-1.913236939366136,-2.8698554090492037,0.7347052242535456
107.80258798599243,1.1729734370127596,0.2972674536823613,-1.8732053819089454,-2.809808072863418,0.7507178472364218
107.90258836746216,1.1732211255832792,0.3040132594294551,-1.908330859570836,-2.8624962893562538,0.7366676561716656
107.99994254112244,1.1732211255832792,0.3040132594294551,-1.908330859570836,-2.8624962893562538,0.7366676561716656
108.10259222984314,1.1723319806976022,0.32201976306746255,-2.056367552236652,-3.0845513283549777,0.6774529791053392
108.1998872756958,1.1691645988981978,0.33983924116311237,-2.1655124899656433,-3.248268734948465,0.6337950040137427
108.3009307384491,1.167678906620432,0.34672181704109534,-2.1834651611850444,-3.275197741777567,0.6266139355259822
108.39997911453247,1.167678906620432,0.34672181704109534,-2.1834651611850444,-3.275197741777567,0.6266139355259822
108.50048160552979,1.1654465791817488,0.35673033928913317,-2.191941895134213,-3.2879128427013193,0.6232232419463148
108.59974122047424,1.164466741554155,0.3609325725573662,-2.210762605427186,-3.316143908140779,0.6156949578291255
108.69957494735718,1.1625671050483097,0.3701270479948589,-2.15811413733231,-3.2371712059984645,0.6367543450670761
108.7997658252716,1.1625671050483097,0.3701270479948589,-2.15811413733231,-3.2371712059984645,0.6367543450670761
108.90093088150024,1.1611582450264795,0.3802180059687706,-2.1000229488940754,-3.150034423341113,0.6599908204423698
108.99984431266785,1.1605985625952042,0.38851956553541406,-2.0404257027308406,-3.060638554096261,0.6838297189076638
109.09980869293213,1.160810713618912,0.40636928395755645,-1.9764146485003444,-2.9646219727505168,0.7094341405998622
109.20300698280334,1.1609959598199975,0.40961927743191295,-1.9514015945236456,-2.9271023917854686,0.7194393621905417
109.29995036125183,1.1609959598199975,0.40961927743191295,-1.9514015945236456,-2.9271023917854686,0.7194393621905417
109.39978289604187,1.1615434450206354,0.41619927492921127,-1.9655249090056368,-2.948287363508455,0.7137900363977452
109.49973130226135,1.1613758616558836,0.43191004913309344,-2.1326970229030078,-3.1990455343545117,0.6469211908387968
109.60062742233276,1.160240702563526,0.4410907313360002,-2.1958887377428176,-3.293833106614226,0.6216445049028729
109.69984459877014,1.160240702563526,0.4410907313360002,-2.1958887377428176,-3.293833106614226,0.6216445049028729
109.79971837997437,1.1582111444509593,0.4531816199628555,-2.254850603192493,-3.38227590478874,0.5980597587230028
109.89979696273804,1.1571746314401743,0.4590433286498544,-2.216873518456098,-3.325310277684147,0.6132505926175607
110.00028109550476,1.1571746314401743,0.4590433286498544,-2.216873518456098,-3.325310277684147,0.6132505926175607
110.10053086280823,1.1555360957378042,0.47434216879951385,-2.1479820643036263,-3.2219730964554394,0.6408071742785495
110.20003271102905,1.1555360957378042,0.47434216879951385,-2.1479820643036263,-3.2219730964554394,0.6408071742785495
110.29987621307373,1.1549378889705688,0.4829184267072058,-2.1896124939595847,-3.284418740939377,0.6241550024161661
110.40265393257141,1.1534238642705354,0.49328933620256915,-2.292231359117131,-3.4383470386756962,0.5831074563531476
110.50263261795044,1.1489792408542794,0.5095901212375338,-2.448511162405377,-3.6727667436080655,0.5205955350378492
110.59993720054626,1.1489792408542794,0.5095901212375338,-2.448511162405377,-3.6727667436080655,0.5205955350378492
110.70156335830688,1.143864869015362,0.5219868473967516,-2.5732074679173196,-3.8598112018759796,0.4707170128330722
110.79977583885193,1.1431871510464084,0.5233607774682375,-2.5861952018063246,-3.879292802709487,0.4655219192774702
110.89991927146912,1.1373821396901629,0.5331331409710015,-2.7032813971043597,-4.05492209565654,0.4186874411582562
110.99974298477173,1.1373821396901629,0.5331331409710015,-2.7032813971043597,-4.05492209565654,0.4186874411582562
111.09978318214417,1.1337403269019986,0.5383316906550145,-2.7576419373210013,-4.136462905981502,0.3969432250715994
111.19973993301392,1.1306244972025303,0.5427953778249902,-2.733411995483399,-4.100117993225099,0.40663520180664037
111.2998104095459,1.129981377416696,0.5437438217309674,-2.7047228500399747,-4.057084275059962,0.41811085998401
111.39973449707031,1.1299963935434623,0.5437285382520193,-2.6825147110885847,-4.023772066632877,0.426994115564566
111.4997878074646,1.1299963935434623,0.5437285382520193,-2.6825147110885847,-4.023772066632877,0.426994115564566
111.59984040260315,1.125541571426045,0.5520702995568277,-2.565345656648999,-3.8480184849734984,0.4738617373404004
111.69987058639526,1.1226644153605112,0.5589772060052474,-2.4900196897103797,-3.7350295345655695,0.503992124115848
111.80126190185547,1.120548161038432,0.5662806814352112,-2.382822820627237,-3.5742342309408555,0.5468708717491052
111.8997790813446,1.120548161038432,0.5662806814352112,-2.382822820627237,-3.5742342309408555,0.5468708717491052
112.00084042549133,1.1186016376710655,0.5770422533786648,-2.2694499351627657,-3.4041749027441486,0.5922200259348936
112.09980082511902,1.1182521848814453,0.580619408016612,-2.2314866594283824,-3.3472299891425736,0.607405336228647
112.2002625465393,1.1182912238523086,0.5800481649700809,-2.222074462877196,-3.333111694315794,0.6111702148491216
112.30354523658752,1.1182912238523086,0.5800481649700809,-2.222074462877196,-3.333111694315794,0.6111702148491216
112.40015244483948,1.1167681284858517,0.5929561158202864,-2.3071798656955,-3.4607697985432497,0.5771280537218
112.49969983100891,1.1154174881921977,0.6017280241463777,-2.319131358750785,-3.4786970381261777,0.5723474564996859
112.59983229637146,1.1154174881921977,0.6017280241463777,-2.319131358750785,-3.4786970381261777,0.5723474564996859
112.70130348205566,1.1141551840239916,0.6104189141237771,-2.2919410182132776,-3.4379115273199163,0.5832235927146889
112.80012035369873,1.1141551840239916,0.6104189141237771,-2.2919410182132776,-3.4379115273199163,0.5832235927146889
112.90007400512695,1.113357708170954,0.6190791077221915,-2.248754964166659,-3.373132446249988,0.6004980143333364
112.99992680549622,1.1124292316325797,0.6308504387633117,-2.300309729163062,-3.450464593744593,0.5798761083347752
113.10012125968933,1.1124292316325797,0.6308504387633117,-2.300309729163062,-3.450464593744593,0.5798761083347752
113.20356225967407,1.111230978852081,0.6417121097460338,-2.273442567491924,-3.410163851237886,0.5906229730032304
113.29990196228027,1.111230978852081,0.6417121097460338,-2.273442567491924,-3.410163851237886,0.5906229730032304
113.39979434013367,1.1108373670338592,0.6486093852973667,-2.244465059355325,-3.3666975890329875,0.60221397625787
113.50248098373413,1.1109005414243072,0.6476750765155037,-2.2890599243961502,-3.433589886594225,0.5843760302415398
113.59975075721741,1.1089262660525152,0.6642673770239161,-2.3874313896297554,-3.581147084444633,0.5450274441480978
113.6997561454773,1.1089262660525152,0.6642673770239161,-2.3874313896297554,-3.581147084444633,0.5450274441480978
113.7998833656311,1.1091244708443022,0.6632158989740708,-2.4046597886835017,-3.606989683025253,0.5381360845265992
113.90257978439331,1.1079577016640476,0.6697242412857679,-2.39821022080251,-3.597315331203765,0.540715911678996
113.99988603591919,1.1067979201517497,0.674349775032664,-2.498070092095494,-3.747105138143241,0.5007719631618023
114.09975743293762,1.1067979201517497,0.674349775032664,-2.498070092095494,-3.747105138143241,0.5007719631618023
114.20032358169556,1.1062313300359536,0.6761736676101168,-2.539327458094554,-3.8089911871418307,0.4842690167621784
114.29994344711304,1.103647475704327,0.6833869329830475,-2.576337152415045,-3.864505728622568,0.4694651390339819
114.39963865280151,1.1021321529678705,0.6873738710610477,-2.593208749635252,-3.8898131244528775,0.46271650014589927
114.49983334541321,1.1021321529678705,0.6873738710610477,-2.593208749635252,-3.8898131244528775,0.46271650014589927
114.60023307800293,1.1003927286216146,0.6916371904532181,-2.6079654505109024,-3.9119481757663537,0.45681381979563906
114.69981002807617,1.0997476089016518,0.6932463314839918,-2.6087039935043643,-3.9130559902565465,0.45651840259825427
114.79971313476562,1.0991322733278712,0.6946948534533218,-2.6107916954945924,-3.9161875432418887,0.455683321802163
114.89981818199158,1.0979232208159886,0.6980857854991677,-2.5552215029465435,-3.8328322544198152,0.47791139882138256
115.00257062911987,1.0963548636890033,0.7030914191265404,-2.5371784943251,-3.80576774148765,0.4851286022699599
